id,engine_version,market,symbol,direction,trigger_date,grade,stage,template,rs_rank,mansfield,regime,pivot,entry,base_len,depth,vol_ratio,first_seen_utc,source,status,status_date,sessions,ret_5,bench_5,ret_21,bench_21,ret_63,bench_63,r_21
639,0.1.0,NSE,JSWSTEEL.NS,down,2026-10-08,A,3,4,52.0,2.87,Weak,1212.199951171875,1175.199951171875,64,0.11450260222659003,2.4389580071915695,2026-10-08T16:38:03+00:00,replay,Active,2026-10-08,0.0,,,,,,,
915,0.1.0,NSE,PHOENIXLTD.NS,down,2026-10-08,W,2,4,49.0,4.97,Weak,1820.199951171875,1771.199951171875,15,0.11833866069240595,1.8544733618745988,2026-10-08T16:38:03+00:00,replay,Active,2026-10-08,0.0,,,,,,,
1229,0.1.0,NSE,THYROCARE.NS,down,2026-10-08,W,2,6,68.0,13.39,Weak,505.5,501.0,61,0.3095944609297725,1.756223756184897,2026-10-08T16:38:03+00:00,replay,Active,2026-10-08,0.0,,,,,,,
424,0.1.0,NSE,GLAND.NS,up,2026-10-07,B,2,8,90.0,45.99,Weak,3042.0,3150.60009765625,20,0.08938551295849595,1.9640675571256916,2026-10-08T16:38:03+00:00,replay,Active,2026-10-08,1.0,,,,,,,
965,0.1.0,NSE,PTCIL.NS,up,2026-10-07,B,2,8,88.0,28.53,Weak,24125.0,24685.0,21,0.12157136215713615,3.453980263138488,2026-10-08T16:38:03+00:00,replay,Active,2026-10-08,1.0,,,,,,,
88,0.1.0,NSE,ARFIN.NS,up,2026-10-07,C,2,7,87.0,16.4,Weak,98.73023488970976,103.05999755859375,20,0.2229095229872764,7.833338988102434,2026-10-08T16:38:03+00:00,replay,Extended,2026-10-08,1.0,,,,,,,
608,0.1.0,NSE,JAMNAAUTO.NS,up,2026-10-07,C,3,7,77.0,13.79,Weak,147.17180377046884,151.77000427246094,41,0.26852950535507425,4.694230925498545,2026-10-08T16:38:03+00:00,replay,Active,2026-10-08,1.0,,,,,,,
975,0.1.0,NSE,RAJOOENG.NS,up,2026-10-07,C,4,3,56.0,-9.1,Weak,58.92951593011544,62.369998931884766,52,0.27047955131859314,13.610784619331875,2026-10-08T16:38:03+00:00,replay,Active,2026-10-08,1.0,,,,,,,
189,0.1.0,NSE,BHEL.NS,up,2026-10-06,B,2,8,90.0,34.26,Weak,446.5,452.0,55,0.12895069532237668,3.1093020849212305,2026-10-08T16:38:03+00:00,replay,Failed,2026-10-08,2.0,,,,,,,
395,0.1.0,NSE,FINEORG.NS,up,2026-10-06,B,2,8,72.0,16.39,Weak,5387.5,5537.0,31,0.0844404186795491,2.6718198622080322,2026-10-08T16:38:03+00:00,replay,Active,2026-10-08,2.0,,,,,,,
678,0.1.0,NSE,KMEW.NS,up,2026-10-06,B,2,8,95.0,60.4,Weak,3175.0,3202.300048828125,21,0.2757151790859931,2.169234997821953,2026-10-08T16:38:03+00:00,replay,Active,2026-10-08,2.0,,,,,,,
787,0.1.0,NSE,MOTILALOFS.NS,up,2026-10-06,B,2,8,77.0,19.33,Weak,1060.199951171875,1081.1500244140625,18,0.10002071446343863,1.698651591170564,2026-10-08T16:38:03+00:00,replay,Failed,2026-10-08,2.0,,,,,,,
781,0.1.0,NSE,MOBIKWIK.NS,up,2026-10-06,C,4,4,67.0,-2.5,Weak,238.8000030517578,242.13999938964844,57,0.2974030545433324,28.512763941275132,2026-10-08T16:38:03+00:00,replay,Active,2026-10-08,2.0,,,,,,,
757,0.1.0,NSE,MARINE.NS,up,2026-10-05,B,2,8,98.0,84.07,Weak,449.66979114957604,469.1499938964844,20,0.2751164013392,3.379913866869869,2026-10-08T16:38:03+00:00,replay,Active,2026-10-08,3.0,,,,,,,
717,0.1.0,NSE,LOKESHMACH.NS,up,2026-10-01,B,2,8,95.0,73.85,Weak,385.79998779296875,400.79998779296875,19,0.20940435044817796,25.442005664693074,2026-10-08T16:38:03+00:00,replay,Extended,2026-10-08,4.0,,,,,,,
981,0.1.0,NSE,RAMRAT.NS,up,2026-10-01,B,2,8,95.0,71.13,Weak,602.4500122070312,616.5499877929688,23,0.20465907789317295,2.6035551871099623,2026-10-08T16:38:03+00:00,replay,Active,2026-10-08,4.0,,,,,,,
292,0.1.0,NSE,CUPID.NS,up,2026-09-30,B,2,8,99.0,108.79,Weak,299.0,311.6499938964844,32,0.2717451372710151,2.611693780315556,2026-10-08T16:38:03+00:00,replay,Extended,2026-10-08,5.0,0.1444,-0.0207,,,,,
56,0.1.0,NSE,ALICON.NS,up,2026-09-30,C,1,6,75.0,1.49,Weak,778.7834540283558,869.7999877929688,34,0.20744226599915017,21.342047668854054,2026-10-08T16:38:03+00:00,replay,Extended,2026-10-08,5.0,-0.0124,-0.0207,,,,,
206,0.1.0,NSE,BOSCH-HCIL.NS,up,2026-09-29,B,2,8,84.0,24.91,Weak,1891.300048828125,1934.4000244140625,15,0.15916896122097857,3.850403523803297,2026-10-08T16:38:03+00:00,replay,Active,2026-10-08,6.0,0.0071,-0.0019,,,,,
329,0.1.0,NSE,DPABHUSHAN.NS,up,2026-09-29,C,2,6,88.0,15.34,Weak,1568.300048828125,1665.800048828125,25,0.21573647195978674,14.297776943671431,2026-10-08T16:38:03+00:00,replay,Extended,2026-10-08,6.0,0.3583,-0.0019,,,,,
1350,0.1.0,NSE,YESBANK.NS,down,2026-09-28,A,3,3,44.0,4.36,Weak,21.81999969482422,21.18000030517578,17,0.1044913253223525,1.9469976236445274,2026-10-08T16:38:03+00:00,replay,Extended,2026-10-08,7.0,-0.0151,-0.0013,,,,,
164,0.1.0,NSE,BANKINDIA.NS,down,2026-09-28,B,4,1,41.0,-1.3,Weak,134.00999450683594,129.99000549316406,57,0.11431988621891387,1.6500363976310808,2026-10-08T16:38:03+00:00,replay,Active,2026-10-08,7.0,0.0167,-0.0013,,,,,
46,0.1.0,NSE,AETHER.NS,up,2026-09-25,B,2,8,94.0,58.11,Weak,1717.0,1767.0,19,0.10581571069421503,6.050662921672484,2026-10-08T16:38:03+00:00,replay,Failed,2026-10-05,5.0,-0.06,-0.028,,,,,
1013,0.1.0,NSE,ROLEXRINGS.NS,up,2026-09-25,B,2,8,86.0,44.78,Weak,189.39999389648438,195.35000610351562,24,0.17830028259230812,1.8204006903093712,2026-10-08T16:38:03+00:00,replay,Failed,2026-10-07,7.0,-0.0286,-0.028,,,,,
1031,0.1.0,NSE,SALSTEEL.NS,up,2026-09-24,B,2,8,97.0,66.55,Weak,86.25,89.2699966430664,15,0.2758876027640529,1.9196364020856584,2026-10-08T16:38:03+00:00,replay,Active,2026-10-08,9.0,0.1081,-0.0308,,,,,
1127,0.1.0,NSE,SOUTHBANK.NS,up,2026-09-24,B,2,8,81.0,14.9,Weak,49.41417107532308,49.900001525878906,56,0.16019532756031052,5.512790160023996,2026-10-08T16:38:03+00:00,replay,Failed,2026-10-01,5.0,-0.0493,-0.0308,,,,,
721,0.1.0,NSE,LTF.NS,down,2026-09-24,W,2,3,47.0,9.88,Weak,285.70001220703125,282.0,65,0.18515922868827395,8.073876877915465,2026-10-08T16:38:03+00:00,replay,Extended,2026-10-08,9.0,-0.0626,-0.0308,,,,,
937,0.1.0,NSE,POLICYBZR.NS,down,2026-09-24,W,2,1,4.0,5.84,Weak,1502.0999755859375,1207.199951171875,43,0.26815794912119695,20.69857112962082,2026-10-08T16:38:03+00:00,replay,Extended,2026-10-08,9.0,-0.1882,-0.0308,,,,,
654,0.1.0,NSE,KDDL.NS,up,2026-09-23,B,2,8,92.0,42.78,Weak,4147.172141618966,4251.89990234375,34,0.18390314881895842,3.222476078792137,2026-10-08T16:38:03+00:00,replay,Failed,2026-09-28,3.0,-0.0858,-0.0376,,,,,
914,0.1.0,NSE,PGIL.NS,up,2026-09-23,B,2,8,90.0,36.03,Weak,1269.800048828125,1300.800048828125,32,0.15226864684947827,2.7164317861491187,2026-10-08T16:38:03+00:00,replay,Faded,2026-10-08,10.0,-0.0144,-0.0376,,,,,
1073,0.1.0,NSE,SHANTIGOLD.NS,up,2026-09-23,B,2,8,83.0,19.0,Weak,280.75,288.07000732421875,21,0.20281905486116725,6.7471383025533544,2026-10-08T16:38:03+00:00,replay,Confirmed,2026-10-08,10.0,0.0713,-0.0376,,,,,
1234,0.1.0,NSE,TI.NS,up,2026-09-23,B,2,8,82.0,23.96,Weak,593.4101250631628,601.5,20,0.18527940137328303,1.6335081218995244,2026-10-08T16:38:03+00:00,replay,Failed,2026-09-28,3.0,-0.1012,-0.0376,,,,,
11,0.1.0,NSE,AARTIPHARM.NS,up,2026-09-23,C,2,7,75.0,12.74,Weak,930.3444407675402,940.0999755859375,30,0.2161365238791375,3.618089521482619,2026-10-08T16:38:03+00:00,replay,Failed,2026-10-08,10.0,0.0145,-0.0376,,,,,
936,0.1.0,NSE,POLICYBZR.NS,up,2026-09-23,C,2,6,60.0,5.84,Weak,1875.0,1886.300048828125,19,0.09642712517878516,1.9192475682736077,2026-10-08T16:38:03+00:00,replay,Failed,2026-09-24,1.0,-0.436,-0.0376,,,,,
1332,0.1.0,NSE,WHIRLPOOL.NS,up,2026-09-23,C,1,2,36.0,-20.82,Weak,853.5956908179593,865.25,18,0.2090590521500839,23.971443000158228,2026-10-08T16:38:03+00:00,replay,Failed,2026-10-08,10.0,0.0289,-0.0376,,,,,
89,0.1.0,NSE,ARIHANTCAP.NS,up,2026-09-22,C,4,5,64.0,0.11,Weak,84.27789956406664,90.98999786376953,40,0.1616438396106925,20.065315544988607,2026-10-08T16:38:03+00:00,replay,Confirmed,2026-10-07,10.0,-0.0045,-0.0304,,,,,
868,0.1.0,NSE,OPTIEMUS.NS,up,2026-09-22,C,2,7,89.0,21.15,Weak,661.0,708.9000244140625,35,0.2322892802289569,27.098100901359615,2026-10-08T16:38:03+00:00,replay,Confirmed,2026-10-07,10.0,0.1231,-0.0304,,,,,
229,0.1.0,NSE,CARYSIL.NS,down,2026-09-21,W,2,6,57.0,17.08,Weak,1080.3034344115445,1064.9000244140625,52,0.1826239697725247,1.7743875257305657,2026-10-08T16:38:03+00:00,replay,Faded,2026-10-06,10.0,-0.025,-0.0275,,,,,
72,0.1.0,NSE,APARINDS.NS,up,2026-09-18,B,2,8,94.0,64.69,Weak,18401.11382486979,18858.0,26,0.148992433647817,1.8337745984321179,2026-10-08T16:38:03+00:00,replay,Failed,2026-09-24,4.0,-0.0574,-0.0104,,,,,
443,0.1.0,NSE,GODIGIT.NS,down,2026-09-18,B,4,0,5.0,-23.88,Weak,244.1999969482422,239.0,37,0.1912366811296078,5.025167318360193,2026-10-08T16:38:03+00:00,replay,Failed,2026-09-25,5.0,0.0615,-0.0104,,,,,
736,0.1.0,NSE,MACPOWER.NS,up,2026-09-18,B,2,8,98.0,90.18,Weak,2048.366377846041,2104.5,17,0.1825230548357144,4.7920874609973785,2026-10-08T16:38:03+00:00,replay,Failed,2026-09-21,1.0,-0.02,-0.0104,,,,,
969,0.1.0,NSE,PVRINOX.NS,up,2026-09-18,B,2,8,81.0,26.72,Weak,1284.5,1324.699951171875,17,0.14106782954268682,1.8469669608516193,2026-10-08T16:38:03+00:00,replay,Failed,2026-09-28,6.0,-0.0529,-0.0104,,,,,
1187,0.1.0,NSE,TALBROAUTO.NS,up,2026-09-18,B,2,8,91.0,50.92,Weak,451.0088983272933,476.70001220703125,28,0.14474017464761113,9.300237435957271,2026-10-08T16:38:03+00:00,replay,Failed,2026-09-29,7.0,-0.0406,-0.0104,,,,,
789,0.1.0,NSE,MOTISONS.NS,up,2026-09-17,C,2,6,71.0,8.92,Weak,17.700000762939453,17.940000534057617,17,0.17842877653112987,5.150035458343135,2026-10-08T16:38:03+00:00,replay,Faded,2026-10-01,10.0,0.0474,-0.0045,,,,,
1216,0.1.0,NSE,TEGA.NS,up,2026-09-17,C,4,4,49.0,-1.49,Weak,1846.8519885310498,1920.0,64,0.25526136325098436,18.011100191594213,2026-10-08T16:38:03+00:00,replay,Confirmed,2026-10-01,10.0,0.074,-0.0045,,,,,
500,0.1.0,NSE,HEIDELBERG.NS,down,2026-09-16,C,1,0,28.0,-5.4,Weak,142.84261555239152,141.1999969482422,62,0.09542935066269798,2.1900672140580437,2026-10-08T16:38:03+00:00,replay,Faded,2026-09-30,10.0,0.0027,0.0179,,,,,
262,0.1.0,NSE,COCHINSHIP.NS,down,2026-09-15,C,1,0,24.0,-10.7,Weak,1355.074841267816,1323.5103759765625,37,0.1631285026860454,1.5388836183148176,2026-10-08T16:38:03+00:00,replay,Failed,2026-09-18,3.0,0.0494,0.0141,,,,,
366,0.1.0,NSE,EMUDHRA.NS,up,2026-09-15,C,1,5,69.0,-4.62,Weak,565.0,592.8499755859375,19,0.15541922290388555,5.39412498179871,2026-10-08T16:38:03+00:00,replay,Confirmed,2026-09-29,10.0,0.0951,0.0141,,,,,
1211,0.1.0,NSE,TDPOWERSYS.NS,up,2026-09-11,B,2,8,97.0,68.21,Weak,798.8499755859375,804.9000244140625,18,0.1138454573190062,1.6129091148338415,2026-10-08T16:38:03+00:00,replay,Failed,2026-09-15,1.0,-0.0716,-0.0003,,,,,
848,0.1.0,NSE,NRBBEARING.NS,up,2026-09-10,B,2,8,92.0,39.83,Weak,503.8999938964844,515.9500122070312,16,0.1421123752372686,3.2276182307177783,2026-10-08T16:38:03+00:00,replay,Failed,2026-09-15,2.0,0.0185,-0.0049,,,,,
247,0.1.0,NSE,CHENNPETRO.NS,up,2026-09-09,B,2,8,94.0,49.29,Weak,1489.699951171875,1604.4000244140625,15,0.1242170240876761,4.042755395767518,2026-10-08T16:38:03+00:00,replay,Failed,2026-09-17,5.0,-0.1186,-0.0132,,,,,
360,0.1.0,NSE,ELLEN.NS,up,2026-09-09,B,1,4,68.0,3.74,Weak,343.95001220703125,355.04998779296875,18,0.11545323625375392,4.977357916239968,2026-10-08T16:38:03+00:00,replay,Confirmed,2026-09-24,10.0,0.0449,-0.0132,,,,,
562,0.1.0,NSE,INDNIPPON.NS,up,2026-09-09,B,2,8,91.0,28.62,Weak,1278.199951171875,1313.300048828125,36,0.23605065404592684,29.58268681873008,2026-10-08T16:38:03+00:00,replay,Failed,2026-09-21,7.0,-0.039,-0.0132,,,,,
634,0.1.0,NSE,JSL.NS,up,2026-09-09,C,4,3,54.0,-2.09,Weak,752.8429758154451,783.2999877929688,16,0.08159326056818883,13.179584674632041,2026-10-08T16:38:03+00:00,replay,Failed,2026-09-15,3.0,-0.0751,-0.0132,,,,,
906,0.1.0,NSE,PFIZER.NS,down,2026-09-09,C,1,1,18.0,-4.56,Weak,4290.491591019992,4171.0,52,0.20009558130282046,2.947477071426662,2026-10-08T16:38:03+00:00,replay,Confirmed,2026-09-24,10.0,-0.0374,-0.0132,,,,,
1046,0.1.0,NSE,SARDAEN.NS,up,2026-09-09,C,3,4,45.0,-4.01,Weak,540.4266194815406,545.8499755859375,19,0.10403803775595621,6.7376166131534605,2026-10-08T16:38:03+00:00,replay,Failed,2026-09-11,2.0,-0.0713,-0.0132,,,,,
776,0.1.0,NSE,MIDHANI.NS,up,2026-09-08,B,2,8,74.0,11.0,Weak,455.22536767744657,475.56396484375,18,0.14493485476371903,35.233812105269195,2026-10-08T16:38:03+00:00,replay,Failed,2026-09-15,4.0,-0.163,-0.0248,,,,,
1014,0.1.0,NSE,ROSSTECH.NS,up,2026-09-08,B,2,8,87.0,39.27,Weak,1171.739549275122,1217.729248046875,15,0.13483415986228997,1.6970440983539297,2026-10-08T16:38:03+00:00,replay,Confirmed,2026-09-23,10.0,0.1083,-0.0248,,,,,
1279,0.1.0,NSE,UNIMECH.NS,up,2026-09-08,B,2,8,91.0,44.54,Weak,1555.0,1629.5999755859375,17,0.09414582987974196,4.625213706577114,2026-10-08T16:38:03+00:00,replay,Faded,2026-09-23,10.0,-0.0698,-0.0248,,,,,
1302,0.1.0,NSE,VENUSPIPES.NS,up,2026-09-08,B,2,8,90.0,22.28,Weak,1874.4121058372218,1949.9000244140625,45,0.22781738673928142,8.552789131277688,2026-10-08T16:38:03+00:00,replay,Confirmed,2026-09-23,10.0,-0.0061,-0.0248,,,,,
1330,0.1.0,NSE,WHEELS.NS,up,2026-09-08,B,2,8,98.0,54.33,Weak,1808.0,2106.39990234375,50,0.3472429210134129,28.512971212780123,2026-10-08T16:38:03+00:00,replay,Confirmed,2026-09-23,10.0,0.0019,-0.0248,,,,,
1237,0.1.0,NSE,TIINDIA.NS,down,2026-09-08,W,2,3,20.0,-5.13,Weak,2664.148135148484,2638.699951171875,28,0.12193461037909237,1.6101099054798933,2026-10-08T16:38:03+00:00,replay,Faded,2026-09-23,10.0,-0.0273,-0.0248,,,,,
38,0.1.0,NSE,AEROENTER.NS,up,2026-09-07,B,2,8,94.0,46.85,Weak,149.1179264567163,154.72999572753906,53,0.29705116565513867,4.403228895133736,2026-10-08T16:38:03+00:00,replay,Failed,2026-09-09,2.0,-0.2443,-0.0293,-0.1892,-0.0665,,,-2.9
235,0.1.0,NSE,CENTUM.NS,up,2026-09-07,B,2,8,90.0,30.0,Weak,3968.800048828125,4376.89990234375,20,0.21925591525918242,17.158893073391773,2026-10-08T16:38:03+00:00,replay,Confirmed,2026-09-22,10.0,-0.0837,-0.0293,-0.0536,-0.0665,,,-0.45
880,0.1.0,NSE,PAISALO.NS,up,2026-09-07,B,2,8,96.0,59.68,Weak,77.29681291713506,79.31438446044922,36,0.19061531546096933,2.127977212182771,2026-10-08T16:38:03+00:00,replay,Confirmed,2026-09-22,10.0,0.065,-0.0293,0.0229,-0.0665,,,0.42
1141,0.1.0,NSE,STAR.NS,up,2026-09-07,B,2,8,76.0,9.95,Weak,1144.4411907797362,1178.800048828125,53,0.2288641745737352,7.977919949024652,2026-10-08T16:38:03+00:00,replay,Confirmed,2026-09-22,10.0,-0.0239,-0.0293,-0.0708,-0.0665,,,-1.22
1183,0.1.0,NSE,SYRMA.NS,up,2026-09-07,B,2,8,95.0,47.53,Weak,1541.423280918013,1634.800048828125,19,0.10686723247245355,10.406419321327519,2026-10-08T16:38:03+00:00,replay,Faded,2026-09-22,10.0,-0.0777,-0.0293,0.0282,-0.0665,,,0.33
1338,0.1.0,NSE,WOCKPHARMA.NS,up,2026-09-07,B,2,8,85.0,34.64,Weak,2120.0,2208.0,56,0.1827716866345337,5.9588536718811405,2026-10-08T16:38:03+00:00,replay,Failed,2026-09-16,6.0,-0.0652,-0.0293,-0.0808,-0.0665,,,-1.18
1133,0.1.0,NSE,SPLPETRO.NS,up,2026-09-07,C,2,6,68.0,9.93,Weak,783.7999877929688,802.5,29,0.14951971233763262,4.166801743025332,2026-10-08T16:38:03+00:00,replay,Confirmed,2026-09-22,10.0,-0.0164,-0.0293,-0.0235,-0.0665,,,-0.45
658,0.1.0,NSE,KEI.NS,down,2026-09-07,W,2,4,43.0,3.78,Weak,4745.5,4704.0,27,0.24307238436413448,2.5619142036797684,2026-10-08T16:38:03+00:00,replay,Confirmed,2026-09-22,10.0,-0.0434,-0.0293,-0.0264,-0.0665,,,0.67
837,0.1.0,NSE,NIACL.NS,up,2026-09-04,B,2,8,87.0,37.42,Weak,216.21914184904352,229.91000366210938,53,0.33666635256905963,20.553350532897007,2026-10-08T16:38:03+00:00,replay,Failed,2026-09-08,2.0,-0.1371,-0.0167,-0.3072,-0.0514,,,-3.5
1107,0.1.0,NSE,SMLMAH.NS,up,2026-09-04,B,2,8,94.0,58.17,Weak,5987.89990234375,6298.5,25,0.18326250416831336,2.371288448099191,2026-10-08T16:38:03+00:00,replay,Faded,2026-09-21,10.0,0.0452,-0.0167,-0.0323,-0.0514,,,-0.42
239,0.1.0,NSE,CGCL.NS,up,2026-09-03,B,2,8,87.0,29.76,Weak,264.33526796635914,271.5,39,0.21903225136784998,2.259337146283827,2026-10-08T16:38:03+00:00,replay,Failed,2026-09-15,7.0,0.0028,-0.013,-0.0907,-0.0452,,,-1.63
345,0.1.0,NSE,EDELWEISS.NS,up,2026-09-03,B,2,8,70.0,8.0,Weak,132.43115290231702,133.28172302246094,51,0.18129688049946102,3.6966050614254886,2026-10-08T16:38:03+00:00,replay,Failed,2026-09-15,7.0,0.0147,-0.013,0.0169,-0.0452,,,0.47
1166,0.1.0,NSE,SURAJEST.NS,down,2026-09-03,B,4,0,8.0,-16.56,Weak,182.0,177.8000030517578,61,0.22527472527472536,3.7406446644351403,2026-10-08T16:38:03+00:00,replay,Failed,2026-09-18,10.0,-0.0045,-0.013,0.156,-0.0452,,,-2.87
308,0.1.0,NSE,DEEPAKFERT.NS,down,2026-09-03,W,2,6,48.0,7.35,Weak,1366.9761028385326,1355.9000244140625,65,0.22139070699528784,2.329941743892898,2026-10-08T16:38:03+00:00,replay,Confirmed,2026-09-18,10.0,-0.015,-0.013,0.0219,-0.0452,,,-0.57
69,0.1.0,NSE,ANTELOPUS.NS,up,2026-09-02,B,2,8,93.0,25.62,Weak,933.6500244140625,951.1500244140625,61,0.2944887686850086,91.16996325844917,2026-10-08T16:38:03+00:00,replay,Confirmed,2026-09-17,10.0,0.2295,-0.0114,0.1601,-0.0539,,,3.35
255,0.1.0,NSE,CLEAN.NS,up,2026-09-02,C,4,3,46.0,-3.86,Weak,850.3932128621566,859.1021728515625,51,0.19413001420838394,3.049329160573171,2026-10-08T16:38:03+00:00,replay,Failed,2026-09-15,8.0,-0.0389,-0.0114,-0.069,-0.0539,,,-1.73
1139,0.1.0,NSE,SSWL.NS,up,2026-09-01,B,2,8,95.0,30.15,Weak,327.0496683191433,355.7810363769531,21,0.1408719731791408,22.71768781766185,2026-10-08T16:38:03+00:00,replay,Confirmed,2026-09-16,10.0,0.0444,-0.01,0.0984,-0.0635,,,0.91
318,0.1.0,NSE,DIFFNKG.NS,up,2026-08-31,A,2,8,92.0,21.86,Healthy,452.20487592212834,485.5,16,0.27231954864889896,42.37125698783945,2026-10-08T16:38:03+00:00,replay,Failed,2026-09-15,10.0,-0.0641,-0.0125,-0.0963,-0.0588,,,-1.0
432,0.1.0,NSE,GMRAIRPORT.NS,down,2026-08-31,A,3,3,33.0,-1.97,Healthy,95.47000122070312,93.62999725341797,63,0.2112705343149337,3.5835991709789825,2026-10-08T16:38:03+00:00,replay,Failed,2026-09-09,7.0,0.0247,-0.0125,0.0162,-0.0588,,,-0.32
1245,0.1.0,NSE,TMB.NS,up,2026-08-31,A,2,8,93.0,40.09,Healthy,917.0,932.5999755859375,25,0.13356818859323538,1.9303601414687017,2026-10-08T16:38:03+00:00,replay,Failed,2026-09-15,10.0,0.0041,-0.0125,-0.0657,-0.0588,,,-1.42
362,0.1.0,NSE,EMAMILTD.NS,down,2026-08-31,B,4,0,8.0,-20.25,Healthy,376.3999938964844,364.0,59,0.1556854597602133,2.9172170295558004,2026-10-08T16:38:03+00:00,replay,Faded,2026-09-15,10.0,0.0098,-0.0125,0.0413,-0.0588,,,-0.64
831,0.1.0,NSE,NETWORK18.NS,down,2026-08-31,B,4,0,5.0,-26.0,Healthy,27.780000686645508,27.229999542236328,26,0.1403887516966511,5.416599177482835,2026-10-08T16:38:03+00:00,replay,Faded,2026-09-15,10.0,0.0151,-0.0125,-0.0499,-0.0588,,,0.98
987,0.1.0,NSE,RAYMONDLSL.NS,down,2026-08-31,B,4,0,5.0,-26.67,Healthy,677.0,662.75,20,0.13589364844903984,2.0107581128561254,2026-10-08T16:38:03+00:00,replay,Faded,2026-09-15,10.0,0.0153,-0.0125,-0.0312,-0.0588,,,0.6
242,0.1.0,NSE,CHAMBLFERT.NS,down,2026-08-31,C,1,1,19.0,-8.92,Healthy,419.4514737833905,409.54998779296875,26,0.09656547824638007,2.6062689565355535,2026-10-08T16:38:03+00:00,replay,Confirmed,2026-09-15,10.0,0.0208,-0.0125,-0.0007,-0.0588,,,0.01
28,0.1.0,NSE,ADANIENSOL.NS,down,2026-08-31,W,2,7,78.0,32.21,Healthy,1445.0,1417.4000244140625,62,0.23806228373702432,14.353375568657977,2026-10-08T16:38:03+00:00,replay,Confirmed,2026-09-15,10.0,-0.019,-0.0125,-0.0725,-0.0588,,,1.45
640,0.1.0,NSE,JTLIND.NS,up,2026-08-28,A,2,8,83.0,28.18,Healthy,87.07834195871237,89.74462127685547,39,0.24393720389694695,6.3776445291138,2026-10-08T16:38:03+00:00,replay,Confirmed,2026-09-11,10.0,0.02,-0.0117,-0.0096,-0.0607,,,-0.16
1090,0.1.0,NSE,SHYAMMETL.NS,up,2026-08-28,A,2,8,72.0,21.29,Healthy,1085.2199244205422,1099.800048828125,29,0.11878342723767243,4.915507981806963,2026-10-08T16:38:03+00:00,replay,Faded,2026-09-11,10.0,-0.0314,-0.0117,-0.0235,-0.0607,,,-0.55
746,0.1.0,NSE,MANINFRA.NS,up,2026-08-28,C,4,3,41.0,2.03,Healthy,120.94999694824219,122.80999755859375,61,0.2662269807253148,4.129759181899918,2026-10-08T16:38:03+00:00,replay,Confirmed,2026-09-11,10.0,0.0162,-0.0117,0.0414,-0.0607,,,0.93
580,0.1.0,NSE,INOXINDIA.NS,up,2026-08-27,A,2,8,96.0,37.58,Healthy,2119.800048828125,2177.89990234375,26,0.16217107940138442,15.584023626938569,2026-10-08T16:38:03+00:00,replay,Faded,2026-09-10,10.0,-0.0008,-0.0097,-0.0582,-0.0532,,,-1.04
41,0.1.0,NSE,AEROFLEX.NS,up,2026-08-26,A,2,8,98.0,78.66,Healthy,521.4047569239144,536.3499755859375,46,0.31759661973964115,1.934228051756483,2026-10-08T16:38:03+00:00,replay,Confirmed,2026-09-09,10.0,0.0082,-0.0143,-0.0199,-0.0406,,,-0.35
591,0.1.0,NSE,IOLCP.NS,up,2026-08-26,A,2,8,97.0,62.18,Healthy,179.60000610351562,186.00999450683594,30,0.2511320256730316,2.9440172334863584,2026-10-08T16:38:03+00:00,replay,Confirmed,2026-09-09,10.0,0.0127,-0.0143,0.0977,-0.0406,,,1.54
534,0.1.0,NSE,IDBI.NS,up,2026-08-26,C,4,4,55.0,-10.28,Healthy,92.25,94.75,49,0.19309364154298092,3.0991771083059616,2026-10-08T16:38:03+00:00,replay,Failed,2026-09-08,9.0,-0.0338,-0.0143,-0.1092,-0.0406,,,-1.96
1053,0.1.0,NSE,SBFC.NS,up,2026-08-26,C,4,3,46.0,-6.61,Healthy,97.44999694824219,101.13999938964844,47,0.10700895489687023,12.420430858464812,2026-10-08T16:38:03+00:00,replay,Faded,2026-09-09,10.0,-0.0189,-0.0143,-0.1214,-0.0406,,,-1.86
1083,0.1.0,NSE,SHREEPUSHK.NS,up,2026-08-25,A,1,6,76.0,5.81,Healthy,446.16429585702895,452.2392883300781,32,0.21706062176421437,4.66938637918107,2026-10-08T16:38:03+00:00,replay,Confirmed,2026-09-08,10.0,0.0228,-0.0115,0.0883,-0.0449,,,2.05
890,0.1.0,NSE,PARAGMILK.NS,up,2026-08-25,C,4,3,56.0,-11.3,Healthy,245.59423272900122,248.99046325683594,58,0.2028780410872426,4.951694895543761,2026-10-08T16:38:03+00:00,replay,Failed,2026-08-28,3.0,0.0364,-0.0115,0.0378,-0.0449,,,0.87
582,0.1.0,NSE,INSECTICID.NS,down,2026-08-24,C,1,0,8.0,-12.18,Healthy,596.2000122070312,580.1500244140625,21,0.12361625410607813,5.0399941349323605,2026-10-08T16:38:03+00:00,replay,Failed,2026-09-03,8.0,0.0529,-0.0026,0.0496,-0.0245,,,-0.85
897,0.1.0,NSE,PCJEWELLER.NS,up,2026-08-24,C,1,3,55.0,-2.22,Healthy,11.0,11.119999885559082,36,0.23042511368086416,2.7271701476884433,2026-10-08T16:38:03+00:00,replay,Failed,2026-09-01,6.0,-0.0117,-0.0026,0.3013,-0.0245,,,7.44
322,0.1.0,NSE,DJML.NS,down,2026-08-24,W,2,4,34.0,16.01,Healthy,94.52351107882073,86.91999816894531,63,0.31868139222169733,5.540276847032414,2026-10-08T16:38:03+00:00,replay,Confirmed,2026-09-07,10.0,-0.1759,-0.0026,-0.1636,-0.0245,,,1.36
384,0.1.0,NSE,FCL.NS,up,2026-08-21,A,2,8,95.0,63.85,Healthy,47.131269554797946,47.381011962890625,42,0.34301157601711574,2.732063282680268,2026-10-08T16:38:03+00:00,replay,Confirmed,2026-09-04,10.0,0.0548,-0.0001,0.2112,-0.0313,,,6.02
745,0.1.0,NSE,MANGLMCEM.NS,up,2026-08-21,A,2,8,80.0,21.97,Healthy,1021.7496408800008,1027.949951171875,26,0.1862877689086877,5.868259193078153,2026-10-08T16:38:03+00:00,replay,Confirmed,2026-09-04,10.0,0.034,-0.0001,-0.0211,-0.0313,,,-0.59
58,0.1.0,NSE,ALKYLAMINE.NS,up,2026-08-21,B,2,6,69.0,19.06,Healthy,2007.0,2052.699951171875,30,0.1371748950291467,3.6083841722866676,2026-10-08T16:38:03+00:00,replay,Faded,2026-09-04,10.0,-0.0023,-0.0001,-0.092,-0.0313,,,-1.78
49,0.1.0,NSE,AGI.NS,up,2026-08-21,C,1,5,62.0,7.38,Healthy,741.1344656662961,746.6830444335938,44,0.1376426078313444,4.595084252382633,2026-10-08T16:38:03+00:00,replay,Faded,2026-09-04,10.0,0.0281,-0.0001,0.1326,-0.0313,,,3.56
288,0.1.0,NSE,CUMMINSIND.NS,down,2026-08-21,W,2,6,62.0,6.1,Healthy,5140.364433790889,5107.5,65,0.17692454105673439,1.6709521370311238,2026-10-08T16:38:03+00:00,replay,Faded,2026-09-04,10.0,0.0167,-0.0001,-0.0284,-0.0313,,,0.78
1169,0.1.0,NSE,SUVEN.NS,up,2026-08-20,A,2,8,96.0,59.68,Healthy,371.0,373.6000061035156,28,0.27710843373493965,2.3490895779082033,2026-10-08T16:38:03+00:00,replay,Faded,2026-09-03,10.0,-0.0147,-0.0013,-0.0956,-0.0278,,,-2.6
1114,0.1.0,NSE,SOLARA.NS,up,2026-08-20,C,1,5,65.0,-8.26,Healthy,620.3499755859375,640.0,47,0.3155550665782192,26.11684789669043,2026-10-08T16:38:03+00:00,replay,Faded,2026-09-03,10.0,-0.044,-0.0013,0.177,-0.0278,,,2.96
33,0.1.0,NSE,ADOR.NS,up,2026-08-19,A,2,8,93.0,39.86,Healthy,1597.0,1634.5999755859375,20,0.13908701854493577,2.238503627405192,2026-10-08T16:38:03+00:00,replay,Failed,2026-08-26,5.0,-0.0633,0.0074,-0.026,-0.0233,,,-0.5
359,0.1.0,NSE,ELGIEQUIP.NS,up,2026-08-19,A,2,8,74.0,15.8,Healthy,630.9074058526336,637.7999877929688,57,0.12106459424199789,3.6826791845644604,2026-10-08T16:38:03+00:00,replay,Failed,2026-08-25,4.0,-0.0317,0.0074,-0.0443,-0.0233,,,-1.09
398,0.1.0,NSE,FIRSTCRY.NS,down,2026-08-19,B,4,0,4.0,-26.84,Healthy,202.55999755859375,196.5,29,0.09843998164365253,1.9685628631807286,2026-10-08T16:38:03+00:00,replay,Confirmed,2026-09-02,10.0,-0.0231,0.0074,-0.1239,-0.0233,,,2.01
891,0.1.0,NSE,PARAS.NS,up,2026-08-18,A,2,8,98.0,65.33,Healthy,1442.0081271884849,1526.250244140625,41,0.25216934898619825,1.6340162811864125,2026-10-08T16:38:03+00:00,replay,Failed,2026-09-01,10.0,-0.0538,0.0059,-0.1018,-0.0348,,,-1.22
51,0.1.0,NSE,AHLUCONT.NS,down,2026-08-18,B,4,0,11.0,-6.1,Healthy,738.6577382332599,706.84619140625,55,0.19667365330972908,15.669399142370022,2026-10-08T16:38:03+00:00,replay,Confirmed,2026-09-01,10.0,-0.0791,0.0059,-0.198,-0.0348,,,2.59
266,0.1.0,NSE,COLPAL.NS,down,2026-08-18,C,1,1,20.0,-7.99,Healthy,1957.800048828125,1903.0,38,0.13055462618290292,1.8564627314759448,2026-10-08T16:38:03+00:00,replay,Confirmed,2026-09-01,10.0,-0.0138,0.0059,-0.0329,-0.0348,,,0.55
1006,0.1.0,NSE,RISHABH.NS,up,2026-08-17,A,2,8,96.0,38.42,Healthy,690.6084995263309,694.5999755859375,30,0.15679815666052077,5.441097270859179,2026-10-08T16:38:03+00:00,replay,Failed,2026-08-18,1.0,0.0071,-0.0022,0.0921,-0.0438,,,2.59
1354,0.1.0,NSE,ZAGGLE.NS,down,2026-08-17,B,4,0,1.0,-30.84,Healthy,193.00999450683594,160.47999572753906,46,0.15113206051053574,17.533560090058085,2026-10-08T16:38:03+00:00,replay,Failed,2026-08-21,4.0,0.1922,-0.0022,0.108,-0.0438,,,-0.45
382,0.1.0,NSE,EXPLEOSOL.NS,up,2026-08-17,C,4,4,58.0,0.29,Healthy,859.0732530559586,923.0499877929688,60,0.2808017781520431,86.9255833422247,2026-10-08T16:38:03+00:00,replay,Faded,2026-08-31,10.0,-0.0444,-0.0022,-0.0468,-0.0438,,,-0.48
964,0.1.0,NSE,PTCIL.NS,up,2026-08-17,C,3,7,76.0,9.39,Healthy,19851.0,20584.0,52,0.17810089020771502,16.827558024530504,2026-10-08T16:38:03+00:00,replay,Faded,2026-08-31,10.0,0.0529,-0.0022,0.0931,-0.0438,,,1.44
1001,0.1.0,NSE,REPCOHOME.NS,down,2026-08-17,C,1,2,18.0,-10.65,Healthy,349.77829691581076,346.7039794921875,49,0.24723553545731702,1.6447955290874758,2026-10-08T16:38:03+00:00,replay,Failed,2026-08-27,8.0,0.0031,-0.0022,-0.0083,-0.0438,,,0.21
1272,0.1.0,NSE,UFLEX.NS,up,2026-08-17,C,1,5,77.0,1.85,Healthy,516.7000122070312,586.0499877929688,17,0.1111828219506048,10.571163387497133,2026-10-08T16:38:03+00:00,replay,Confirmed,2026-08-31,10.0,0.0566,-0.0022,0.1014,-0.0438,,,0.7
304,0.1.0,NSE,DCW.NS,down,2026-08-14,B,4,0,8.0,-20.42,Healthy,44.30404972703601,43.85603332519531,62,0.16719102455192192,1.7698733179880262,2026-10-08T16:38:03+00:00,replay,Failed,2026-08-26,8.0,0.0154,-0.0027,0.0152,-0.0474,,,-0.38
1072,0.1.0,NSE,SHANTIGOLD.NS,up,2026-08-14,B,2,6,64.0,14.82,Healthy,242.77999877929688,247.66000366210938,58,0.18998134347195417,7.124201485768701,2026-10-08T16:38:03+00:00,replay,Faded,2026-08-28,10.0,0.0885,-0.0027,0.0009,-0.0474,,,0.02
788,0.1.0,NSE,MOTISONS.NS,up,2026-08-14,C,4,4,67.0,9.11,Healthy,16.34000015258789,16.75,42,0.2369417188041112,10.485941452062166,2026-10-08T16:38:03+00:00,replay,Faded,2026-08-28,10.0,0.0149,-0.0027,-0.0764,-0.0474,,,-1.42
1266,0.1.0,NSE,TVSSRICHAK.NS,up,2026-08-14,C,3,7,76.0,12.21,Healthy,4366.83064562174,4445.3525390625,31,0.14259737149082907,106.418698578908,2026-10-08T16:38:03+00:00,replay,Confirmed,2026-08-28,10.0,0.0895,-0.0027,0.1159,-0.0474,,,2.46
1356,0.1.0,NSE,ZEEMEDIA.NS,up,2026-08-14,C,4,3,50.0,3.43,Healthy,9.199999809265137,9.630000114440918,49,0.3352685032718019,26.805634951102412,2026-10-08T16:38:03+00:00,replay,Failed,2026-08-26,8.0,-0.026,-0.0027,-0.2451,-0.0474,,,-3.34
799,0.1.0,NSE,MUNJALAU.NS,up,2026-08-13,A,2,8,88.0,14.95,Healthy,113.98877926783568,118.33065032958984,28,0.178055497845933,26.492556560938144,2026-10-08T16:38:03+00:00,replay,Faded,2026-08-27,10.0,-0.027,-0.0061,-0.0988,-0.0335,,,-1.51
1016,0.1.0,NSE,RPEL.NS,up,2026-08-13,B,2,7,96.0,42.54,Healthy,1371.800048828125,1388.800048828125,20,0.1406004028614818,2.65900194802537,2026-10-08T16:38:03+00:00,replay,Confirmed,2026-08-27,10.0,0.1627,-0.0061,0.3286,-0.0335,,,7.85
1087,0.1.0,NSE,SHRIRAMPPS.NS,down,2026-08-13,C,1,2,23.0,-2.9,Healthy,80.4000015258789,78.01000213623047,61,0.21766168741137593,3.6109673529118,2026-10-08T16:38:03+00:00,replay,Confirmed,2026-08-27,10.0,-0.0044,-0.0061,-0.0792,-0.0335,,,1.29
1093,0.1.0,NSE,SIGACHI.NS,up,2026-08-13,C,4,3,54.0,-11.84,Healthy,26.99298327372156,27.68076515197754,15,0.09947222467924854,2.9278046830608426,2026-10-08T16:38:03+00:00,replay,Faded,2026-08-27,10.0,0.0915,-0.0061,0.3659,-0.0335,,,6.76
760,0.1.0,NSE,MARKSANS.NS,up,2026-08-12,A,2,8,93.0,35.95,Healthy,280.8249570307809,311.7396240234375,24,0.1750469670580852,23.160470854974033,2026-10-08T16:38:03+00:00,replay,Confirmed,2026-08-26,10.0,0.0461,-0.0121,0.0599,-0.0304,,,0.47
218,0.1.0,NSE,CAMLINFINE.NS,down,2026-08-12,B,4,0,2.0,-20.01,Healthy,113.5,107.94000244140625,49,0.29074889867841414,4.708253560949304,2026-10-08T16:38:03+00:00,replay,Faded,2026-08-26,10.0,-0.0166,-0.0121,-0.0405,-0.0304,,,0.49
463,0.1.0,NSE,GREENPANEL.NS,down,2026-08-12,B,4,0,5.0,-18.82,Healthy,177.73806015615406,176.66000366210938,58,0.17312012198861626,3.4883682779169836,2026-10-08T16:38:03+00:00,replay,Confirmed,2026-08-26,10.0,-0.0906,-0.0121,-0.0944,-0.0304,,,2.6
516,0.1.0,NSE,HITECH.NS,down,2026-08-12,B,4,0,17.0,-11.24,Healthy,81.11000061035156,77.75,60,0.19800268077601402,4.507008263273388,2026-10-08T16:38:03+00:00,replay,Faded,2026-08-26,10.0,-0.0089,-0.0121,-0.0045,-0.0304,,,0.06
918,0.1.0,NSE,PIIND.NS,down,2026-08-12,B,4,0,4.0,-14.81,Healthy,2517.9622610663146,2483.0,21,0.1258408461013667,7.879938692738297,2026-10-08T16:38:03+00:00,replay,Confirmed,2026-08-26,10.0,0.0089,-0.0121,-0.0475,-0.0304,,,1.07
920,0.1.0,NSE,PITTIENG.NS,up,2026-08-12,B,2,6,65.0,2.05,Healthy,1033.0405497531644,1041.8717041015625,36,0.15027774641471447,17.930978378676173,2026-10-08T16:38:03+00:00,replay,Confirmed,2026-08-26,10.0,0.0242,-0.0121,0.1219,-0.0304,,,3.19
446,0.1.0,NSE,GODREJCP.NS,down,2026-08-12,C,1,0,10.0,-8.65,Healthy,970.0406643886721,905.0,49,0.14619643820837158,24.57397916707392,2026-10-08T16:38:03+00:00,replay,Confirmed,2026-08-26,10.0,0.0276,-0.0121,-0.0388,-0.0304,,,0.37
569,0.1.0,NSE,INDSWFTLAB.NS,up,2026-08-11,A,2,8,99.0,65.78,Healthy,248.4499969482422,284.67999267578125,21,0.15558138115461473,7.800914810163296,2026-10-08T16:38:03+00:00,replay,Confirmed,2026-08-25,10.0,0.2185,-0.0088,0.3649,-0.0305,,,2.38
1012,0.1.0,NSE,ROLEXRINGS.NS,up,2026-08-11,A,2,8,82.0,15.16,Healthy,161.89999389648438,177.2899932861328,19,0.20327008713783346,25.306337403823747,2026-10-08T16:38:03+00:00,replay,Confirmed,2026-08-25,10.0,-0.0013,-0.0088,-0.0103,-0.0305,,,-0.09
730,0.1.0,NSE,LUMAXTECH.NS,up,2026-08-11,C,3,7,91.0,13.83,Healthy,1797.15964339554,2076.300048828125,50,0.3023693083778518,35.39752022709368,2026-10-08T16:38:03+00:00,replay,Confirmed,2026-08-25,10.0,-0.0297,-0.0088,-0.0413,-0.0305,,,-0.26
148,0.1.0,NSE,AZAD.NS,up,2026-08-10,A,2,8,89.0,34.72,Healthy,2530.0,2549.699951171875,20,0.12444444444444436,2.2586080685663443,2026-10-08T16:38:03+00:00,replay,Faded,2026-08-24,10.0,0.1373,-0.0075,0.1068,-0.0268,,,2.85
10,0.1.0,NSE,AARTIPHARM.NS,up,2026-08-10,C,1,4,48.0,-9.98,Healthy,796.0700465221852,821.0095825195312,65,0.32086406112096744,14.36517713421786,2026-10-08T16:38:03+00:00,replay,Confirmed,2026-08-24,10.0,0.0473,-0.0075,0.0535,-0.0268,,,0.9
211,0.1.0,NSE,BRIGADE.NS,up,2026-08-10,C,4,4,36.0,-6.32,Healthy,596.436914416944,607.7000122070312,65,0.25353437349665087,2.212044801561179,2026-10-08T16:38:03+00:00,replay,Faded,2026-08-24,10.0,-0.023,-0.0075,0.1305,-0.0268,,,2.72
905,0.1.0,NSE,PFC.NS,down,2026-08-10,W,2,4,31.0,3.08,Healthy,391.0683016767902,381.0245056152344,22,0.0858772079439305,4.563771269992319,2026-10-08T16:38:03+00:00,replay,Confirmed,2026-08-24,10.0,-0.0279,-0.0075,-0.0659,-0.0268,,,1.15
128,0.1.0,NSE,AUROPHARMA.NS,up,2026-08-07,A,2,8,82.0,25.39,Healthy,1636.800048828125,1658.0,25,0.08253971483341593,1.5957670160397448,2026-10-08T16:38:03+00:00,replay,Faded,2026-08-21,10.0,-0.0217,-0.0049,0.0012,-0.0234,,,0.03
710,0.1.0,NSE,LLOYDSENGG.NS,up,2026-08-07,A,2,8,95.0,53.18,Healthy,94.8391676152294,96.6142807006836,19,0.12040527495869835,3.4991501793314326,2026-10-08T16:38:03+00:00,replay,Failed,2026-08-13,4.0,-0.0319,-0.0049,-0.1389,-0.0234,,,-2.91
1051,0.1.0,NSE,SBCL.NS,up,2026-08-07,A,2,8,96.0,64.66,Healthy,812.3744388121021,919.0609741210938,24,0.1830535969973215,14.439340569548271,2026-10-08T16:38:03+00:00,replay,Confirmed,2026-08-21,10.0,0.1294,-0.0049,0.1883,-0.0234,,,1.32
306,0.1.0,NSE,DDEVPLSTIK.NS,up,2026-08-06,C,1,4,66.0,-6.3,Healthy,300.9185045600175,309.0783386230469,17,0.14113200176184693,4.163703291536956,2026-10-08T16:38:03+00:00,replay,Failed,2026-08-07,1.0,-0.0815,-0.003,-0.1211,-0.02,,,-2.18
480,0.1.0,NSE,HAL.NS,up,2026-08-06,C,1,5,54.0,4.02,Healthy,4826.519716832676,4910.05029296875,62,0.16571060824138129,5.904031711961662,2026-10-08T16:38:03+00:00,replay,Confirmed,2026-08-20,10.0,0.0051,-0.003,-0.011,-0.02,,,-0.24
1186,0.1.0,NSE,TALBROAUTO.NS,up,2026-08-05,A,2,8,91.0,33.83,Healthy,434.43063307923893,437.7262878417969,24,0.14263200872654003,1.8412974144404302,2026-10-08T16:38:03+00:00,replay,Failed,2026-08-11,4.0,-0.0478,-0.0027,-0.0597,-0.0203,,,-1.6
364,0.1.0,NSE,EMIL.NS,up,2026-08-05,B,2,6,78.0,7.98,Healthy,143.64999389648438,147.55999755859375,23,0.15298176514029782,10.367668751602775,2026-10-08T16:38:03+00:00,replay,Confirmed,2026-08-19,10.0,0.3121,-0.0027,0.1938,-0.0203,,,3.48
780,0.1.0,NSE,MMP.NS,up,2026-08-05,B,2,7,74.0,10.17,Healthy,318.36373503849757,327.6864013671875,64,0.27838598535338166,8.494704491956716,2026-10-08T16:38:03+00:00,replay,Confirmed,2026-08-19,10.0,0.0481,-0.0027,0.2022,-0.0203,,,3.51
783,0.1.0,NSE,MONTECARLO.NS,down,2026-08-05,B,4,0,13.0,-14.49,Healthy,498.49645964632805,482.8341064453125,38,0.11040217120847129,14.601382586051974,2026-10-08T16:38:03+00:00,replay,Failed,2026-08-18,9.0,-0.001,-0.0027,0.1268,-0.0203,,,-2.0
1178,0.1.0,NSE,SYMPHONY.NS,down,2026-08-05,B,4,0,4.0,-17.95,Healthy,650.3109906280494,643.75146484375,38,0.12042675792776247,3.3872603379022745,2026-10-08T16:38:03+00:00,replay,Faded,2026-08-19,10.0,-0.0199,-0.0027,-0.1102,-0.0203,,,2.72
205,0.1.0,NSE,BOSCH-HCIL.NS,up,2026-08-05,C,4,4,43.0,-7.97,Healthy,1499.0,1523.800048828125,59,0.20595333869670163,2.183898698184929,2026-10-08T16:38:03+00:00,replay,Confirmed,2026-08-19,10.0,0.1247,-0.0027,0.1666,-0.0203,,,3.64
804,0.1.0,NSE,MWL.NS,up,2026-08-04,A,2,8,95.0,25.88,Healthy,41.914943378432596,42.25,17,0.21492589502703185,15.991453182049833,2026-10-08T16:38:03+00:00,replay,Faded,2026-08-18,10.0,-0.0076,-0.0004,-0.0722,-0.0197,,,-1.92
989,0.1.0,NSE,RBA.NS,up,2026-08-04,B,2,7,75.0,-4.72,Healthy,81.9000015258789,84.91000366210938,27,0.28834358847019304,16.201497849454704,2026-10-08T16:38:03+00:00,replay,Confirmed,2026-08-18,10.0,0.0912,-0.0004,0.1512,-0.0197,,,2.35
171,0.1.0,NSE,BBL.NS,down,2026-08-04,C,1,1,13.0,-9.58,Healthy,2430.166265618751,2390.199951171875,55,0.22100817570478148,5.797499647908578,2026-10-08T16:38:03+00:00,replay,Confirmed,2026-08-18,10.0,-0.0275,-0.0004,-0.0427,-0.0197,,,0.9
753,0.1.0,NSE,MANYAVAR.NS,up,2026-08-04,C,4,3,26.0,-22.46,Healthy,468.6304035708399,478.98089599609375,59,0.24499148710520546,135.5439240053681,2026-10-08T16:38:03+00:00,replay,Confirmed,2026-08-18,10.0,0.0743,-0.0004,0.1198,-0.0197,,,2.35
1251,0.1.0,NSE,TORNTPOWER.NS,down,2026-08-04,W,2,2,26.0,0.68,Healthy,1352.0999755859375,1341.0,21,0.0901560732306328,1.7484426618847657,2026-10-08T16:38:03+00:00,replay,Confirmed,2026-08-18,10.0,-0.0079,-0.0004,-0.0687,-0.0197,,,1.78
57,0.1.0,NSE,ALIVUS.NS,up,2026-08-03,A,2,8,77.0,16.2,Healthy,1189.6533116977669,1210.0804443359375,18,0.09925427396739628,1.9823398112501576,2026-10-08T16:38:03+00:00,replay,Confirmed,2026-08-17,10.0,0.1318,-0.0025,0.1931,-0.0194,,,4.16
408,0.1.0,NSE,GAEL.NS,up,2026-08-03,A,2,8,87.0,27.31,Healthy,177.60323391930058,180.35830688476562,58,0.29208423722047194,7.343212351750764,2026-10-08T16:38:03+00:00,replay,Failed,2026-08-07,4.0,-0.0433,-0.0025,-0.0462,-0.0194,,,-1.03
566,0.1.0,NSE,INDOTHAI.NS,down,2026-08-03,B,4,0,2.0,-24.54,Healthy,209.96543420064262,170.35684204101562,41,0.22779761363402384,1.7442176775899692,2026-10-08T16:38:03+00:00,replay,Confirmed,2026-08-17,10.0,-0.4459,-0.0025,-0.7558,-0.0194,,,2.8
653,0.1.0,NSE,KCP.NS,down,2026-08-03,B,4,0,8.0,-9.56,Healthy,155.06905838601395,152.4674072265625,39,0.14699467544643063,6.739080745115967,2026-10-08T16:38:03+00:00,replay,Faded,2026-08-17,10.0,-0.0056,-0.0025,0.1012,-0.0194,,,-2.13
982,0.1.0,NSE,RANEHOLDIN.NS,up,2026-08-03,B,2,7,90.0,21.93,Healthy,1790.7842016046866,1824.793212890625,16,0.08598279518180552,3.8907102547769457,2026-10-08T16:38:03+00:00,replay,Failed,2026-08-14,9.0,-0.0416,-0.0025,-0.1447,-0.0194,,,-3.01
106,0.1.0,NSE,ASHOKLEY.NS,up,2026-08-03,C,3,7,70.0,3.05,Healthy,169.90165033866376,174.5500030517578,60,0.23090380237073016,1.8641979108507472,2026-10-08T16:38:03+00:00,replay,Confirmed,2026-08-17,10.0,-0.0032,-0.0025,-0.023,-0.0194,,,-0.41
474,0.1.0,NSE,GULFOILLUB.NS,up,2026-08-03,C,4,3,50.0,-3.02,Healthy,1075.153623122365,1085.0299072265625,25,0.13444555754690324,1.6517402454683137,2026-10-08T16:38:03+00:00,replay,Confirmed,2026-08-17,10.0,0.0559,-0.0025,0.0159,-0.0194,,,0.41
740,0.1.0,NSE,MAHSCOOTER.NS,up,2026-08-03,C,4,3,45.0,-8.24,Healthy,13371.462701617646,13774.576171875,47,0.13291665213626502,4.318690890990542,2026-10-08T16:38:03+00:00,replay,Faded,2026-08-17,10.0,-0.0176,-0.0025,-0.0174,-0.0194,,,-0.3
1317,0.1.0,NSE,VRLLOG.NS,up,2026-08-03,C,4,3,46.0,0.67,Healthy,270.0,272.1000061035156,60,0.18743950304316814,3.462788716178075,2026-10-08T16:38:03+00:00,replay,Confirmed,2026-08-17,10.0,0.047,-0.0025,0.102,-0.0194,,,2.72
824,0.1.0,NSE,NELCO.NS,up,2026-07-31,B,2,7,88.0,30.83,Healthy,993.7999877929688,1015.6500244140625,29,0.18140748142117302,4.067390016497122,2026-10-08T16:38:03+00:00,replay,Failed,2026-08-07,5.0,-0.0559,0.0107,-0.0632,-0.0004,,,-1.24
154,0.1.0,NSE,BAJAJHLDNG.NS,up,2026-07-31,C,1,4,44.0,0.1,Healthy,11153.369093202793,11277.6484375,20,0.107185174045072,1.6668994721305923,2026-10-08T16:38:03+00:00,replay,Confirmed,2026-08-14,10.0,-0.0071,0.0107,0.0265,-0.0004,,,0.65
158,0.1.0,NSE,BALKRISIND.NS,up,2026-07-31,C,4,3,54.0,5.83,Healthy,2343.3478531786654,2469.530029296875,44,0.19365486522282227,12.587223761760711,2026-10-08T16:38:03+00:00,replay,Confirmed,2026-08-14,10.0,-0.0013,0.0107,-0.0771,-0.0004,,,-0.97
270,0.1.0,NSE,CONCORDBIO.NS,up,2026-07-31,C,4,4,57.0,5.17,Healthy,1399.520311962716,1420.800048828125,33,0.1304687495660064,1.772674180303594,2026-10-08T16:38:03+00:00,replay,Faded,2026-08-14,10.0,-0.0393,0.0107,0.0178,-0.0004,,,0.4
1028,0.1.0,NSE,SAGILITY.NS,up,2026-07-30,C,4,3,52.0,-9.88,Healthy,45.296254804041396,45.87492752075195,56,0.17860851407202194,2.5191800276644094,2026-10-08T16:38:03+00:00,replay,Failed,2026-07-31,1.0,-0.0483,0.0161,0.0101,0.0075,,,0.24
1175,0.1.0,NSE,SWIGGY.NS,up,2026-07-30,C,4,1,26.0,-25.44,Healthy,292.79998779296875,295.9100036621094,65,0.24199358554811767,2.527942527270105,2026-10-08T16:38:03+00:00,replay,Failed,2026-08-07,6.0,-0.0245,0.0161,-0.0521,0.0075,,,-1.3
1236,0.1.0,NSE,TIINDIA.NS,down,2026-07-30,C,1,2,36.0,-2.44,Healthy,2727.8132306220045,2687.33544921875,52,0.22199831967266626,2.8735455405988763,2026-10-08T16:38:03+00:00,replay,Failed,2026-08-10,7.0,0.0242,0.0161,0.0568,0.0075,,,-1.25
1064,0.1.0,NSE,SERVOTECH.NS,down,2026-07-30,W,2,2,16.0,-0.55,Healthy,84.03673166422685,81.80735778808594,51,0.3775875901241472,2.3017330822854234,2026-10-08T16:38:03+00:00,replay,Failed,2026-08-04,3.0,0.0406,0.0161,-0.0105,0.0075,,,0.18
97,0.1.0,NSE,ARTEMISMED.NS,up,2026-07-29,C,3,7,78.0,10.89,Healthy,294.5046507484193,298.6000061035156,44,0.16508683852063877,14.092950353475828,2026-10-08T16:38:03+00:00,replay,Confirmed,2026-08-12,10.0,0.0789,0.0164,0.0615,0.0055,,,1.42
404,0.1.0,NSE,FSL.NS,up,2026-07-29,C,4,4,62.0,-12.34,Healthy,282.04998779296875,293.5799865722656,45,0.24141721646775283,26.419936939833306,2026-10-08T16:38:03+00:00,replay,Faded,2026-08-12,10.0,0.1562,0.0164,-0.0854,0.0055,,,-1.25
886,0.1.0,NSE,PARADEEP.NS,up,2026-07-29,C,4,3,57.0,-9.18,Healthy,147.74229166932363,155.01058959960938,18,0.12264862484012062,43.70479507098848,2026-10-08T16:38:03+00:00,replay,Faded,2026-08-12,10.0,-0.0628,0.0164,0.0256,0.0055,,,0.34
1210,0.1.0,NSE,TDPOWERSYS.NS,down,2026-07-29,W,2,7,90.0,32.4,Healthy,529.5828115153757,517.49462890625,65,0.30126388622921296,1.8671138940312333,2026-10-08T16:38:03+00:00,replay,Failed,2026-07-31,2.0,0.1613,0.0164,0.4311,0.0055,,,-7.97
176,0.1.0,NSE,BEL.NS,down,2026-07-28,A,3,3,32.0,-1.91,Healthy,398.4590673526883,388.4726257324219,35,0.09022557902206718,2.9531084090182453,2026-10-08T16:38:03+00:00,replay,Faded,2026-08-11,10.0,0.0064,0.0249,0.0474,0.0192,,,-0.84
193,0.1.0,NSE,BIRLACORPN.NS,down,2026-07-28,B,4,0,12.0,-8.99,Healthy,888.450318836246,875.75,64,0.22605550437864497,4.298064882277403,2026-10-08T16:38:03+00:00,replay,Faded,2026-08-11,10.0,0.0303,0.0249,0.0223,0.0192,,,-0.5
511,0.1.0,NSE,HINDUNILVR.NS,down,2026-07-28,B,4,0,17.0,-6.96,Healthy,2044.9001003727778,2022.699951171875,39,0.09506574351476083,5.374816419183576,2026-10-08T16:38:03+00:00,replay,Failed,2026-07-29,1.0,0.0365,0.0249,-0.0008,0.0192,,,0.02
985,0.1.0,NSE,RATNAVEER.NS,up,2026-07-27,A,2,8,86.0,15.28,Healthy,197.0,199.61000061035156,26,0.15123892953064422,30.199245749508346,2026-10-08T16:38:03+00:00,replay,Failed,2026-07-28,1.0,0.031,0.0281,0.3197,0.0198,,,7.49
953,0.1.0,NSE,PRICOLLTD.NS,up,2026-07-27,C,3,7,76.0,11.79,Healthy,644.2999877929688,665.3499755859375,49,0.21257178394047638,1.5573303342868878,2026-10-08T16:38:03+00:00,replay,Confirmed,2026-08-10,10.0,0.1015,0.0281,0.1881,0.0198,,,3.1
968,0.1.0,NSE,PVRINOX.NS,up,2026-07-27,C,4,3,64.0,2.78,Healthy,1110.0,1123.199951171875,53,0.18818238652945896,6.441146655292415,2026-10-08T16:38:03+00:00,replay,Confirmed,2026-08-10,10.0,0.0162,0.0281,0.096,0.0198,,,2.32
822,0.1.0,NSE,NELCAST.NS,down,2026-07-27,W,2,3,39.0,6.42,Healthy,126.41720068564084,116.63999938964844,63,0.36259931051778227,7.6802219067845465,2026-10-08T16:38:03+00:00,replay,Confirmed,2026-08-10,10.0,0.0404,0.0281,-0.0148,0.0198,,,0.13
273,0.1.0,NSE,CONTROLPR.NS,down,2026-07-23,B,4,0,12.0,-5.82,Weak,589.3772271433235,573.7000122070312,29,0.2236509285651629,10.491959313136427,2026-10-08T16:38:03+00:00,replay,Faded,2026-08-06,10.0,-0.0048,0.0161,0.0002,0.0238,,,0.0
530,0.1.0,NSE,ICRA.NS,down,2026-07-23,B,4,0,14.0,-12.41,Weak,4916.221599571033,4774.5,32,0.0917514041838865,4.182855922718619,2026-10-08T16:38:03+00:00,replay,Failed,2026-08-03,7.0,0.0311,0.0161,0.0399,0.0238,,,-0.66
876,0.1.0,NSE,OSWALPUMPS.NS,down,2026-07-23,B,4,0,2.0,-25.18,Weak,350.8999938964844,338.8500061035156,40,0.27671703560120364,2.4677299584602523,2026-10-08T16:38:03+00:00,replay,Faded,2026-08-06,10.0,-0.0143,0.0161,-0.1158,0.0238,,,1.74
163,0.1.0,NSE,BANDHANBNK.NS,down,2026-07-23,W,2,4,47.0,23.2,Weak,167.3494243717462,164.41485595703125,61,0.3078197719029343,3.5062819946151085,2026-10-08T16:38:03+00:00,replay,Failed,2026-07-31,6.0,0.0415,0.0161,0.065,0.0238,,,-1.34
251,0.1.0,NSE,CIEINDIA.NS,down,2026-07-23,W,2,4,41.0,8.34,Weak,426.25,419.0,29,0.13431085043988267,22.920515924870905,2026-10-08T16:38:03+00:00,replay,Confirmed,2026-08-06,10.0,-0.0169,0.0161,-0.0428,0.0238,,,0.9
149,0.1.0,NSE,BAJAJ-AUTO.NS,up,2026-07-22,B,2,8,76.0,11.3,Weak,10750.0,10998.5,37,0.13145984633196495,3.677220897799943,2026-10-08T16:38:03+00:00,replay,Confirmed,2026-08-05,10.0,0.0309,0.009,0.0722,0.0159,,,1.39
282,0.1.0,NSE,CRISIL.NS,up,2026-07-22,C,4,2,36.0,-6.24,Weak,4444.408071822298,4484.85986328125,63,0.18004114760043688,8.768227000542506,2026-10-08T16:38:03+00:00,replay,Faded,2026-08-05,10.0,-0.0081,0.009,-0.0014,0.0159,,,-0.04
651,0.1.0,NSE,KARURVYSYA.NS,up,2026-07-21,B,2,8,86.0,15.3,Weak,319.5149878250869,337.6737365722656,51,0.1972484713950211,28.65064292168195,2026-10-08T16:38:03+00:00,replay,Confirmed,2026-08-04,10.0,0.0022,-0.0102,-0.0196,0.0015,,,-0.24
1212,0.1.0,NSE,TECHM.NS,up,2026-07-17,C,1,4,55.0,7.43,Weak,1548.7523315825506,1572.9000244140625,32,0.18229162826207457,4.221197819308396,2026-10-08T16:38:03+00:00,replay,Confirmed,2026-07-31,10.0,-0.0085,-0.0181,0.0236,0.0098,,,0.53
188,0.1.0,NSE,BHEL.NS,up,2026-07-16,B,2,8,94.0,35.7,Weak,423.53376137648485,434.0,33,0.15587593843841585,3.7269432953187875,2026-10-08T16:38:03+00:00,replay,Failed,2026-07-23,5.0,-0.0562,-0.0108,-0.0283,0.0156,,,-0.53
442,0.1.0,NSE,GODIGIT.NS,down,2026-07-16,B,4,0,17.0,-8.43,Weak,290.79998779296875,284.8999938964844,25,0.14494506940650442,2.5174030489108628,2026-10-08T16:38:03+00:00,replay,Confirmed,2026-07-30,10.0,-0.0142,-0.0108,-0.0886,0.0156,,,1.73
1103,0.1.0,NSE,SKFINDIA.NS,down,2026-07-16,B,4,0,2.0,-36.74,Weak,1505.6303555162956,1497.0999755859375,24,0.1074298770846922,2.4930285475881053,2026-10-08T16:38:03+00:00,replay,Confirmed,2026-07-30,10.0,-0.0176,-0.0108,0.0509,0.0156,,,-1.42
515,0.1.0,NSE,HIRECT.NS,up,2026-07-15,B,2,8,95.0,24.55,Weak,1210.8330819977728,1272.268798828125,32,0.21088907296449722,6.030009198380621,2026-10-08T16:38:03+00:00,replay,Confirmed,2026-07-29,10.0,0.0038,-0.0051,-0.0149,0.0169,,,-0.19
321,0.1.0,NSE,DIVISLAB.NS,up,2026-07-14,C,3,6,68.0,5.7,Weak,6939.3841778529695,7158.978515625,40,0.08022637278211775,3.047471801288305,2026-10-08T16:38:03+00:00,replay,Confirmed,2026-07-28,10.0,0.0197,0.0066,0.2013,0.0204,,,3.37
693,0.1.0,NSE,LANDMARK.NS,up,2026-07-14,C,4,3,46.0,-12.76,Weak,463.48667130713875,494.8376770019531,15,0.11982173602132695,58.40270728543276,2026-10-08T16:38:03+00:00,replay,Confirmed,2026-07-28,10.0,0.0721,0.0066,0.104,0.0204,,,1.14
485,0.1.0,NSE,HARDWYN.NS,down,2026-07-14,W,2,5,70.0,33.54,Weak,14.635713577270508,13.899999618530273,64,0.38018557525684105,3.4701438617578027,2026-10-08T16:38:03+00:00,replay,Confirmed,2026-07-28,10.0,-0.1917,0.0066,-0.1719,0.0204,,,2.03
92,0.1.0,NSE,ARMANFIN.NS,up,2026-07-13,C,1,7,75.0,13.53,Weak,1906.5999755859375,1965.800048828125,42,0.2786533477319162,3.3431933890525745,2026-10-08T16:38:03+00:00,replay,Confirmed,2026-07-27,10.0,-0.0112,-0.0004,0.0188,0.0143,,,0.32
646,0.1.0,NSE,JUSTDIAL.NS,up,2026-07-13,C,4,3,32.0,-17.67,Weak,588.7999877929688,676.8499755859375,62,0.15089910236207604,101.73489751249349,2026-10-08T16:38:03+00:00,replay,Confirmed,2026-07-27,10.0,0.1042,-0.0004,0.0267,0.0143,,,0.17
754,0.1.0,NSE,MAPMYINDIA.NS,up,2026-07-13,C,4,2,24.0,-21.24,Weak,1123.6022635564525,1181.4324951171875,43,0.3998757791802301,5.831070195717768,2026-10-08T16:38:03+00:00,replay,Failed,2026-07-21,6.0,-0.0742,-0.0004,-0.1423,0.0143,,,-1.84
916,0.1.0,NSE,PICCADIL.NS,up,2026-07-13,C,3,5,71.0,9.41,Weak,695.8394355007105,717.7030029296875,50,0.24876817437157683,4.385722059858344,2026-10-08T16:38:03+00:00,replay,Confirmed,2026-07-27,10.0,0.0455,-0.0004,0.0826,0.0143,,,1.39
1062,0.1.0,NSE,SENCO.NS,up,2026-07-13,C,1,5,65.0,7.67,Weak,367.9316855566915,379.8969421386719,44,0.2216521233837454,4.428318387896434,2026-10-08T16:38:03+00:00,replay,Faded,2026-07-27,10.0,-0.0394,-0.0004,0.0531,0.0143,,,0.88
1089,0.1.0,NSE,SHYAMMETL.NS,up,2026-07-13,C,2,7,70.0,8.83,Weak,1009.553271996047,1024.8359375,26,0.10686607043198637,3.1162421443675266,2026-10-08T16:38:03+00:00,replay,Confirmed,2026-07-27,10.0,0.0249,-0.0004,-0.0391,0.0143,,,-0.88
373,0.1.0,NSE,EQUITASBNK.NS,up,2026-07-10,B,2,8,82.0,28.5,Weak,80.13999938964844,82.23999786376953,17,0.08561365105596619,1.874124823944517,2026-10-08T16:38:03+00:00,replay,Failed,2026-07-16,4.0,-0.055,-0.0005,-0.0821,0.0169,,,-1.5
448,0.1.0,NSE,GODREJIND.NS,up,2026-07-10,B,1,6,86.0,31.31,Weak,1260.6500244140625,1417.699951171875,43,0.2543781337453359,6.827879749467197,2026-10-08T16:38:03+00:00,replay,Confirmed,2026-07-24,10.0,-0.0585,-0.0005,-0.0885,0.0169,,,-0.64
232,0.1.0,NSE,CDSL.NS,up,2026-07-10,C,4,3,39.0,-0.26,Weak,1388.4349681517301,1418.95654296875,56,0.21549405618519257,4.644397952017369,2026-10-08T16:38:03+00:00,replay,Failed,2026-07-22,8.0,-0.0005,-0.0005,-0.0609,0.0169,,,-1.2
539,0.1.0,NSE,IFBIND.NS,up,2026-07-10,C,4,3,49.0,-1.18,Weak,1347.0,1380.5,29,0.13355208672117902,3.96719163979737,2026-10-08T16:38:03+00:00,replay,Failed,2026-07-23,9.0,-0.0393,-0.0005,0.0175,0.0169,,,0.33
592,0.1.0,NSE,IONEXCHANG.NS,up,2026-07-10,C,1,5,67.0,18.24,Weak,431.3435312826353,466.72406005859375,43,0.32233423363043623,25.197125431010114,2026-10-08T16:38:03+00:00,replay,Failed,2026-07-23,9.0,-0.0703,-0.0005,-0.1765,0.0169,,,-1.7
844,0.1.0,NSE,NORTHARC.NS,up,2026-07-10,C,2,7,82.0,22.84,Weak,321.70001220703125,325.29998779296875,42,0.19502227941811645,2.557808163394201,2026-10-08T16:38:03+00:00,replay,Failed,2026-07-17,5.0,-0.0729,-0.0005,-0.1228,0.0169,,,-3.01
147,0.1.0,NSE,AZAD.NS,up,2026-07-09,B,2,8,92.0,23.81,Weak,2350.0,2476.10009765625,42,0.25346700383803955,4.754752911474173,2026-10-08T16:38:03+00:00,replay,Faded,2026-07-23,10.0,-0.0275,0.0066,0.0052,0.0273,0.1646,-0.0635,0.07
174,0.1.0,NSE,BECTORFOOD.NS,down,2026-07-08,B,4,0,4.0,-24.78,Weak,168.11915227289163,166.68325805664062,21,0.1369513189712852,2.8989573477220363,2026-10-08T16:38:03+00:00,replay,Failed,2026-07-16,6.0,0.0108,0.0155,0.2592,0.0359,0.2663,-0.037,-6.67
1278,0.1.0,NSE,UNICHEMLAB.NS,up,2026-07-08,C,4,5,90.0,7.53,Weak,515.9500122070312,572.7000122070312,18,0.21257347169690077,4.93935276513831,2026-10-08T16:38:03+00:00,replay,Confirmed,2026-07-22,10.0,0.0391,0.0155,-0.1315,0.0359,-0.0463,-0.037,-1.04
313,0.1.0,NSE,DHANBANK.NS,up,2026-07-07,B,2,8,89.0,25.29,Weak,35.16999816894531,36.220001220703125,23,0.13378457930173826,4.881527863784716,2026-10-08T16:38:03+00:00,replay,Failed,2026-07-08,1.0,-0.0613,-0.0072,-0.0972,0.0157,-0.204,-0.0499,-1.67
813,0.1.0,NSE,NAUKRI.NS,up,2026-07-07,C,4,2,26.0,-14.84,Weak,1077.5740154436744,1155.88232421875,52,0.19002534426356021,7.45003364154659,2026-10-08T16:38:03+00:00,replay,Confirmed,2026-07-21,10.0,0.0246,-0.0072,0.0745,0.0157,0.0736,-0.0499,0.78
1078,0.1.0,NSE,SHAREINDIA.NS,up,2026-07-07,C,4,4,60.0,-9.51,Weak,154.05478703857108,163.95726013183594,32,0.2404930691941567,117.80675713780057,2026-10-08T16:38:03+00:00,replay,Confirmed,2026-07-21,10.0,0.0779,-0.0072,0.0768,0.0157,0.2894,-0.0499,0.87
1185,0.1.0,NSE,TAJGVK.NS,up,2026-07-07,C,4,1,29.0,-9.76,Weak,353.08350327403235,359.7933044433594,25,0.13482432125137223,8.035938563544407,2026-10-08T16:38:03+00:00,replay,Faded,2026-07-21,10.0,-0.009,-0.0072,0.0076,0.0157,-0.1153,-0.0499,0.16
319,0.1.0,NSE,DIGITIDE.NS,up,2026-07-06,C,4,3,45.0,-25.49,Weak,107.0,120.55000305175781,38,0.3288624498373447,110.9661966585981,2026-10-08T16:38:03+00:00,replay,Failed,2026-07-08,2.0,-0.1148,-0.0037,-0.1831,0.0109,-0.3855,-0.0624,-1.32
571,0.1.0,NSE,INDUSINDBK.NS,up,2026-07-03,B,2,8,70.0,13.64,Weak,956.3510478842409,974.3499755859375,38,0.10078148269505038,1.6668922869112066,2026-10-08T16:38:03+00:00,replay,Confirmed,2026-07-17,10.0,0.0425,0.002,0.056,0.0215,-0.0898,-0.0619,1.17
5,0.1.0,NSE,3MINDIA.NS,up,2026-07-03,C,3,5,58.0,6.76,Weak,34051.84718313823,34732.0,28,0.11399538978756985,2.81579023457346,2026-10-08T16:38:03+00:00,replay,Faded,2026-07-17,10.0,0.0038,0.002,0.0352,0.0215,-0.1134,-0.0619,0.72
1129,0.1.0,NSE,SPANDANA.NS,up,2026-07-03,C,1,7,78.0,18.72,Weak,294.0799865722656,301.79998779296875,38,0.3169726043581915,2.858448508578563,2026-10-08T16:38:03+00:00,replay,Faded,2026-07-17,10.0,0.0134,0.002,-0.1306,0.0215,-0.2832,-0.0619,-2.38
420,0.1.0,NSE,GHCLTEXTIL.NS,up,2026-07-02,B,2,8,83.0,14.28,Weak,102.71727376247526,104.05999755859375,24,0.15213995401950497,2.386357073483405,2026-10-08T16:38:03+00:00,replay,Confirmed,2026-07-16,10.0,0.0351,-0.0079,0.0919,0.0084,0.2387,-0.0513,2.16
435,0.1.0,NSE,GNA.NS,up,2026-07-02,B,2,8,84.0,23.61,Weak,463.67655138699064,469.70001220703125,49,0.3450460433226832,2.217784935535251,2026-10-08T16:38:03+00:00,replay,Faded,2026-07-16,10.0,0.0004,-0.0079,0.1406,0.0084,0.2739,-0.0513,3.31
86,0.1.0,NSE,APOLLOTYRE.NS,up,2026-07-02,C,4,2,36.0,-6.46,Weak,446.6954233293116,454.0036315917969,51,0.22981114275424708,2.9307333853941238,2026-10-08T16:38:03+00:00,replay,Failed,2026-07-14,8.0,-0.0371,-0.0079,-0.0569,0.0084,-0.1086,-0.0513,-1.25
220,0.1.0,NSE,CANTABIL.NS,up,2026-07-02,C,4,3,50.0,-6.47,Weak,255.8093563847513,268.5404968261719,52,0.23064747015861942,19.15660953711606,2026-10-08T16:38:03+00:00,replay,Faded,2026-07-16,10.0,-0.0618,-0.0079,-0.0884,0.0084,-0.139,-0.0513,-1.16
272,0.1.0,NSE,CONTROLPR.NS,up,2026-07-02,C,4,4,44.0,-8.58,Weak,697.4147920139657,704.9937744140625,52,0.1833080069861095,166.9448166702808,2026-10-08T16:38:03+00:00,replay,Failed,2026-07-06,2.0,-0.0918,-0.0079,-0.1879,0.0084,-0.1385,-0.0513,-4.65
399,0.1.0,NSE,FIVESTAR.NS,up,2026-07-02,C,4,3,55.0,-5.24,Weak,526.0406065443515,541.9329223632812,49,0.27662927398679416,1.6922241606894062,2026-10-08T16:38:03+00:00,replay,Confirmed,2026-07-16,10.0,0.0107,-0.0079,0.0111,0.0084,-0.0463,-0.0513,0.19
686,0.1.0,NSE,KPITTECH.NS,down,2026-07-01,B,4,0,1.0,-27.0,Weak,627.6997727059436,552.8815307617188,61,0.3048973151968717,12.491142394403564,2026-10-08T16:38:03+00:00,replay,Confirmed,2026-07-15,10.0,-0.0053,-0.0088,0.0578,0.0105,-0.06,-0.0437,-0.34
547,0.1.0,NSE,IKS.NS,up,2026-07-01,C,1,8,70.0,7.69,Weak,1764.9000244140625,1800.199951171875,35,0.16150050965058416,5.2416631274435135,2026-10-08T16:38:03+00:00,replay,Confirmed,2026-07-15,10.0,0.0176,-0.0088,-0.0099,0.0105,-0.0116,-0.0437,-0.2
1008,0.1.0,NSE,RITES.NS,up,2026-07-01,C,4,4,44.0,-9.59,Weak,226.43537735207698,228.7306365966797,36,0.1640278934973698,128.04645840978682,2026-10-08T16:38:03+00:00,replay,Failed,2026-07-03,2.0,-0.0431,-0.0088,-0.0659,0.0105,-0.1592,-0.0437,-1.66
750,0.1.0,NSE,MANORAMA.NS,up,2026-06-30,B,1,7,73.0,12.29,Weak,1637.371492459431,1654.6649169921875,38,0.27233178322118823,2.6522578338190135,2026-10-08T16:38:03+00:00,replay,Failed,2026-07-01,1.0,-0.0785,0.0162,-0.0057,0.0155,0.1272,-0.0332,-0.14
1197,0.1.0,NSE,TATAELXSI.NS,down,2026-06-30,B,4,0,5.0,-19.27,Weak,3875.5000285647434,3829.699951171875,31,0.15153348792620802,1.5055297609529328,2026-10-08T16:38:03+00:00,replay,Confirmed,2026-07-14,10.0,-0.032,0.0162,-0.0408,0.0155,-0.1668,-0.0332,0.96
79,0.1.0,NSE,APLLTD.NS,up,2026-06-30,C,4,3,40.0,-8.57,Weak,797.1443758215148,810.69287109375,30,0.14443339966443625,5.938143213506307,2026-10-08T16:38:03+00:00,replay,Confirmed,2026-07-14,10.0,0.008,0.0162,0.0016,0.0155,0.0539,-0.0332,0.03
423,0.1.0,NSE,GLAND.NS,up,2026-06-30,C,2,7,87.0,22.63,Weak,2378.0343455994694,2476.2919921875,24,0.10526799502999062,3.5684748204685524,2026-10-08T16:38:03+00:00,replay,Confirmed,2026-07-14,10.0,0.022,0.0162,0.0195,0.0155,0.1695,-0.0332,0.28
761,0.1.0,NSE,MARUTI.NS,up,2026-06-30,C,4,2,40.0,-5.37,Weak,13837.034182276326,13974.65234375,39,0.10047247852299535,3.263459488376508,2026-10-08T16:38:03+00:00,replay,Failed,2026-07-14,10.0,0.03,0.0162,-0.0118,0.0155,-0.1407,-0.0332,-0.3
902,0.1.0,NSE,PERSISTENT.NS,down,2026-06-29,B,4,0,6.0,-11.45,Weak,4559.165067987874,4283.6220703125,65,0.22666663402852572,9.242428354434262,2026-10-08T16:38:03+00:00,replay,Failed,2026-07-06,5.0,0.0971,0.0189,0.2672,0.005,0.2541,-0.0172,-2.78
917,0.1.0,NSE,PIIND.NS,down,2026-06-29,B,4,0,5.0,-19.88,Weak,2647.69654028376,2550.644775390625,18,0.09961605256247563,1.6200359086307659,2026-10-08T16:38:03+00:00,replay,Faded,2026-07-13,10.0,0.0456,0.0189,0.0573,0.005,-0.0591,-0.0172,-0.83
1165,0.1.0,NSE,SUPREMEIND.NS,down,2026-06-29,B,4,0,7.0,-10.69,Weak,3376.126247113516,3194.0,26,0.08402939943292376,2.8224660968199586,2026-10-08T16:38:03+00:00,replay,Confirmed,2026-07-13,10.0,0.0125,0.0189,0.0631,0.005,0.1115,-0.0172,-0.71
1329,0.1.0,NSE,WHEELS.NS,up,2026-06-29,B,2,8,98.0,72.03,Weak,1733.9816400428465,1772.0,24,0.20901212940513858,3.6434413315157874,2026-10-08T16:38:03+00:00,replay,Failed,2026-07-01,2.0,-0.167,0.0189,-0.2003,0.005,0.2959,-0.0172,-3.94
590,0.1.0,NSE,IOLCP.NS,up,2026-06-29,C,2,7,95.0,43.57,Weak,139.99000549316406,142.3300018310547,16,0.13628254026642184,2.4994059725040874,2026-10-08T16:38:03+00:00,replay,Confirmed,2026-07-13,10.0,0.015,0.0189,0.0339,0.005,0.4346,-0.0172,0.74
1257,0.1.0,NSE,TSFINV.NS,up,2026-06-29,C,4,2,45.0,-14.62,Weak,429.46851838549355,439.6692199707031,35,0.14722215401117333,16.97333494318192,2026-10-08T16:38:03+00:00,replay,Confirmed,2026-07-13,10.0,0.0395,0.0189,0.0156,0.005,0.0391,-0.0172,0.3
1364,0.1.0,NSE,ZYDUSWELL.NS,up,2026-06-29,C,3,7,79.0,14.58,Weak,551.2986929667596,568.314697265625,51,0.15782854947743785,27.453590371597397,2026-10-08T16:38:03+00:00,replay,Confirmed,2026-07-13,10.0,0.0234,0.0189,-0.0332,0.005,-0.084,-0.0172,-0.56
284,0.1.0,NSE,CSBBANK.NS,down,2026-06-25,B,4,1,13.0,-18.41,Weak,336.25,324.6000061035156,58,0.24074353072723054,3.1325749772201794,2026-10-08T16:38:03+00:00,replay,Failed,2026-07-02,4.0,0.085,0.0081,0.039,0.0017,0.0282,-0.0243,-0.58
923,0.1.0,NSE,PIXTRANS.NS,up,2026-06-25,B,2,8,74.0,21.27,Weak,1697.7157184436328,1787.3782958984375,23,0.1653004831112368,145.52563890021798,2026-10-08T16:38:03+00:00,replay,Confirmed,2026-07-10,10.0,0.0081,0.0081,0.0052,0.0017,-0.0233,-0.0243,0.07
860,0.1.0,NSE,OFSS.NS,up,2026-06-25,C,2,7,90.0,35.08,Weak,10584.5,10974.5,19,0.16955801104972368,3.123337003408171,2026-10-08T16:38:03+00:00,replay,Confirmed,2026-07-10,10.0,0.0249,0.0081,0.0104,0.0017,-0.0045,-0.0243,0.16
1030,0.1.0,NSE,SAKSOFT.NS,up,2026-06-25,C,4,2,40.0,-9.89,Weak,154.49055833250793,159.92263793945312,26,0.15948540164815017,73.54266117611522,2026-10-08T16:38:03+00:00,replay,Confirmed,2026-07-10,10.0,0.1155,0.0081,0.0264,0.0017,-0.1025,-0.0243,0.42
1155,0.1.0,NSE,SUNDRMFAST.NS,up,2026-06-25,C,4,3,42.0,0.74,Weak,912.3136439874227,929.0,37,0.11940324415634684,3.05412698420496,2026-10-08T16:38:03+00:00,replay,Confirmed,2026-07-10,10.0,0.0034,0.0081,0.0315,0.0017,0.2619,-0.0243,0.67
811,0.1.0,NSE,NATIONALUM.NS,down,2026-06-25,W,2,5,80.0,10.27,Weak,344.4046927527754,331.3079528808594,62,0.2873608171514568,2.3792749841729037,2026-10-08T16:38:03+00:00,replay,Faded,2026-07-10,10.0,0.0465,0.0081,0.0217,0.0017,0.0818,-0.0243,-0.31
1066,0.1.0,NSE,SHAH.NS,down,2026-06-25,W,2,4,17.0,-9.38,Weak,4.21999979019165,4.079999923706055,62,0.3933650253034442,3.1892415401447525,2026-10-08T16:38:03+00:00,replay,Failed,2026-07-02,4.0,0.1912,0.0081,0.1176,0.0017,-0.2157,-0.0243,-1.8
45,0.1.0,NSE,AETHER.NS,up,2026-06-24,B,2,8,91.0,24.89,Weak,1275.0999755859375,1357.199951171875,36,0.2455797209935595,8.270010851983164,2026-10-08T16:38:03+00:00,replay,Confirmed,2026-07-09,10.0,0.0112,0.006,0.0518,-0.0092,0.2144,-0.0083,0.58
688,0.1.0,NSE,KRISHANA.NS,up,2026-06-24,B,2,8,88.0,24.34,Weak,143.5944242995814,146.7899932861328,22,0.10589490365747234,6.289665597958778,2026-10-08T16:38:03+00:00,replay,Failed,2026-06-29,2.0,-0.0279,0.006,0.104,-0.0092,0.2818,-0.0083,2.03
1056,0.1.0,NSE,SCHNEIDER.NS,up,2026-06-23,B,2,8,96.0,46.04,Weak,1417.800048828125,1442.199951171875,18,0.32976938075245776,2.061636196610864,2026-10-08T16:38:03+00:00,replay,Failed,2026-06-24,1.0,-0.0383,0.0044,-0.0699,-0.0012,-0.1581,-0.0094,-1.51
416,0.1.0,NSE,GENUSPOWER.NS,up,2026-06-23,C,1,6,71.0,4.95,Weak,338.44087779952815,344.9800720214844,32,0.13758386194299832,10.123005405861338,2026-10-08T16:38:03+00:00,replay,Failed,2026-06-29,3.0,-0.109,0.0044,-0.0917,-0.0012,-0.103,-0.0094,-1.9
615,0.1.0,NSE,JINDALSTEL.NS,down,2026-06-23,W,2,4,44.0,3.98,Weak,1091.8449396333338,1080.664794921875,54,0.19418526462680807,2.065577455941541,2026-10-08T16:38:03+00:00,replay,Confirmed,2026-07-08,10.0,-0.0497,0.0044,-0.0376,-0.0012,0.0558,-0.0094,0.92
483,0.1.0,NSE,HAPPYFORGE.NS,up,2026-06-22,B,2,8,87.0,29.9,Weak,1486.2640064282393,1550.901611328125,20,0.1260581017154887,5.63168213690466,2026-10-08T16:38:03+00:00,replay,Confirmed,2026-07-07,10.0,-0.0109,-0.0114,0.026,-0.005,0.3599,-0.0173,0.37
677,0.1.0,NSE,KMEW.NS,up,2026-06-22,B,2,8,97.0,42.37,Weak,2285.39990234375,2337.0,31,0.33547585878277797,3.061688137430342,2026-10-08T16:38:03+00:00,replay,Failed,2026-07-01,6.0,-0.0193,-0.0114,0.0384,-0.005,0.2319,-0.0173,0.75
956,0.1.0,NSE,PRIVISCL.NS,up,2026-06-22,B,2,8,83.0,21.83,Weak,3580.8496726135236,3645.568115234375,29,0.1957708944324157,1.9339035559286002,2026-10-08T16:38:03+00:00,replay,Faded,2026-07-07,10.0,0.0045,-0.0114,0.0056,-0.005,-0.0329,-0.0173,0.12
1042,0.1.0,NSE,SANSTAR.NS,up,2026-06-22,B,2,8,86.0,24.24,Weak,121.98999786376953,124.2699966430664,16,0.10648524139473503,4.092657827572483,2026-10-08T16:38:03+00:00,replay,Failed,2026-07-06,9.0,-0.0225,-0.0114,-0.1432,-0.005,-0.096,-0.0173,-3.0
365,0.1.0,NSE,EMSLIMITED.NS,up,2026-06-22,C,4,3,49.0,-20.02,Weak,397.3082424744598,406.4703674316406,43,0.3944425014278137,12.322567002247498,2026-10-08T16:38:03+00:00,replay,Confirmed,2026-07-07,10.0,0.0077,-0.0114,0.0213,-0.005,-0.1037,-0.0173,0.41
458,0.1.0,NSE,GPTINFRA.NS,up,2026-06-22,C,2,6,72.0,7.92,Weak,128.37668490678462,135.55999755859375,21,0.16388650367076063,28.1866018045616,2026-10-08T16:38:03+00:00,replay,Faded,2026-07-07,10.0,-0.0161,-0.0114,-0.1331,-0.005,-0.1264,-0.0173,-1.63
521,0.1.0,NSE,HPL.NS,up,2026-06-22,C,4,3,55.0,-7.47,Weak,392.1343361231828,400.504150390625,30,0.18432142777718652,2.5197718121333947,2026-10-08T16:38:03+00:00,replay,Failed,2026-06-24,2.0,-0.1023,-0.0114,-0.1477,-0.005,-0.293,-0.0173,-2.94
930,0.1.0,NSE,PNCINFRA.NS,up,2026-06-22,C,4,2,36.0,-10.45,Weak,233.85072312784925,235.4040069580078,41,0.1973489923154217,1.6682361842312663,2026-10-08T16:38:03+00:00,replay,Failed,2026-06-29,4.0,-0.0345,-0.0114,-0.0086,-0.005,-0.4058,-0.0173,-0.24
934,0.1.0,NSE,POKARNA.NS,up,2026-06-22,C,1,5,60.0,6.98,Weak,989.3858815014418,1017.8682250976562,44,0.2679303674920659,3.5869691152978103,2026-10-08T16:38:03+00:00,replay,Faded,2026-07-07,10.0,0.0184,-0.0114,-0.071,-0.005,-0.28,-0.0173,-1.24
1147,0.1.0,NSE,SUBROS.NS,up,2026-06-22,C,4,3,52.0,-12.34,Weak,815.552038239497,852.3963012695312,30,0.178247718665701,190.25097600334269,2026-10-08T16:38:03+00:00,replay,Faded,2026-07-07,10.0,-0.0159,-0.0114,-0.0714,-0.005,-0.1613,-0.0173,-0.99
178,0.1.0,NSE,BERGEPAINT.NS,up,2026-06-19,C,1,4,64.0,6.42,Weak,536.3009110277208,546.5733642578125,25,0.12327204725620367,12.930955952873783,2026-10-08T16:38:03+00:00,replay,Failed,2026-06-29,5.0,-0.0588,-0.0062,-0.0804,0.009,-0.1609,-0.0131,-1.67
806,0.1.0,NSE,NACLIND.NS,up,2026-06-19,C,4,4,76.0,0.27,Weak,189.86000061035156,193.8000030517578,30,0.26573333740234384,15.609467920808703,2026-10-08T16:38:03+00:00,replay,Confirmed,2026-07-06,10.0,0.043,-0.0062,0.0915,0.009,-0.2428,-0.0131,1.84
997,0.1.0,NSE,RELTD.NS,up,2026-06-19,C,4,4,68.0,16.17,Weak,157.0,170.75,35,0.37007076752390367,11.671799372066186,2026-10-08T16:38:03+00:00,replay,Confirmed,2026-07-06,10.0,-0.0455,-0.0062,0.0323,0.009,-0.1356,-0.0131,0.3
22,0.1.0,NSE,ACE.NS,up,2026-06-18,C,4,4,38.0,-3.07,Weak,964.9776165283397,974.6598510742188,28,0.14333867181925486,1.7452628056423611,2026-10-08T16:38:03+00:00,replay,Confirmed,2026-07-03,10.0,0.0119,-0.004,0.0155,0.0057,0.2369,-0.0238,0.39
168,0.1.0,NSE,BATAINDIA.NS,up,2026-06-18,C,4,2,13.0,-28.56,Weak,743.4576169834601,753.8603515625,39,0.19662054615353486,85.49262831595536,2026-10-08T16:38:03+00:00,replay,Failed,2026-06-19,1.0,-0.0947,-0.004,-0.1132,0.0057,-0.1555,-0.0238,-2.61
450,0.1.0,NSE,GOKEX.NS,up,2026-06-18,C,4,4,57.0,-8.82,Weak,774.0,784.0999755859375,40,0.19031141868512114,7.04310131342462,2026-10-08T16:38:03+00:00,replay,Confirmed,2026-07-03,10.0,0.0901,-0.004,0.0781,0.0057,-0.0721,-0.0238,1.84
575,0.1.0,NSE,INGERRAND.NS,up,2026-06-18,C,2,7,79.0,10.69,Weak,4584.312866280322,4692.9228515625,28,0.244594643769263,1.8882201032410162,2026-10-08T16:38:03+00:00,replay,Failed,2026-07-03,10.0,-0.0476,-0.004,-0.0277,0.0057,-0.0997,-0.0238,-0.53
670,0.1.0,NSE,KIRLOSBROS.NS,up,2026-06-18,C,4,4,64.0,-0.3,Weak,1862.7159722337265,1895.9892578125,45,0.2252949205951016,2.22140384671422,2026-10-08T16:38:03+00:00,replay,Faded,2026-07-03,10.0,0.0606,-0.004,-0.0021,0.0057,-0.066,-0.0238,-0.04
823,0.1.0,NSE,NELCO.NS,up,2026-06-18,C,4,5,71.0,-3.79,Weak,765.777656792996,871.9000244140625,40,0.1965984312909268,20.726840178783938,2026-10-08T16:38:03+00:00,replay,Confirmed,2026-07-03,10.0,-0.0102,-0.004,0.0203,0.0057,0.1071,-0.0238,0.14
865,0.1.0,NSE,OLECTRA.NS,up,2026-06-18,C,4,5,82.0,3.93,Weak,1397.1929931168595,1445.8682861328125,28,0.1984739125814663,3.6000993769807694,2026-10-08T16:38:03+00:00,replay,Confirmed,2026-07-03,10.0,0.0324,-0.004,-0.0697,0.0057,-0.18,-0.0238,-1.11
37,0.1.0,NSE,AEROENTER.NS,up,2026-06-17,C,2,7,90.0,26.42,Weak,114.46832893551795,115.31587219238281,28,0.22912206614426056,4.225004149369042,2026-10-08T16:38:03+00:00,replay,Confirmed,2026-07-02,10.0,0.1599,0.0007,0.0157,0.0098,-0.017,-0.025,0.42
204,0.1.0,NSE,BORORENEW.NS,up,2026-06-17,C,4,5,73.0,2.75,Weak,574.7000122070312,593.9000244140625,27,0.18385003142596945,1.6132017674755486,2026-10-08T16:38:03+00:00,replay,Confirmed,2026-07-02,10.0,0.019,0.0007,0.0179,0.0098,-0.249,-0.025,0.29
438,0.1.0,NSE,GNFC.NS,up,2026-06-17,C,1,7,70.0,5.57,Weak,532.3224789250121,539.3140869140625,20,0.14049579838451187,2.8949673436175907,2026-10-08T16:38:03+00:00,replay,Failed,2026-07-01,9.0,-0.0022,0.0007,-0.1011,0.0098,0.0008,-0.025,-2.38
673,0.1.0,NSE,KIRLOSIND.NS,up,2026-06-17,C,4,4,64.0,-8.14,Weak,3532.7807259814863,3616.1923828125,19,0.17151356453693878,24.537133179611303,2026-10-08T16:38:03+00:00,replay,Confirmed,2026-07-02,10.0,0.1257,0.0007,0.054,0.0098,0.0426,-0.025,1.03
893,0.1.0,NSE,PATELENG.NS,up,2026-06-17,C,4,2,39.0,-14.06,Weak,29.600000381469727,30.68000030517578,33,0.18827782267308435,6.591999992322064,2026-10-08T16:38:03+00:00,replay,Confirmed,2026-07-02,10.0,0.1287,0.0007,-0.0355,0.0098,-0.1649,-0.025,-0.55
1191,0.1.0,NSE,TARSONS.NS,up,2026-06-17,C,4,3,66.0,-19.33,Weak,257.5,278.1099853515625,16,0.2913093389051902,106.5294416325237,2026-10-08T16:38:03+00:00,replay,Confirmed,2026-07-02,10.0,-0.0714,0.0007,0.0336,0.0098,0.087,-0.025,0.33
1252,0.1.0,NSE,TRENT.NS,up,2026-06-17,C,4,2,20.0,-27.41,Weak,2994.2422245577723,3102.800048828125,38,0.12998045928424284,3.411628115375226,2026-10-08T16:38:03+00:00,replay,Confirmed,2026-07-02,10.0,0.0465,0.0007,-0.0839,0.0098,-0.1074,-0.025,-1.31
1323,0.1.0,NSE,WALCHANNAG.NS,up,2026-06-17,C,2,7,92.0,41.94,Weak,276.6000061035156,280.04998779296875,15,0.20208604418324505,3.1081555220900468,2026-10-08T16:38:03+00:00,replay,Failed,2026-07-01,9.0,0.0243,0.0007,-0.1219,0.0098,-0.2963,-0.025,-2.91
135,0.1.0,NSE,AVL.NS,up,2026-06-16,C,3,7,82.0,11.08,Weak,569.6374448199518,589.6448974609375,25,0.13998998985813538,2.7645658261684676,2026-10-08T16:38:03+00:00,replay,Confirmed,2026-07-01,10.0,0.0567,0.0006,0.0739,0.0102,0.0366,-0.0226,1.17
1009,0.1.0,NSE,RML.NS,up,2026-06-16,C,2,7,73.0,14.56,Weak,953.0633933041479,965.6322021484375,27,0.12281519445903122,4.401195923752843,2026-10-08T16:38:03+00:00,replay,Confirmed,2026-07-01,10.0,0.095,0.0006,0.2671,0.0102,0.353,-0.0226,6.27
1120,0.1.0,NSE,SONATSOFTW.NS,up,2026-06-16,C,4,2,45.0,-20.76,Weak,302.5914523660948,305.8836975097656,26,0.22474147520601995,14.027176877471645,2026-10-08T16:38:03+00:00,replay,Failed,2026-06-19,3.0,-0.0744,0.0006,-0.0096,0.0102,-0.0804,-0.0226,-0.24
19,0.1.0,NSE,ABSLAMC.NS,up,2026-06-15,B,2,8,87.0,29.24,Weak,1096.0345168225701,1118.08203125,26,0.1474824568622688,2.2432462311460326,2026-10-08T16:38:03+00:00,replay,Faded,2026-06-30,10.0,0.0299,0.0162,0.0026,0.0163,-0.0073,-0.0011,0.05
40,0.1.0,NSE,AEROFLEX.NS,up,2026-06-15,B,2,8,99.0,100.29,Weak,458.2647184275553,477.54638671875,25,0.3278332572178604,1.6547479733005563,2026-10-08T16:38:03+00:00,replay,Confirmed,2026-06-30,10.0,0.0662,0.0162,-0.1181,0.0163,0.1809,-0.0011,-1.71
36,0.1.0,NSE,AEGISVOPAK.NS,up,2026-06-15,C,4,4,49.0,-4.48,Weak,220.8395821271933,231.52182006835938,26,0.21095886452606405,2.568034899390408,2026-10-08T16:38:03+00:00,replay,Confirmed,2026-06-30,10.0,0.063,0.0162,0.2178,0.0163,0.2746,-0.0011,2.91
237,0.1.0,NSE,CERA.NS,up,2026-06-15,C,4,5,71.0,9.93,Weak,6144.06306807546,6187.56103515625,23,0.15681710303469854,1.7216423114341635,2026-10-08T16:38:03+00:00,replay,Faded,2026-06-30,10.0,0.0643,0.0162,-0.013,0.0163,-0.097,-0.0011,-0.35
873,0.1.0,NSE,ORIENTHOT.NS,up,2026-06-15,C,4,3,54.0,-5.55,Weak,110.10921297029448,118.36940002441406,26,0.1720338495225251,6.120177136880522,2026-10-08T16:38:03+00:00,replay,Confirmed,2026-06-30,10.0,0.0117,0.0162,0.088,0.0163,0.1941,-0.0011,0.9
1205,0.1.0,NSE,TBOTEK.NS,up,2026-06-12,C,4,3,42.0,-2.37,Weak,1315.0,1352.800048828125,38,0.1674360542419595,1.8166143209026502,2026-10-08T16:38:03+00:00,replay,Confirmed,2026-06-29,10.0,0.1013,0.0241,0.067,0.0265,0.2357,0.0156,1.17
400,0.1.0,NSE,FLAIR.NS,down,2026-06-11,A,3,2,31.0,-4.42,Weak,279.5942470318394,267.91748046875,51,0.23148315085925186,3.6572162213679067,2026-10-08T16:38:03+00:00,replay,Faded,2026-06-25,10.0,0.0289,0.0494,-0.016,0.0557,-0.1096,0.0382,0.21
723,0.1.0,NSE,LTM.NS,down,2026-06-11,B,4,0,11.0,-18.89,Weak,3855.629087128889,3824.89990234375,19,0.1308141684465538,1.7020594033419862,2026-10-08T16:38:03+00:00,replay,Failed,2026-06-16,3.0,0.0453,0.0494,0.0783,0.0557,0.1535,0.0382,-2.05
980,0.1.0,NSE,RAMKY.NS,down,2026-06-11,B,4,0,15.0,-16.04,Weak,423.17633991082494,413.75579833984375,48,0.24146058236692025,1.6613012608995907,2026-10-08T16:38:03+00:00,replay,Failed,2026-06-12,1.0,0.0371,0.0494,-0.0271,0.0557,-0.1832,0.0382,0.51
17,0.1.0,NSE,ABDL.NS,up,2026-06-11,C,1,7,83.0,13.13,Weak,594.8493882910559,603.2268676757812,23,0.18776611130082554,2.9155901070469072,2026-10-08T16:38:03+00:00,replay,Confirmed,2026-06-25,10.0,0.04,0.0494,0.0382,0.0557,0.0015,0.0382,0.88
339,0.1.0,NSE,EASEMYTRIP.NS,up,2026-06-10,C,1,4,58.0,-14.99,Weak,8.449999809265137,8.819999694824219,18,0.2803030199036891,21.27264123640131,2026-10-08T16:38:03+00:00,replay,Failed,2026-06-18,6.0,-0.0601,0.0394,-0.2177,0.0501,-0.3265,0.0392,-3.08
861,0.1.0,NSE,OIL.NS,down,2026-06-10,W,2,4,48.0,12.72,Weak,447.2353953772547,426.4778747558594,24,0.18487119620237613,3.1925723709282843,2026-10-08T16:38:03+00:00,replay,Confirmed,2026-06-24,10.0,-0.0241,0.0394,-0.0056,0.0501,0.1616,0.0392,0.07
177,0.1.0,NSE,BELRISE.NS,up,2026-06-09,B,2,8,95.0,33.1,Weak,228.24807177735397,234.1637725830078,21,0.1298207426562894,8.331853996379865,2026-10-08T16:38:03+00:00,replay,Failed,2026-06-11,2.0,0.0115,0.028,-0.0251,0.0318,-0.0189,0.0351,-0.46
226,0.1.0,NSE,CARTRADE.NS,up,2026-06-09,C,4,2,65.0,-9.75,Weak,2115.0,2187.60009765625,22,0.25140526037032496,2.9411013663918597,2026-10-08T16:38:03+00:00,replay,Confirmed,2026-06-23,10.0,0.0897,0.028,0.2503,0.0318,0.4536,0.0351,4.02
773,0.1.0,NSE,MENONBE.NS,up,2026-06-09,C,2,7,90.0,16.07,Weak,158.44721252470075,168.26718139648438,17,0.1888475382638244,21.573358814036833,2026-10-08T16:38:03+00:00,replay,Confirmed,2026-06-23,10.0,0.0443,0.028,0.024,0.0318,0.8206,0.0351,0.28
1227,0.1.0,NSE,THOMASCOOK.NS,up,2026-06-09,C,4,2,22.0,-29.4,Weak,111.24530607553204,112.33037567138672,35,0.2698863993172087,19.026593651908247,2026-10-08T16:38:03+00:00,replay,Failed,2026-06-11,2.0,-0.0443,0.028,-0.0934,0.0318,0.0017,0.0351,-2.37
434,0.1.0,NSE,GNA.NS,down,2026-06-09,W,2,3,47.0,12.33,Weak,348.65099146344375,346.3177185058594,50,0.3299160557115679,4.381604542500206,2026-10-08T16:38:03+00:00,replay,Failed,2026-06-12,3.0,0.0995,0.028,0.3568,0.0318,0.5685,0.0351,-9.66
579,0.1.0,NSE,INOXINDIA.NS,up,2026-06-08,B,2,8,91.0,32.41,Weak,1613.9590235854214,1663.0999755859375,30,0.18112712798780017,4.832746255932454,2026-10-08T16:38:03+00:00,replay,Confirmed,2026-06-22,10.0,0.0741,0.0324,0.128,0.0331,0.3516,0.0487,2.18
1336,0.1.0,NSE,WIPRO.NS,down,2026-06-08,B,4,0,14.0,-11.52,Weak,184.3940829499458,179.7075958251953,45,0.1419838247723053,2.6857301841436376,2026-10-08T16:38:03+00:00,replay,Confirmed,2026-06-22,10.0,-0.0021,0.0324,-0.0497,0.0331,-0.0184,0.0487,0.87
469,0.1.0,NSE,GRMOVER.NS,down,2026-06-08,W,2,4,32.0,6.52,Weak,137.75,121.75,48,0.31237748660106623,2.435356728233906,2026-10-08T16:38:03+00:00,replay,Confirmed,2026-06-22,10.0,-0.2753,0.0324,-0.2071,0.0331,-0.2811,0.0487,1.25
522,0.1.0,NSE,HSCL.NS,up,2026-06-05,B,2,8,92.0,44.4,Weak,653.5634546798412,685.0499877929688,21,0.2128430168993587,2.6407728264066646,2026-10-08T16:38:03+00:00,replay,Confirmed,2026-06-19,10.0,-0.0066,0.006,-0.0606,0.0402,-0.0336,0.0351,-0.81
1005,0.1.0,NSE,RICOAUTO.NS,up,2026-06-05,B,2,8,86.0,34.52,Weak,134.12843868824348,136.26931762695312,63,0.3570420604126492,8.546560383251386,2026-10-08T16:38:03+00:00,replay,Failed,2026-06-11,4.0,-0.0267,0.006,-0.0431,0.0402,-0.0718,0.0351,-0.95
1065,0.1.0,NSE,SETL.NS,up,2026-06-05,C,4,4,55.0,3.13,Weak,145.0,154.72000122070312,19,0.13716569344170648,13.33392806210248,2026-10-08T16:38:03+00:00,replay,Confirmed,2026-06-19,10.0,0.027,0.006,0.6872,0.0402,1.5281,0.0351,7.56
1264,0.1.0,NSE,TVSSCS.NS,up,2026-06-05,C,4,4,67.0,11.89,Weak,127.5,129.6699981689453,19,0.16972477064220182,8.78559715014293,2026-10-08T16:38:03+00:00,replay,Failed,2026-06-11,4.0,0.02,0.006,0.0741,0.0402,-0.0011,0.0351,1.6
67,0.1.0,NSE,ANANTRAJ.NS,up,2026-06-04,C,4,4,66.0,-4.89,Weak,563.9233698577215,588.3831787109375,18,0.21734905388167225,4.6218784862788596,2026-10-08T16:38:03+00:00,replay,Failed,2026-06-08,2.0,-0.1291,-0.017,-0.0652,0.0416,0.0008,0.0322,-0.93
413,0.1.0,NSE,GANESHHOU.NS,up,2026-06-04,C,4,3,43.0,-9.01,Weak,734.9256428489863,756.7847900390625,18,0.13758205364506937,3.174474224838167,2026-10-08T16:38:03+00:00,replay,Confirmed,2026-06-18,10.0,-0.0034,-0.017,0.0606,0.0416,0.0069,0.0322,1.04
544,0.1.0,NSE,IIFL.NS,up,2026-06-04,C,3,4,68.0,-3.77,Weak,511.8999938964844,530.2999877929688,63,0.2512832712277129,2.2065516665552445,2026-10-08T16:38:03+00:00,replay,Failed,2026-06-08,2.0,-0.0739,-0.017,-0.0048,0.0416,0.1941,0.0322,-0.08
796,0.1.0,NSE,MSTCLTD.NS,up,2026-06-04,C,4,5,72.0,-5.84,Weak,487.3240548723649,525.7267456054688,32,0.1995133786803558,58.376938106472124,2026-10-08T16:38:03+00:00,replay,Faded,2026-06-18,10.0,0.0543,-0.017,0.3666,0.0416,0.3383,0.0322,3.64
1240,0.1.0,NSE,TINNARUBR.NS,up,2026-06-04,C,4,4,69.0,-1.72,Weak,876.8275197103086,888.3903198242188,18,0.302992241402086,4.883055704564293,2026-10-08T16:38:03+00:00,replay,Failed,2026-06-08,2.0,-0.0254,-0.017,0.0636,0.0416,0.1445,0.0322,1.49
604,0.1.0,NSE,J&KBANK.NS,up,2026-06-03,B,2,8,90.0,29.5,Weak,145.0,148.64999389648438,18,0.14969867461352893,2.6067494114438476,2026-10-08T16:38:03+00:00,replay,Confirmed,2026-06-17,10.0,0.0381,-0.0097,0.1113,0.0378,-0.0085,0.0396,2.07
179,0.1.0,NSE,BFUTILITIE.NS,up,2026-06-03,C,4,3,57.0,-10.97,Weak,615.0,629.0999755859375,18,0.20600055942408768,4.805365403428653,2026-10-08T16:38:03+00:00,replay,Failed,2026-06-10,5.0,-0.0523,-0.0097,-0.0675,0.0378,-0.1977,0.0396,-1.3
1121,0.1.0,NSE,SOTL.NS,up,2026-06-03,C,1,6,89.0,15.09,Weak,464.50227641348977,510.8631286621094,19,0.19347023348498027,41.23488306687147,2026-10-08T16:38:03+00:00,replay,Confirmed,2026-06-17,10.0,0.0699,-0.0097,0.0351,0.0378,0.51,0.0396,0.3
1128,0.1.0,NSE,SPAL.NS,up,2026-06-03,C,2,6,72.0,6.31,Weak,835.0861191973652,841.5178833007812,18,0.1434325276821642,1.6389233754017913,2026-10-08T16:38:03+00:00,replay,Failed,2026-06-05,2.0,-0.0539,-0.0097,0.3255,0.0378,0.2102,0.0396,8.7
1105,0.1.0,NSE,SKYGOLD.NS,up,2026-06-02,B,2,8,95.0,53.22,Weak,549.9000244140625,559.7000122070312,16,0.30416229662999505,2.370491896989432,2026-10-08T16:38:03+00:00,replay,Failed,2026-06-05,3.0,-0.0833,-0.0067,0.0163,0.033,0.442,0.0413,0.35
1222,0.1.0,NSE,THANGAMAYL.NS,up,2026-06-02,B,2,8,96.0,46.33,Weak,4360.80188185301,4577.89501953125,30,0.2737016294335868,2.1985501690709848,2026-10-08T16:38:03+00:00,replay,Confirmed,2026-06-16,10.0,0.1914,-0.0067,0.3757,0.033,0.1822,0.0413,4.94
455,0.1.0,NSE,GPTHEALTH.NS,up,2026-06-02,C,1,4,68.0,1.59,Weak,145.95863335939018,150.05157470703125,16,0.08008208627464564,3.003243623241986,2026-10-08T16:38:03+00:00,replay,Faded,2026-06-16,10.0,-0.0094,-0.0067,0.0334,0.033,0.0197,0.0413,0.59
506,0.1.0,NSE,HEXT.NS,up,2026-06-02,C,4,2,32.0,-20.41,Weak,529.9356661797771,549.6500244140625,65,0.3492004472417627,2.206279113445916,2026-10-08T16:38:03+00:00,replay,Failed,2026-06-11,7.0,-0.051,-0.0067,0.01,0.033,0.0093,0.0413,0.15
846,0.1.0,NSE,NPST.NS,up,2026-06-02,C,4,2,30.0,-26.81,Weak,1313.5821491970114,1329.8646240234375,32,0.40973423455385394,7.2278936998503225,2026-10-08T16:38:03+00:00,replay,Confirmed,2026-06-16,10.0,0.1814,-0.0067,0.2735,0.033,0.2549,0.0413,6.53
889,0.1.0,NSE,PARAGMILK.NS,up,2026-06-02,C,4,2,67.0,-9.46,Weak,235.26611277360809,240.10647583007812,26,0.1422630731697032,2.5399567733202413,2026-10-08T16:38:03+00:00,replay,Faded,2026-06-16,10.0,0.0097,-0.0067,-0.0297,0.033,0.0553,0.0413,-0.6
635,0.1.0,NSE,JSLL.NS,down,2026-06-01,B,4,1,2.0,-4.71,Weak,529.688451325022,487.8604736328125,40,0.46790782501211803,6.845417451232808,2026-10-08T16:38:03+00:00,replay,Failed,2026-06-02,1.0,0.248,-0.0118,0.1942,0.03,0.0412,0.0486,-1.64
152,0.1.0,NSE,BAJAJELEC.NS,down,2026-05-29,B,4,0,3.0,-34.92,Weak,327.05270672620975,311.6416015625,39,0.31075753566751696,4.708564161521297,2026-10-08T16:38:03+00:00,replay,Confirmed,2026-06-12,10.0,-0.0094,-0.0085,0.0161,0.0149,0.0743,0.0364,-0.2
1025,0.1.0,NSE,RVNL.NS,down,2026-05-29,B,4,0,6.0,-23.37,Weak,247.229400634262,244.68731689453125,39,0.2574597184215106,7.820292310180979,2026-10-08T16:38:03+00:00,replay,Confirmed,2026-06-12,10.0,-0.0401,-0.0085,-0.0392,0.0149,-0.1172,0.0364,0.96
1040,0.1.0,NSE,SANOFI.NS,down,2026-05-29,B,4,0,3.0,-28.27,Weak,3117.678487238566,3097.10009765625,40,0.14208859555078468,2.2197271632853517,2026-10-08T16:38:03+00:00,replay,Failed,2026-06-03,3.0,0.0288,-0.0085,0.0998,0.0149,0.0271,0.0364,-2.71
636,0.1.0,NSE,JSWDULUX.NS,up,2026-05-29,C,4,2,46.0,0.74,Weak,3077.066125934543,3103.455078125,60,0.17172850178382704,13.315917491271486,2026-10-08T16:38:03+00:00,replay,Faded,2026-06-12,10.0,-0.013,-0.0085,0.0242,0.0149,0.0022,0.0364,0.63
349,0.1.0,NSE,EIDPARRY.NS,down,2026-05-27,B,4,0,7.0,-19.24,Weak,750.9500122070312,743.4000244140625,42,0.2169918231016783,1.994212962962963,2026-10-08T16:38:03+00:00,replay,Faded,2026-06-11,10.0,0.0106,-0.0205,-0.0395,0.0014,0.0712,0.0258,0.98
381,0.1.0,NSE,EXIDEIND.NS,up,2026-05-27,C,4,4,67.0,-5.07,Weak,378.08815247591303,392.27020263671875,17,0.13913038776638076,7.753520097669012,2026-10-08T16:38:03+00:00,replay,Confirmed,2026-06-11,10.0,0.0235,-0.0205,-0.0193,0.0014,0.1319,0.0258,-0.3
637,0.1.0,NSE,JSWENERGY.NS,up,2026-05-27,C,1,7,78.0,9.86,Weak,583.6649298744447,600.0093383789062,20,0.15924387061534806,2.4578278312581796,2026-10-08T16:38:03+00:00,replay,Failed,2026-06-10,9.0,-0.0199,-0.0205,-0.0229,0.0014,-0.0942,0.0258,-0.41
715,0.1.0,NSE,LMW.NS,up,2026-05-27,C,1,4,55.0,-3.75,Weak,15818.256377467105,15961.94140625,61,0.3299496868140568,1.6099235160001941,2026-10-08T16:38:03+00:00,replay,Faded,2026-06-11,10.0,-0.0124,-0.0205,-0.0015,0.0014,0.2031,0.0258,-0.04
1235,0.1.0,NSE,TIINDIA.NS,up,2026-05-27,C,4,6,74.0,8.04,Weak,3151.282544048408,3208.751220703125,23,0.1552413151577252,1.7502948616320715,2026-10-08T16:38:03+00:00,replay,Failed,2026-06-01,2.0,-0.0349,-0.0205,-0.0586,0.0014,-0.1087,0.0258,-1.24
1247,0.1.0,NSE,TMPV.NS,up,2026-05-27,C,4,2,24.0,-23.72,Weak,390.80812846247557,397.6513671875,57,0.3389399353981637,1.5006311088132978,2026-10-08T16:38:03+00:00,replay,Failed,2026-06-10,9.0,-0.0031,-0.0205,-0.1323,0.0014,-0.2126,0.0258,-2.83
52,0.1.0,NSE,AIAENG.NS,up,2026-05-26,B,2,8,75.0,14.3,Weak,4094.608322348921,4127.8828125,22,0.11081087505155662,3.9797956144676063,2026-10-08T16:38:03+00:00,replay,Confirmed,2026-06-10,10.0,0.0912,-0.0194,0.1657,0.0095,0.0299,0.0312,4.38
124,0.1.0,NSE,ATGL.NS,up,2026-05-26,C,1,6,81.0,10.72,Weak,684.6609127660406,712.8510131835938,19,0.16459792137291185,4.023413099578499,2026-10-08T16:38:03+00:00,replay,Confirmed,2026-06-10,10.0,0.0063,-0.0194,0.0097,0.0095,-0.1018,0.0312,0.14
241,0.1.0,NSE,CHAMBLFERT.NS,up,2026-05-26,C,4,3,43.0,-3.96,Weak,467.50435431898535,471.5992431640625,31,0.12274875724055945,2.9210838587524015,2026-10-08T16:38:03+00:00,replay,Failed,2026-06-08,8.0,-0.0349,-0.0194,-0.0186,0.0095,-0.0933,0.0312,-0.48
315,0.1.0,NSE,DIAMONDYD.NS,up,2026-05-26,C,1,4,62.0,-3.81,Weak,1097.600986186862,1110.1953125,62,0.2784956583347451,45.98658920467158,2026-10-08T16:38:03+00:00,replay,Faded,2026-06-10,10.0,0.0683,-0.0194,0.0176,0.0095,0.0491,0.0312,0.43
1313,0.1.0,NSE,VIVIANA.NS,up,2026-05-26,C,4,2,69.0,-12.93,Weak,956.6923291736455,983.3558959960938,24,0.2773333250944565,8.695978391356542,2026-10-08T16:38:03+00:00,replay,Failed,2026-06-01,3.0,-0.1097,-0.0194,-0.1491,0.0095,-0.263,0.0312,-2.65
388,0.1.0,NSE,FEDFINA.NS,up,2026-05-25,C,3,7,88.0,13.84,Weak,161.08999633789062,164.7899932861328,18,0.1247730412294139,3.2656193997197276,2026-10-08T16:38:03+00:00,replay,Failed,2026-06-08,9.0,-0.038,-0.0178,-0.0843,0.0086,-0.0348,0.0254,-1.63
472,0.1.0,NSE,GUFICBIO.NS,up,2026-05-25,C,4,2,53.0,-10.45,Weak,312.92407778738385,324.97113037109375,65,0.16791051850216254,11.518696633075912,2026-10-08T16:38:03+00:00,replay,Confirmed,2026-06-09,10.0,0.0741,-0.0178,0.1332,0.0086,0.286,0.0254,2.02
487,0.1.0,NSE,HARIOMPIPE.NS,up,2026-05-25,C,4,3,60.0,-12.21,Weak,388.1937246083738,412.34356689453125,63,0.45122184432251977,9.75385219551859,2026-10-08T16:38:03+00:00,replay,Confirmed,2026-06-09,10.0,-0.0347,-0.0178,0.0175,0.0086,-0.1577,0.0254,0.2
565,0.1.0,NSE,INDOTHAI.NS,down,2026-05-25,W,2,3,55.0,-4.74,Weak,240.64462423006813,238.34991455078125,46,0.3266998939817536,2.2151853941184174,2026-10-08T16:38:03+00:00,replay,Faded,2026-06-09,10.0,-0.0429,-0.0178,-0.0307,0.0086,-0.7627,0.0254,0.77
1298,0.1.0,NSE,VBL.NS,up,2026-05-22,C,1,6,74.0,17.31,Weak,533.59716812546,538.8524169921875,16,0.10221597343671629,2.5602960354350066,2026-10-08T16:38:03+00:00,replay,Faded,2026-06-08,10.0,-0.0259,-0.0094,-0.0652,0.0159,-0.2018,0.0388,-1.65
563,0.1.0,NSE,INDOBORAX.NS,up,2026-05-21,B,2,8,90.0,14.26,Weak,269.5534760562952,297.37982177734375,15,0.2123711340206187,27.724637771321568,2026-10-08T16:38:03+00:00,replay,Confirmed,2026-06-05,10.0,0.0612,0.0024,0.1138,0.0292,0.6751,0.0403,0.94
520,0.1.0,NSE,HONAUT.NS,up,2026-05-21,C,4,4,59.0,-14.39,Weak,33006.67629180426,34866.41796875,22,0.18214286023076642,29.544940390414123,2026-10-08T16:38:03+00:00,replay,Confirmed,2026-06-05,10.0,0.0159,0.0024,0.097,0.0292,0.053,0.0403,1.19
922,0.1.0,NSE,PIXTRANS.NS,up,2026-05-21,C,1,7,73.0,6.01,Weak,1616.1139087810564,1633.72802734375,60,0.18965644449582175,11.938470283136168,2026-10-08T16:38:03+00:00,replay,Failed,2026-05-25,2.0,-0.0528,0.0024,-0.0158,0.0292,0.1142,0.0403,-0.39
940,0.1.0,NSE,POLYPLEX.NS,up,2026-05-21,C,4,3,54.0,-5.32,Weak,977.1711770104591,983.0161743164062,15,0.12413793107102089,21.826122229338807,2026-10-08T16:38:03+00:00,replay,Failed,2026-05-25,2.0,-0.0587,0.0024,-0.0315,0.0292,0.1901,0.0403,-0.88
878,0.1.0,NSE,PAGEIND.NS,up,2026-05-19,C,4,3,51.0,-4.73,Weak,38138.67090873584,38336.79296875,20,0.10887096857980838,1.9759384850353146,2026-10-08T16:38:03+00:00,replay,Faded,2026-06-03,10.0,-0.0102,0.0167,0.0423,0.0304,-0.0551,0.0422,1.21
119,0.1.0,NSE,ASTRAL.NS,down,2026-05-19,W,2,4,49.0,6.3,Weak,1454.3125696188104,1446.624755859375,30,0.14067007255804231,3.0919298181740165,2026-10-08T16:38:03+00:00,replay,Failed,2026-05-22,3.0,0.0897,0.0167,0.0806,0.0304,0.0507,0.0422,-2.27
656,0.1.0,NSE,KEC.NS,down,2026-05-18,B,4,0,6.0,-23.33,Weak,495.2811134655989,481.98602294921875,29,0.2314141291220415,3.8205279302540798,2026-10-08T16:38:03+00:00,replay,Faded,2026-06-02,10.0,0.0409,0.0209,0.063,0.0289,-0.0947,0.0491,-1.08
584,0.1.0,NSE,INTERARCH.NS,down,2026-05-18,C,1,0,16.0,-13.7,Weak,1637.7777207234562,1619.9111328125,35,0.3818788045276258,4.754728641173472,2026-10-08T16:38:03+00:00,replay,Failed,2026-05-19,1.0,0.1109,0.0209,0.1383,0.0289,0.0654,0.0491,-3.34
53,0.1.0,NSE,AJANTPHARM.NS,up,2026-05-14,B,2,8,82.0,13.28,Weak,3198.697069555344,3229.61376953125,39,0.19706291013958288,2.669266542969961,2026-10-08T16:38:03+00:00,replay,Failed,2026-05-22,6.0,-0.0338,-0.0005,-0.0628,0.0123,0.1192,0.0462,-1.6
722,0.1.0,NSE,LTM.NS,down,2026-05-14,B,4,1,7.0,-17.18,Weak,3947.103149078269,3868.3583984375,29,0.1960000119383838,2.179615138578638,2026-10-08T16:38:03+00:00,replay,Failed,2026-05-19,3.0,0.0534,-0.0005,0.0076,0.0123,0.2318,0.0462,-0.15
223,0.1.0,NSE,CAPLIPOINT.NS,up,2026-05-14,C,4,4,64.0,-4.15,Weak,1932.1856050898812,2016.6876220703125,64,0.2924081460444774,27.19168561361163,2026-10-08T16:38:03+00:00,replay,Confirmed,2026-05-29,10.0,0.001,-0.0005,0.1707,0.0123,0.2376,0.0462,2.42
217,0.1.0,NSE,BSOFT.NS,down,2026-05-13,A,3,1,10.0,-7.64,Weak,320.2701560558238,314.0618591308594,28,0.23030774213513383,1.8327208645807769,2026-10-08T16:38:03+00:00,replay,Faded,2026-05-27,10.0,0.0028,0.009,-0.0085,0.0099,-0.0024,0.0579,0.17
840,0.1.0,NSE,NIITMTS.NS,down,2026-05-13,C,1,1,4.0,-7.81,Weak,256.22737018824336,241.5322723388672,28,0.3356429269972847,8.79430565998152,2026-10-08T16:38:03+00:00,replay,Confirmed,2026-05-27,10.0,-0.0547,0.009,-0.1305,0.0099,-0.0048,0.0579,1.41
1290,0.1.0,NSE,V2RETAIL.NS,up,2026-05-13,C,3,7,81.0,8.98,Weak,226.97999572753906,237.7899932861328,64,0.3194210157423729,3.1925944457667237,2026-10-08T16:38:03+00:00,replay,Failed,2026-05-18,3.0,-0.0442,0.009,-0.0602,0.0099,-0.0756,0.0579,-0.81
1209,0.1.0,NSE,TCS.NS,down,2026-05-12,B,4,0,8.0,-19.42,Weak,2302.1903717438945,2257.151611328125,27,0.11414213977624188,1.548185364821183,2026-10-08T16:38:03+00:00,replay,Confirmed,2026-05-26,10.0,0.0117,0.0099,-0.059,-0.0083,0.0835,0.0619,1.17
660,0.1.0,NSE,KESORAMIND.NS,up,2026-05-11,B,2,8,98.0,59.93,Weak,11.949999809265137,12.4399995803833,20,0.21938771190667228,1.8458279661427053,2026-10-08T16:38:03+00:00,replay,Faded,2026-05-25,10.0,-0.0603,-0.0147,-0.1262,-0.0246,0.0129,0.0416,-1.85
1249,0.1.0,NSE,TORNTPHARM.NS,up,2026-05-11,B,2,8,80.0,16.72,Weak,4474.008615432514,4508.14111328125,36,0.15804283039259404,1.523854568234051,2026-10-08T16:38:03+00:00,replay,Failed,2026-05-13,2.0,-0.0273,-0.0147,-0.0099,-0.0246,0.0922,0.0416,-0.26
662,0.1.0,NSE,KIMS.NS,up,2026-05-11,C,4,6,74.0,4.56,Weak,757.5,777.8499755859375,46,0.24017684207412815,8.129952520475827,2026-10-08T16:38:03+00:00,replay,Failed,2026-05-18,5.0,-0.0784,-0.0147,-0.0189,-0.0246,0.0535,0.0416,-0.34
167,0.1.0,NSE,BASF.NS,up,2026-05-08,C,4,1,36.0,-5.33,Weak,3933.5343182579863,4002.867919921875,57,0.2683364670064605,4.242496703978492,2026-10-08T16:38:03+00:00,replay,Failed,2026-05-12,2.0,-0.0433,-0.0253,-0.1667,-0.0323,0.022,0.0258,-3.56
104,0.1.0,NSE,ASHIANA.NS,up,2026-05-07,B,1,6,84.0,12.73,Weak,360.31709554462947,372.1185302734375,54,0.30702825319701277,4.0919692546452655,2026-10-08T16:38:03+00:00,replay,Failed,2026-05-12,3.0,-0.0444,-0.0259,-0.0376,-0.0448,0.0222,0.0222,-0.62
278,0.1.0,NSE,CRAFTSMAN.NS,up,2026-05-07,B,2,8,89.0,15.34,Weak,8209.98156275324,8626.4736328125,61,0.27412233774097694,45.98959642419706,2026-10-08T16:38:03+00:00,replay,Confirmed,2026-05-21,10.0,-0.0081,-0.0259,0.0392,-0.0448,0.2236,0.0222,0.51
276,0.1.0,NSE,COSMOFIRST.NS,up,2026-05-07,C,4,2,64.0,-13.03,Weak,759.5685685010213,765.3406372070312,53,0.31674280438541413,3.214877584993819,2026-10-08T16:38:03+00:00,replay,Faded,2026-05-21,10.0,-0.0078,-0.0259,-0.0663,-0.0448,0.1393,0.0222,-1.78
325,0.1.0,NSE,DMCC.NS,up,2026-05-07,C,4,6,71.0,4.44,Weak,301.6520638370878,309.68157958984375,15,0.1395722440179883,4.0134633569321325,2026-10-08T16:38:03+00:00,replay,Failed,2026-05-20,9.0,0.033,-0.0259,-0.2141,-0.0448,-0.1077,0.0222,-3.88
938,0.1.0,NSE,POLYCAB.NS,up,2026-05-07,C,3,8,87.0,14.49,Weak,8680.811344524853,8960.484375,43,0.3036395616412517,3.43685878488098,2026-10-08T16:38:03+00:00,replay,Confirmed,2026-05-21,10.0,0.0238,-0.0259,0.0546,-0.0448,0.0396,0.0222,0.91
428,0.1.0,NSE,GLOBAL.NS,up,2026-05-06,B,2,8,96.0,35.6,Weak,111.80044831576373,113.3428726196289,46,0.24625617819028678,4.963839539686301,2026-10-08T16:38:03+00:00,replay,Failed,2026-05-12,4.0,-0.0938,-0.0327,-0.0455,-0.0289,-0.0823,0.026,-1.05
1100,0.1.0,NSE,SJS.NS,up,2026-05-06,B,2,8,92.0,22.69,Weak,1926.8693449821383,1946.3377685546875,48,0.284098414021172,5.0947680981420875,2026-10-08T16:38:03+00:00,replay,Failed,2026-05-18,8.0,-0.0074,-0.0327,0.0279,-0.0289,0.2898,0.026,0.7
883,0.1.0,NSE,PANACEABIO.NS,up,2026-05-06,C,4,3,37.0,-8.17,Weak,385.8999938964844,398.6499938964844,62,0.31976744853524486,4.224314080013967,2026-10-08T16:38:03+00:00,replay,Failed,2026-05-12,4.0,-0.0186,-0.0327,0.3551,-0.0289,0.0507,0.026,5.82
1349,0.1.0,NSE,YESBANK.NS,up,2026-05-06,C,3,4,62.0,-2.72,Weak,21.989999771118164,22.1299991607666,60,0.27848830207610464,3.8460637568982454,2026-10-08T16:38:03+00:00,replay,Faded,2026-05-20,10.0,-0.0009,-0.0327,0.0529,-0.0289,0.038,0.026,1.46
280,0.1.0,NSE,CREDITACC.NS,up,2026-05-05,C,4,6,77.0,3.06,Weak,1463.800048828125,1523.699951171875,65,0.31518423075303237,39.153474818811745,2026-10-08T16:38:03+00:00,replay,Failed,2026-05-12,5.0,-0.0872,-0.0223,-0.164,-0.0136,0.0222,0.0387,-2.41
676,0.1.0,NSE,KMEW.NS,up,2026-05-04,B,2,8,98.0,39.8,Weak,1900.0,2036.199951171875,60,0.34847409510290994,9.210360476415403,2026-10-08T16:38:03+00:00,replay,Confirmed,2026-05-18,10.0,0.0792,-0.0015,-0.1158,-0.0166,0.2246,0.0426,-1.22
548,0.1.0,NSE,INDGN.NS,up,2026-05-04,C,4,3,57.0,-4.75,Weak,509.51290522185724,531.0184326171875,40,0.23611112561517644,2.8015065997308946,2026-10-08T16:38:03+00:00,replay,Faded,2026-05-18,10.0,0.0181,-0.0015,-0.0251,-0.0166,0.0268,0.0426,-0.36
1017,0.1.0,NSE,RPGLIFE.NS,up,2026-04-30,C,4,4,54.0,4.96,Weak,2208.1754888843966,2272.53955078125,64,0.2867858125663596,147.7919368688332,2026-10-08T16:38:03+00:00,replay,Confirmed,2026-05-15,10.0,0.0732,0.019,-0.0446,-0.0072,0.2181,0.0343,-0.78
1299,0.1.0,NSE,VEDL.NS,down,2026-04-30,W,2,3,1.0,-47.63,Weak,623.8314830441832,271.54998779296875,24,0.27438262032006766,4.560386063762859,2026-10-08T16:38:03+00:00,replay,Confirmed,2026-05-15,10.0,0.0917,0.019,0.2283,-0.0072,-0.0269,0.0343,-0.17
555,0.1.0,NSE,INDIAGLYCO.NS,up,2026-04-29,C,3,6,83.0,7.06,Weak,995.0595676012679,1030.800048828125,51,0.23632678813921904,4.425413662533893,2026-10-08T16:38:03+00:00,replay,Confirmed,2026-05-14,10.0,0.1062,0.015,-0.0336,-0.0189,0.0946,0.0211,-0.53
1020,0.1.0,NSE,RRKABEL.NS,up,2026-04-28,B,2,8,85.0,8.69,Weak,1574.2316486883878,1604.954345703125,37,0.23171770439094375,7.622787133233467,2026-10-08T16:38:03+00:00,replay,Faded,2026-05-13,10.0,0.117,0.0162,0.278,-0.0048,0.5944,0.0258,5.72
173,0.1.0,NSE,BBOX.NS,up,2026-04-28,C,3,6,90.0,10.6,Weak,588.1530572664152,638.984130859375,48,0.3255683674338039,17.746918861906117,2026-10-08T16:38:03+00:00,replay,Confirmed,2026-05-13,10.0,0.126,0.0162,0.6209,-0.0048,0.1575,0.0258,5.79
35,0.1.0,NSE,ADVENZYMES.NS,up,2026-04-27,C,4,5,73.0,-0.84,Weak,317.82873264749895,329.1299743652344,40,0.2669180538584255,8.985392269832937,2026-10-08T16:38:03+00:00,replay,Confirmed,2026-05-12,10.0,0.082,-0.0006,0.1246,0.0064,-0.0555,0.0129,1.97
735,0.1.0,NSE,MAANALU.NS,up,2026-04-27,C,2,7,90.0,13.83,Weak,161.66000366210938,164.11000061035156,63,0.40268983654758683,28.51777283166144,2026-10-08T16:38:03+00:00,replay,Failed,2026-04-28,1.0,-0.0908,-0.0006,-0.1309,0.0064,-0.3241,0.0129,-2.94
1297,0.1.0,NSE,VBL.NS,up,2026-04-27,C,4,4,62.0,7.05,Weak,504.12712933458334,517.7798461914062,65,0.3275591250295411,5.95908962611982,2026-10-08T16:38:03+00:00,replay,Failed,2026-05-12,10.0,-0.0128,-0.0006,0.0311,0.0064,-0.1705,0.0129,0.56
573,0.1.0,NSE,INFY.NS,down,2026-04-24,B,4,0,10.0,-20.46,Weak,1189.3628638376754,1130.144287109375,24,0.13315783590850705,2.9432548770638767,2026-10-08T16:38:03+00:00,replay,Confirmed,2026-05-11,10.0,0.012,0.0116,0.0113,0.0145,-0.0451,0.0258,-0.14
14,0.1.0,NSE,ABCOTS.NS,down,2026-04-24,C,1,0,7.0,-24.54,Weak,335.0,310.8500061035156,25,0.32522391703591413,10.849164201203637,2026-10-08T16:38:03+00:00,replay,Confirmed,2026-05-11,10.0,-0.302,0.0116,-0.2816,0.0145,-0.3515,0.0258,2.56
427,0.1.0,NSE,GLENMARK.NS,up,2026-04-23,C,2,7,87.0,17.65,Weak,2295.6158207278836,2332.678955078125,27,0.16852277616323397,3.0516969300484207,2026-10-08T16:38:03+00:00,replay,Confirmed,2026-05-08,10.0,0.0305,-0.0056,0.0009,0.0052,-0.0612,0.0045,0.02
759,0.1.0,NSE,MARKSANS.NS,up,2026-04-23,C,4,2,55.0,-8.21,Weak,191.21228373620147,192.71812438964844,47,0.2370323220640771,6.459242689731889,2026-10-08T16:38:03+00:00,replay,Failed,2026-04-28,3.0,-0.0446,-0.0056,0.1398,0.0052,0.2745,0.0045,3.72
160,0.1.0,NSE,BALRAMCHIN.NS,up,2026-04-22,C,4,5,73.0,-2.91,Weak,527.0,541.5499877929688,26,0.1896162528216705,2.7556392760538957,2026-10-08T16:38:03+00:00,replay,Failed,2026-04-28,4.0,-0.0579,-0.0052,-0.0119,-0.0148,0.1316,-0.0004,-0.21
380,0.1.0,NSE,EXIDEIND.NS,up,2026-04-22,C,4,2,46.0,-9.34,Weak,350.12214892261227,352.8590393066406,64,0.22578391511404927,8.901563660764557,2026-10-08T16:38:03+00:00,replay,Faded,2026-05-07,10.0,0.0251,-0.0052,-0.0417,-0.0148,0.2462,-0.0004,-1.11
497,0.1.0,NSE,HCLTECH.NS,down,2026-04-22,C,1,1,18.0,-5.08,Weak,1260.4539653473184,1248.4100341796875,22,0.13654934430550725,9.06047165590694,2026-10-08T16:38:03+00:00,replay,Confirmed,2026-05-07,10.0,-0.0483,-0.0052,-0.077,-0.0148,-0.003,-0.0004,1.93
1049,0.1.0,NSE,SATIA.NS,up,2026-04-22,C,4,4,56.0,-8.85,Weak,70.47929256414248,74.00822448730469,42,0.3956693031959806,5.1369724029946005,2026-10-08T16:38:03+00:00,replay,Failed,2026-04-29,5.0,-0.0838,-0.0052,-0.1331,-0.0148,-0.16,-0.0004,-1.75
1102,0.1.0,NSE,SJVN.NS,up,2026-04-22,C,4,2,41.0,-6.38,Weak,79.82746580948519,80.42163848876953,44,0.27344745458640873,2.520081756909203,2026-10-08T16:38:03+00:00,replay,Faded,2026-05-07,10.0,-0.0031,-0.0052,-0.096,-0.0148,-0.1629,-0.0004,-2.58
632,0.1.0,NSE,JSFB.NS,up,2026-04-21,C,4,3,51.0,-11.08,Weak,421.79998779296875,433.1000061035156,65,0.2781817811908145,7.022057645266728,2026-10-08T16:38:03+00:00,replay,Confirmed,2026-05-06,10.0,0.1348,-0.012,0.0402,-0.0191,0.2751,0.0045,0.73
704,0.1.0,NSE,LICHSGFIN.NS,up,2026-04-21,C,4,3,61.0,-2.56,Weak,540.5467556403776,554.026123046875,34,0.20156907427245963,3.1695158580526894,2026-10-08T16:38:03+00:00,replay,Faded,2026-05-06,10.0,-0.0268,-0.012,-0.0481,-0.0191,-0.047,0.0045,-0.9
830,0.1.0,NSE,NESTLEIND.NS,up,2026-04-21,C,3,7,73.0,5.97,Weak,1328.4143340861224,1373.2984619140625,34,0.15128517640655215,8.45020674216229,2026-10-08T16:38:03+00:00,replay,Confirmed,2026-05-06,10.0,0.0436,-0.012,0.0193,-0.0191,0.0876,0.0045,0.31
1241,0.1.0,NSE,TIPSMUSIC.NS,up,2026-04-21,C,4,3,69.0,3.88,Weak,595.0,600.5,40,0.23662061217444297,1.677556890652873,2026-10-08T16:38:03+00:00,replay,Confirmed,2026-05-06,10.0,0.0972,-0.012,0.0972,-0.0191,0.0372,0.0045,2.5
291,0.1.0,NSE,CUPID.NS,up,2026-04-17,B,2,8,99.0,92.21,Weak,96.5999984741211,103.16000366210938,59,0.3214774348910483,1.6715871170491023,2026-10-08T16:38:03+00:00,replay,Confirmed,2026-05-04,10.0,0.0963,-0.0131,0.1084,-0.0152,1.0092,0.0205,1.18
81,0.1.0,NSE,APOLLO.NS,up,2026-04-17,C,3,7,94.0,23.67,Weak,267.8352786329572,282.7261047363281,64,0.4930362742987602,8.710539945101939,2026-10-08T16:38:03+00:00,replay,Confirmed,2026-05-04,10.0,0.0035,-0.0131,0.2043,-0.0152,0.3885,0.0205,2.52
184,0.1.0,NSE,BHARATWIRE.NS,up,2026-04-17,C,4,5,83.0,22.42,Weak,196.99000549316406,221.9600067138672,37,0.33092367275282863,42.43297456454734,2026-10-08T16:38:03+00:00,replay,Confirmed,2026-05-04,10.0,0.0088,-0.0131,-0.0165,-0.0152,-0.0956,0.0205,-0.12
808,0.1.0,NSE,NAM-INDIA.NS,up,2026-04-17,C,3,8,91.0,23.19,Weak,998.1027303147496,1004.08740234375,48,0.2671104406233329,2.3987814102158787,2026-10-08T16:38:03+00:00,replay,Faded,2026-05-04,10.0,-0.0352,-0.0131,0.0662,-0.0152,0.1784,0.0205,1.85
1233,0.1.0,NSE,TI.NS,up,2026-04-17,C,4,7,89.0,9.76,Weak,463.80909922597476,469.09893798828125,23,0.12654549892271416,3.1330091044340374,2026-10-08T16:38:03+00:00,replay,Faded,2026-05-04,10.0,-0.0305,-0.0131,-0.0935,-0.0152,-0.0578,0.0205,-2.28
187,0.1.0,NSE,BHEL.NS,up,2026-04-16,B,2,8,88.0,16.14,Weak,304.91639391546636,308.2655944824219,64,0.2790065617217896,1.991749369735113,2026-10-08T16:38:03+00:00,replay,Confirmed,2026-04-30,10.0,0.0916,0.0068,0.2781,-0.0086,0.3689,0.03,6.86
1057,0.1.0,NSE,SCI.NS,up,2026-04-16,B,2,8,95.0,15.5,Weak,277.55577019846555,287.9504089355469,36,0.2801654768256001,6.253451592252175,2026-10-08T16:38:03+00:00,replay,Confirmed,2026-04-30,10.0,0.0127,0.0068,0.193,-0.0086,-0.0249,0.03,2.97
1063,0.1.0,NSE,SENORES.NS,up,2026-04-16,B,2,8,91.0,20.48,Weak,876.5,890.2999877929688,64,0.24150141643059486,2.2949595664452636,2026-10-08T16:38:03+00:00,replay,Confirmed,2026-04-30,10.0,0.012,0.0068,0.2687,-0.0086,0.5782,0.03,5.97
115,0.1.0,NSE,ASTEC.NS,up,2026-04-16,C,4,4,64.0,-7.65,Weak,714.7000122070312,750.2000122070312,65,0.39209189368993513,8.315098711999472,2026-10-08T16:38:03+00:00,replay,Faded,2026-04-30,10.0,-0.0211,0.0068,0.0061,-0.0086,-0.0792,0.03,0.08
121,0.1.0,NSE,ASTRAMICRO.NS,up,2026-04-16,C,1,5,79.0,5.55,Weak,1057.4521318786724,1073.179931640625,22,0.2443595084343435,2.1777749511194906,2026-10-08T16:38:03+00:00,replay,Confirmed,2026-04-30,10.0,0.0566,0.0068,0.0116,-0.0086,0.6012,0.03,0.26
1260,0.1.0,NSE,TVSELECT.NS,up,2026-04-16,C,1,3,66.0,-7.16,Weak,435.8999938964844,440.3500061035156,64,0.29654960758317306,6.927106845636403,2026-10-08T16:38:03+00:00,replay,Confirmed,2026-04-30,10.0,0.0322,0.0068,0.0364,-0.0086,0.1493,0.03,0.92
1312,0.1.0,NSE,VISHNU.NS,up,2026-04-16,C,3,6,85.0,5.73,Weak,565.8283470973386,586.4185180664062,65,0.20140061234829942,6.21846842847249,2026-10-08T16:38:03+00:00,replay,Confirmed,2026-04-30,10.0,0.0107,0.0068,-0.0128,-0.0086,0.0325,0.03,-0.2
672,0.1.0,NSE,KIRLOSENG.NS,up,2026-04-15,B,2,8,98.0,45.24,Weak,1526.7719687771537,1593.630615234375,24,0.21922063127983038,2.9100534564782707,2026-10-08T16:38:03+00:00,replay,Confirmed,2026-04-29,10.0,0.027,0.0175,0.0897,-0.0029,0.5004,0.0282,1.27
146,0.1.0,NSE,AZAD.NS,up,2026-04-15,C,1,6,84.0,9.15,Weak,1769.0,1836.4000244140625,30,0.3007352941176471,2.9794798151660915,2026-10-08T16:38:03+00:00,replay,Confirmed,2026-04-29,10.0,0.0621,0.0175,0.1426,-0.0029,0.3113,0.0282,2.17
629,0.1.0,NSE,JPPOWER.NS,up,2026-04-15,C,4,4,73.0,2.52,Weak,17.979999542236328,18.850000381469727,65,0.3673003850813712,3.9056909040621246,2026-10-08T16:38:03+00:00,replay,Confirmed,2026-04-29,10.0,0.0679,0.0175,0.0366,-0.0029,-0.0987,0.0282,0.49
665,0.1.0,NSE,KINGFA.NS,up,2026-04-15,C,2,7,86.0,13.74,Weak,4613.114258435006,4688.5546875,39,0.17876237676001705,3.1373949890369786,2026-10-08T16:38:03+00:00,replay,Confirmed,2026-04-29,10.0,0.0259,0.0175,0.1004,-0.0029,0.0854,0.0282,2.2
1091,0.1.0,NSE,SIEMENS.NS,up,2026-04-15,C,1,7,81.0,11.2,Weak,3423.178558589106,3558.613037109375,28,0.18375778736143156,5.2188656563573845,2026-10-08T16:38:03+00:00,replay,Confirmed,2026-04-29,10.0,0.075,0.0175,0.0033,-0.0029,0.0228,0.0282,0.05
1341,0.1.0,NSE,WSTCSTPAPR.NS,up,2026-04-15,C,4,5,75.0,3.18,Weak,462.6217751257413,485.20806884765625,39,0.2398667096440541,3.0538391472391124,2026-10-08T16:38:03+00:00,replay,Confirmed,2026-04-29,10.0,0.0135,0.0175,-0.0421,-0.0029,0.0792,0.0282,-0.56
674,0.1.0,NSE,KIRLPNU.NS,up,2026-04-13,C,4,4,76.0,4.38,Weak,608.0139243987915,616.3258666992188,41,0.18372088151277932,2.16393940839334,2026-10-08T16:38:03+00:00,replay,Confirmed,2026-04-28,10.0,0.1,0.0389,0.231,0.0196,0.4292,0.0489,5.36
690,0.1.0,NSE,KRN.NS,up,2026-04-13,C,1,7,94.0,22.37,Weak,1031.800048828125,1050.050048828125,28,0.25324919728723083,2.04706489024363,2026-10-08T16:38:03+00:00,replay,Confirmed,2026-04-28,10.0,0.155,0.0389,0.1272,0.0196,0.2242,0.0489,2.71
1145,0.1.0,NSE,STYRENIX.NS,up,2026-04-13,C,4,1,53.0,-14.83,Weak,2083.550868258522,2127.597412109375,18,0.18258427084081363,2.4627245793234818,2026-10-08T16:38:03+00:00,replay,Confirmed,2026-04-28,10.0,0.0453,0.0389,0.0823,0.0196,0.046,0.0489,1.64
1334,0.1.0,NSE,WINDMACHIN.NS,up,2026-04-13,C,4,2,53.0,-11.05,Weak,276.0,277.3999938964844,65,0.3755295708724955,3.45667970170808,2026-10-08T16:38:03+00:00,replay,Confirmed,2026-04-28,10.0,0.0484,0.0389,0.0856,0.0196,0.1236,0.0489,2.45
151,0.1.0,NSE,BAJAJCON.NS,up,2026-04-10,B,2,8,99.0,69.67,Weak,408.70001220703125,432.25,28,0.2771875381469726,2.5598321375336175,2026-10-08T16:38:03+00:00,replay,Confirmed,2026-04-27,10.0,0.0973,0.0232,0.2152,0.0014,0.3661,0.0382,2.6
287,0.1.0,NSE,CUMMINSIND.NS,up,2026-04-10,B,2,8,96.0,33.97,Weak,4945.976894386385,5096.42919921875,26,0.13495674187944928,1.6484790654375712,2026-10-08T16:38:03+00:00,replay,Confirmed,2026-04-27,10.0,0.012,0.0232,0.0143,0.0014,0.069,0.0382,0.24
1085,0.1.0,NSE,SHRIPISTON.NS,up,2026-04-10,B,2,8,95.0,39.08,Weak,3397.5129474148953,3603.87353515625,61,0.3253976666003011,5.146489930306629,2026-10-08T16:38:03+00:00,replay,Confirmed,2026-04-27,10.0,0.0054,0.0232,-0.0575,0.0014,0.1608,0.0382,-0.67
1119,0.1.0,NSE,SONACOMS.NS,up,2026-04-10,C,2,7,88.0,18.44,Weak,547.8576641807896,552.6437377929688,44,0.15819991045054094,2.1191911010384774,2026-10-08T16:38:03+00:00,replay,Confirmed,2026-04-27,10.0,0.0402,0.0232,0.0669,0.0014,0.2066,0.0382,1.74
1345,0.1.0,NSE,YATHARTH.NS,up,2026-04-10,C,3,7,91.0,17.83,Weak,728.5686785810176,753.3040771484375,30,0.18903930256250323,1.5019393122578582,2026-10-08T16:38:03+00:00,replay,Faded,2026-04-27,10.0,-0.0133,0.0232,0.1106,0.0014,0.1001,0.0382,1.79
407,0.1.0,NSE,GAEL.NS,up,2026-04-09,B,2,8,93.0,29.5,Weak,148.84452505306837,152.51797485351562,29,0.220112924450661,2.7057214388633075,2026-10-08T16:38:03+00:00,replay,Faded,2026-04-24,10.0,-0.0299,0.0377,0.0892,0.0119,-0.0242,0.0594,1.67
945,0.1.0,NSE,POWERINDIA.NS,up,2026-04-09,B,2,8,98.0,43.21,Weak,26318.715933551164,27308.478515625,19,0.12499996952968573,1.6852060844933912,2026-10-08T16:38:03+00:00,replay,Confirmed,2026-04-24,10.0,0.0589,0.0377,0.1812,0.0119,0.1684,0.0594,2.78
68,0.1.0,NSE,ANGELONE.NS,up,2026-04-09,C,3,5,88.0,5.64,Weak,277.9764532969987,280.93115234375,38,0.3462589490048895,3.476832438768025,2026-10-08T16:38:03+00:00,replay,Confirmed,2026-04-24,10.0,0.1443,0.0377,0.0614,0.0119,0.2074,0.0594,1.53
970,0.1.0,NSE,QPOWER.NS,up,2026-04-09,C,3,7,97.0,29.74,Weak,924.1968564767653,969.0079345703125,33,0.21255811188693197,1.9187254480592226,2026-10-08T16:38:03+00:00,replay,Confirmed,2026-04-24,10.0,0.2435,0.0377,0.2555,0.0119,0.2552,0.0594,3.41
27,0.1.0,NSE,ADANIENSOL.NS,up,2026-04-08,B,2,8,85.0,13.04,Weak,1067.699951171875,1073.300048828125,62,0.32947327061352083,2.4435237883533887,2026-10-08T16:38:03+00:00,replay,Confirmed,2026-04-23,10.0,0.1391,0.0235,0.2489,0.0298,0.541,0.0547,7.1
1243,0.1.0,NSE,TITAN.NS,up,2026-04-08,B,2,8,90.0,20.17,Weak,4364.080045827646,4477.80712890625,36,0.14467970679710818,3.921361351591479,2026-10-08T16:38:03+00:00,replay,Confirmed,2026-04-23,10.0,-0.0069,0.0235,-0.0639,0.0298,0.0238,0.0547,-1.17
1170,0.1.0,NSE,SUYOG.NS,up,2026-04-08,C,4,5,78.0,-4.34,Weak,721.8700384951755,767.901123046875,18,0.24260927831747203,5.164126934896078,2026-10-08T16:38:03+00:00,replay,Confirmed,2026-04-23,10.0,0.0337,0.0235,0.057,0.0298,0.1339,0.0547,0.65
810,0.1.0,NSE,NATCOPHARM.NS,up,2026-04-07,B,1,7,93.0,27.27,Weak,1051.233467891178,1080.5841064453125,16,0.13911725539277486,1.9197493522171274,2026-10-08T16:38:03+00:00,replay,Confirmed,2026-04-22,10.0,0.0084,0.061,0.0853,0.0854,-0.1116,0.0838,1.51
410,0.1.0,NSE,GALLANTT.NS,up,2026-04-07,C,4,6,93.0,8.49,Weak,607.7643054756174,639.7965087890625,39,0.1965475991134087,248.22084645729277,2026-10-08T16:38:03+00:00,replay,Confirmed,2026-04-22,10.0,0.2305,0.061,0.3537,0.0854,0.0322,0.0838,4.5
731,0.1.0,NSE,LUXIND.NS,up,2026-04-07,C,4,3,69.0,-18.78,Weak,1116.3541204255987,1204.5845947265625,65,0.3573204984273535,81.44095622354028,2026-10-08T16:38:03+00:00,replay,Confirmed,2026-04-22,10.0,0.1767,0.061,0.2951,0.0854,0.0127,0.0838,2.92
63,0.1.0,NSE,ANANDRATHI.NS,up,2026-04-06,B,2,8,95.0,31.82,Weak,1617.3271915055336,1638.236083984375,19,0.11643133487839186,1.6947381029138149,2026-10-08T16:38:03+00:00,replay,Confirmed,2026-04-21,10.0,0.0942,0.0465,0.1009,0.0953,0.2573,0.0809,2.38
1363,0.1.0,NSE,ZYDUSWELL.NS,up,2026-04-06,C,3,7,92.0,15.83,Weak,485.82945921908805,508.3345031738281,57,0.3244457155345344,16.45125266842578,2026-10-08T16:38:03+00:00,replay,Faded,2026-04-21,10.0,0.0166,0.0465,-0.011,0.0953,0.0992,0.0809,-0.15
143,0.1.0,NSE,AXISCADES.NS,up,2026-04-01,C,3,7,93.0,22.67,Weak,1546.9000244140625,1583.699951171875,26,0.20842125921141674,1.6186567802477716,2026-10-08T16:38:03+00:00,replay,Confirmed,2026-04-17,10.0,0.0815,0.0527,0.3446,0.0895,0.0084,0.1194,6.56
768,0.1.0,NSE,MBAPL.NS,up,2026-04-01,C,3,8,96.0,26.89,Weak,97.80347311773237,100.87075805664062,28,0.13495655116964178,2.660380080668915,2026-10-08T16:38:03+00:00,replay,Confirmed,2026-04-17,10.0,0.0699,0.0527,0.117,0.0895,0.1837,0.1194,1.97
96,0.1.0,NSE,ARTEMISMED.NS,down,2026-03-30,A,3,0,46.0,-6.06,Weak,209.7072857853506,205.1649169921875,36,0.1853755660660028,1.5904249094607048,2026-10-08T16:38:03+00:00,replay,Failed,2026-04-01,1.0,0.1176,0.0784,0.2155,0.1122,0.2644,0.1351,-4.08
21,0.1.0,NSE,ACE.NS,down,2026-03-30,B,4,0,24.0,-18.87,Weak,774.0283352636709,747.5769653320312,42,0.21219937493782615,2.087979930401903,2026-10-08T16:38:03+00:00,replay,Failed,2026-04-01,1.0,0.1444,0.0784,0.188,0.1122,0.3217,0.1351,-2.83
888,0.1.0,NSE,PARAGMILK.NS,down,2026-03-30,B,4,1,42.0,-15.37,Weak,186.84245404114262,179.13369750976562,22,0.12313424746115365,1.518923223154978,2026-10-08T16:38:03+00:00,replay,Failed,2026-04-02,2.0,0.121,0.0784,0.239,0.1122,0.3239,0.1351,-3.22
120,0.1.0,NSE,ASTRAMICRO.NS,down,2026-03-30,C,1,1,69.0,-1.82,Weak,863.3770760632117,854.4896850585938,45,0.22478597266028366,1.6470365062839505,2026-10-08T16:38:03+00:00,replay,Failed,2026-04-01,1.0,0.178,0.0784,0.298,0.1122,1.1602,0.1351,-7.32
502,0.1.0,NSE,HEMIPROP.NS,down,2026-03-27,A,3,1,55.0,-7.66,Weak,125.61000061035156,117.69000244140625,41,0.16630840926790724,3.8388890809939737,2026-10-08T16:38:03+00:00,replay,Faded,2026-04-15,10.0,0.0116,0.0131,0.0886,0.0791,0.1904,0.1068,-0.89
368,0.1.0,NSE,EPACK.NS,down,2026-03-27,B,4,0,15.0,-28.07,Weak,216.5,212.1699981689453,39,0.3001847123989607,2.0062081849173863,2026-10-08T16:38:03+00:00,replay,Failed,2026-04-08,6.0,0.0409,0.0131,0.3165,0.0791,0.119,0.1068,-6.2
669,0.1.0,NSE,KIRLOSBROS.NS,down,2026-03-27,B,4,0,46.0,-13.06,Weak,1444.406774746435,1421.095458984375,44,0.15525207599138424,1.836903520075534,2026-10-08T16:38:03+00:00,replay,Failed,2026-04-08,6.0,0.0055,0.0131,0.2127,0.0791,0.3446,0.1068,-4.54
397,0.1.0,NSE,FINPIPE.NS,down,2026-03-24,B,4,0,53.0,-1.07,Weak,159.27193851760802,157.6311798095703,64,0.22015916259738644,2.8273260189820504,2026-10-08T16:38:03+00:00,replay,Faded,2026-04-10,10.0,-0.0085,-0.0061,0.0953,0.0806,0.0899,0.0915,-2.34
452,0.1.0,NSE,GOODLUCK.NS,down,2026-03-23,A,3,4,75.0,4.58,Weak,327.7118476500139,306.0301513671875,38,0.2792317069825163,2.131310717334377,2026-10-08T16:38:03+00:00,replay,Failed,2026-04-01,5.0,0.1272,0.0131,0.3446,0.1044,0.6032,0.113,-3.35
714,0.1.0,NSE,LMW.NS,down,2026-03-23,C,1,0,45.0,-4.3,Weak,13470.41367443368,12579.3701171875,42,0.19851845781159083,2.1527962784597414,2026-10-08T16:38:03+00:00,replay,Faded,2026-04-09,10.0,-0.0144,0.0131,0.1509,0.1044,0.267,0.113,-1.47
843,0.1.0,NSE,NOCIL.NS,up,2026-03-23,C,4,3,71.0,-9.29,Weak,157.5287820267183,158.8563690185547,60,0.26885329361823973,175.88157304456828,2026-10-08T16:38:03+00:00,replay,Failed,2026-03-30,4.0,0.021,0.0131,0.1503,0.1044,0.1386,0.113,3.94
793,0.1.0,NSE,MRF.NS,down,2026-03-20,A,3,2,63.0,-4.18,Weak,129795.8649403681,127312.7890625,34,0.17246692187869916,1.5224244766816848,2026-10-08T16:38:03+00:00,replay,Faded,2026-04-08,10.0,0.0075,-0.0375,0.0361,0.0582,0.0158,0.0837,-0.72
44,0.1.0,NSE,AETHER.NS,up,2026-03-20,B,2,8,96.0,48.52,Weak,1083.5999755859375,1155.550048828125,32,0.21534320912674132,5.060476597033834,2026-10-08T16:38:03+00:00,replay,Confirmed,2026-04-08,10.0,-0.0528,-0.0375,-0.0361,0.0582,0.1467,0.0837,-0.4
903,0.1.0,NSE,PETRONET.NS,down,2026-03-20,C,1,2,64.0,-2.23,Weak,260.4948564567099,254.71157836914062,64,0.2387097442289996,2.3709764567347293,2026-10-08T16:38:03+00:00,replay,Faded,2026-04-08,10.0,-0.0357,-0.0375,0.0613,0.0582,0.1081,0.0837,-1.15
1153,0.1.0,NSE,SUNDARMFIN.NS,down,2026-03-20,W,2,4,72.0,2.66,Weak,4682.114955663409,4653.4619140625,65,0.1986901900962985,2.1465805773284106,2026-10-08T16:38:03+00:00,replay,Failed,2026-04-08,10.0,-0.0647,-0.0375,0.0164,0.0582,-0.0109,0.0837,-0.45
703,0.1.0,NSE,LICHSGFIN.NS,down,2026-03-19,B,4,1,56.0,-5.23,Weak,478.4926774485435,473.98321533203125,32,0.12968657853391563,1.5976475991269972,2026-10-08T16:38:03+00:00,replay,Failed,2026-03-27,5.0,0.0466,-0.0097,0.1283,0.0747,0.1387,0.0895,-3.22
748,0.1.0,NSE,MANKIND.NS,down,2026-03-19,B,4,0,55.0,-3.25,Weak,2012.300048828125,2000.800048828125,17,0.13546680261443877,1.7708425870345916,2026-10-08T16:38:03+00:00,replay,Faded,2026-04-07,10.0,0.019,-0.0097,0.146,0.0747,0.241,0.0895,-4.06
683,0.1.0,NSE,KPIL.NS,down,2026-03-17,A,3,4,64.0,2.88,Weak,1051.5763487638733,1045.5247802734375,37,0.17877360279428522,6.013921942121662,2026-10-08T16:38:03+00:00,replay,Failed,2026-03-25,6.0,-0.002,-0.0278,0.1852,0.0634,0.3661,0.0735,-5.15
524,0.1.0,NSE,HUBTOWN.NS,down,2026-03-16,B,4,2,45.0,-17.73,Weak,194.5399932861328,190.3300018310547,33,0.30564412853871326,2.0127771058068498,2026-10-08T16:38:03+00:00,replay,Faded,2026-04-01,10.0,-0.0288,-0.0388,0.1145,0.0636,0.0247,0.0765,-2.17
946,0.1.0,NSE,PPL.NS,down,2026-03-16,B,4,0,6.0,-35.09,Weak,184.7975192363752,183.6772918701172,33,0.23872113103604176,1.7630263274191753,2026-10-08T16:38:03+00:00,replay,Failed,2026-03-18,2.0,-0.0001,-0.0388,0.1597,0.0636,0.4013,0.0765,-4.4
54,0.1.0,NSE,AJAXENGG.NS,down,2026-03-13,B,4,0,21.0,-20.13,Weak,465.0,460.54998779296875,18,0.1190322055611559,1.838349663290235,2026-10-08T16:38:03+00:00,replay,Failed,2026-03-17,2.0,0.0227,-0.003,0.063,0.0691,0.2158,0.0849,-1.58
461,0.1.0,NSE,GRAVITA.NS,down,2026-03-13,B,4,0,35.0,-12.46,Weak,1460.0,1420.0,32,0.20808222522474318,2.274547820385353,2026-10-08T16:38:03+00:00,replay,Confirmed,2026-03-30,10.0,-0.0104,-0.003,0.1555,0.0691,0.2158,0.0849,-2.63
1000,0.1.0,NSE,REMSONSIND.NS,down,2026-03-13,B,4,0,33.0,-14.12,Weak,101.03894102220633,98.92585754394531,32,0.2528361443548188,2.949063421579431,2026-10-08T16:38:03+00:00,replay,Confirmed,2026-03-30,10.0,-0.1304,-0.003,0.0021,0.0691,-0.1298,0.0849,-0.04
277,0.1.0,NSE,CRAFTSMAN.NS,down,2026-03-13,W,2,6,84.0,11.94,Weak,6714.806202717593,6665.86572265625,64,0.2226684307628306,2.3219509112357657,2026-10-08T16:38:03+00:00,replay,Failed,2026-03-25,8.0,0.0357,-0.003,0.1524,0.0691,0.4234,0.0849,-4.06
155,0.1.0,NSE,BAJFINANCE.NS,down,2026-03-12,A,3,3,50.0,1.63,Weak,881.5807301538995,857.8267211914062,27,0.17925590599805807,1.91381121561099,2026-10-08T16:38:03+00:00,replay,Confirmed,2026-03-27,10.0,-0.0358,-0.0307,0.0496,0.0347,0.1104,0.0554,-0.85
1277,0.1.0,NSE,ULTRACEMCO.NS,down,2026-03-12,A,3,4,65.0,2.0,Weak,11040.642175991,10867.18359375,61,0.1636783964849413,2.0348677106190447,2026-10-08T16:38:03+00:00,replay,Confirmed,2026-03-27,10.0,-0.0248,-0.0307,0.0665,0.0347,0.0256,0.0554,-1.43
222,0.1.0,NSE,CAPACITE.NS,down,2026-03-12,B,4,0,11.0,-23.15,Weak,207.60000610351562,202.07000732421875,27,0.31984581861416395,2.919618203390498,2026-10-08T16:38:03+00:00,replay,Failed,2026-03-18,4.0,0.1338,-0.0307,0.232,0.0347,0.1449,0.0554,-3.99
265,0.1.0,NSE,COLPAL.NS,down,2026-03-12,B,4,0,40.0,-1.6,Weak,2005.7554609931863,1952.7799072265625,28,0.13412828305612923,2.091878931608739,2026-10-08T16:38:03+00:00,replay,Confirmed,2026-03-27,10.0,-0.0436,-0.0307,0.0008,0.0347,0.0417,0.0554,-0.01
1200,0.1.0,NSE,TATAPOWER.NS,up,2026-03-12,C,4,4,77.0,-0.42,Weak,391.22573893055977,399.67340087890625,46,0.14934310513032956,6.0107650203671,2026-10-08T16:38:03+00:00,replay,Faded,2026-03-27,10.0,-0.0091,-0.0307,0.0608,0.0347,-0.0016,0.0554,1.2
1262,0.1.0,NSE,TVSMOTOR.NS,down,2026-03-12,W,2,6,81.0,20.55,Weak,3483.822911213981,3410.6787109375,30,0.13558355810670175,3.435875115081879,2026-10-08T16:38:03+00:00,replay,Faded,2026-03-27,10.0,0.0092,-0.0307,0.1016,0.0347,0.0111,0.0554,-1.95
1138,0.1.0,NSE,SRM.NS,down,2026-03-11,B,4,3,41.0,-9.59,Weak,383.54998779296875,373.70001220703125,17,0.19632387096096604,1.9308775400660758,2026-10-08T16:38:03+00:00,replay,Failed,2026-03-18,5.0,0.0779,-0.0057,0.3812,0.0251,0.3459,0.0433,-6.67
567,0.1.0,NSE,INDOUS.NS,down,2026-03-09,B,4,0,14.0,-20.34,Weak,105.0,102.44999694824219,31,0.4703809465680804,2.5624025232221532,2026-10-08T16:38:03+00:00,replay,Faded,2026-03-23,10.0,-0.0447,-0.0253,0.04,0.0132,-0.1296,0.0246,-0.72
1246,0.1.0,NSE,TMPV.NS,down,2026-03-09,B,4,0,11.0,-35.77,Weak,332.83899756094803,329.26861572265625,26,0.17416568168491886,1.6040793779119822,2026-10-08T16:38:03+00:00,replay,Faded,2026-03-23,10.0,-0.053,-0.0253,0.0319,0.0132,0.1747,0.0246,-0.78
1326,0.1.0,NSE,WENDT.NS,down,2026-03-09,B,4,0,18.0,-24.03,Weak,6418.900956742744,6295.89892578125,28,0.1420284920573105,1.8306372340812835,2026-10-08T16:38:03+00:00,replay,Failed,2026-03-12,3.0,0.0171,-0.0253,0.0942,0.0132,0.2185,0.0246,-1.88
1267,0.1.0,NSE,UBL.NS,up,2026-03-06,C,4,2,59.0,-2.52,Weak,1728.4008075517693,1745.777099609375,62,0.2423810466726002,8.487621447078302,2026-10-08T16:38:03+00:00,replay,Failed,2026-03-11,3.0,-0.0657,-0.0485,-0.1655,-0.0197,-0.2488,-0.0163,-4.17
207,0.1.0,NSE,BOSCHLTD.NS,down,2026-03-04,A,3,4,69.0,3.61,Weak,34383.73546247865,33171.7109375,28,0.11586250423843913,1.8604260266602466,2026-10-08T16:38:03+00:00,replay,Confirmed,2026-03-18,10.0,-0.0502,-0.0164,0.0016,-0.0497,0.1327,-0.0018,-0.02
1015,0.1.0,NSE,RPEL.NS,down,2026-03-04,A,3,4,52.0,-2.52,Weak,664.4410692023102,647.20556640625,25,0.18646613429015035,1.5993126300291858,2026-10-08T16:38:03+00:00,replay,Failed,2026-03-06,2.0,0.0524,-0.0164,-0.0165,-0.0497,0.807,-0.0018,0.29
267,0.1.0,NSE,CONCOR.NS,down,2026-03-04,B,4,0,43.0,-9.22,Weak,467.23619063101876,459.87811279296875,25,0.14003174492533965,1.957870151155144,2026-10-08T16:38:03+00:00,replay,Faded,2026-03-18,10.0,0.0178,-0.0164,-0.0186,-0.0497,-0.02,-0.0018,0.4
1269,0.1.0,NSE,UCOBANK.NS,down,2026-03-04,B,4,0,41.0,-4.73,Weak,27.028667180815592,26.802444458007812,21,0.10152839418654391,1.542461136830717,2026-10-08T16:38:03+00:00,replay,Confirmed,2026-03-18,10.0,-0.0312,-0.0164,-0.1072,-0.0497,-0.0284,-0.0018,2.77
1117,0.1.0,NSE,SOLARINDS.NS,up,2026-03-04,C,4,6,86.0,-2.26,Weak,14121.655836838943,14514.423828125,19,0.09943975682621309,4.142350379759507,2026-10-08T16:38:03+00:00,replay,Failed,2026-03-18,10.0,-0.0006,-0.0164,-0.0769,-0.0497,0.2578,-0.0018,-1.37
55,0.1.0,NSE,ALEMBICLTD.NS,down,2026-03-02,B,4,0,42.0,-11.4,Weak,87.44895899354108,86.55303955078125,27,0.12327399126773497,1.720324241990214,2026-10-08T16:38:03+00:00,replay,Confirmed,2026-03-17,10.0,-0.0462,-0.0216,-0.0955,-0.0719,-0.0354,-0.029,2.35
320,0.1.0,NSE,DISHTV.NS,down,2026-03-02,B,4,0,3.0,-41.29,Weak,2.819999933242798,2.680000066757202,20,0.2978724015861769,4.282855977540803,2026-10-08T16:38:03+00:00,replay,Confirmed,2026-03-17,10.0,-0.0299,-0.0216,0.0448,-0.0719,0.1231,-0.029,-0.53
561,0.1.0,NSE,INDIGO.NS,down,2026-03-02,B,4,0,34.0,-11.59,Weak,4551.0,4520.39990234375,21,0.1109646231597452,2.6925544409719153,2026-10-08T16:38:03+00:00,replay,Confirmed,2026-03-17,10.0,-0.031,-0.0216,-0.046,-0.0719,-0.0355,-0.029,1.24
864,0.1.0,NSE,OLECTRA.NS,down,2026-03-02,B,4,1,17.0,-23.0,Weak,964.6118439947186,940.8238525390625,24,0.1739715838830107,1.6347925789902866,2026-10-08T16:38:03+00:00,replay,Confirmed,2026-03-17,10.0,-0.0093,-0.0216,0.0965,-0.0719,0.3173,-0.029,-1.72
910,0.1.0,NSE,PFS.NS,down,2026-03-02,B,4,0,30.0,-14.66,Weak,29.559999465942383,29.139999389648438,24,0.19654937655314875,1.8424450673306823,2026-10-08T16:38:03+00:00,replay,Confirmed,2026-03-17,10.0,-0.0251,-0.0216,-0.0679,-0.0719,0.0683,-0.029,1.52
80,0.1.0,NSE,APOLLO.NS,down,2026-03-02,W,2,4,77.0,8.95,Weak,217.86600128422143,213.88845825195312,27,0.21284399783913033,5.163149598318439,2026-10-08T16:38:03+00:00,replay,Faded,2026-03-17,10.0,0.0171,-0.0216,-0.0662,-0.0719,0.9017,-0.029,1.35
199,0.1.0,NSE,BLSE.NS,down,2026-02-27,B,4,1,15.0,-19.33,Weak,76.38468498781106,73.3550033569336,19,0.17651651306458582,2.0947726354104512,2026-10-08T16:38:03+00:00,replay,Confirmed,2026-03-16,10.0,-0.1249,-0.0479,0.0924,-0.0962,0.5631,-0.0303,-1.27
371,0.1.0,NSE,EPIGRAL.NS,down,2026-02-27,B,4,0,2.0,-45.77,Weak,900.7038156609826,887.958984375,19,0.1867123508248969,5.30523804366732,2026-10-08T16:38:03+00:00,replay,Confirmed,2026-03-16,10.0,-0.0268,-0.0479,-0.0093,-0.0962,0.3108,-0.0303,0.21
507,0.1.0,NSE,HGINFRA.NS,down,2026-02-27,B,4,0,3.0,-43.31,Weak,543.508413397261,538.4768676757812,24,0.29230065873019084,3.277997932899456,2026-10-08T16:38:03+00:00,replay,Confirmed,2026-03-16,10.0,-0.1111,-0.0479,-0.1074,-0.0962,0.0152,-0.0303,2.71
1029,0.1.0,NSE,SAILIFE.NS,up,2026-02-27,B,2,8,88.0,19.62,Weak,983.3499755859375,998.25,35,0.2545129887270472,4.716107780770713,2026-10-08T16:38:03+00:00,replay,Failed,2026-03-13,9.0,0.0185,-0.0479,-0.0384,-0.0962,0.1885,-0.0303,-0.86
1154,0.1.0,NSE,SUNDRMFAST.NS,down,2026-02-27,B,4,2,42.0,-10.12,Weak,873.9025284361534,868.8772583007812,20,0.15992941272462757,2.327569291379084,2026-10-08T16:38:03+00:00,replay,Confirmed,2026-03-16,10.0,-0.0442,-0.0479,-0.1412,-0.0962,-0.0331,-0.0303,3.93
1045,0.1.0,NSE,SARDAEN.NS,up,2026-02-27,C,2,7,79.0,8.44,Weak,535.9438243709241,549.4918212890625,16,0.09795919044060808,15.585793288785474,2026-10-08T16:38:03+00:00,replay,Failed,2026-03-04,2.0,-0.0217,-0.0479,-0.0587,-0.0962,-0.0092,-0.0303,-1.09
402,0.1.0,NSE,FORTIS.NS,up,2026-02-26,C,2,7,86.0,7.71,Weak,949.4428330936956,962.6288452148438,35,0.16964076023722718,1.6729031221594333,2026-10-08T16:38:03+00:00,replay,Failed,2026-03-04,3.0,-0.0738,-0.0412,-0.175,-0.1072,-0.0239,-0.0405,-4.04
827,0.1.0,NSE,NEOGEN.NS,up,2026-02-26,C,4,4,65.0,-11.42,Weak,1439.303754453626,1450.498291015625,17,0.14731897445859587,2.6398458416148416,2026-10-08T16:38:03+00:00,replay,Failed,2026-03-02,2.0,-0.083,-0.0412,-0.1851,-0.1072,0.2975,-0.0405,-4.94
1003,0.1.0,NSE,RGL.NS,up,2026-02-26,C,3,6,81.0,-15.51,Weak,131.99000549316406,145.8000030517578,50,0.2997538308875447,84.01634649606913,2026-10-08T16:38:03+00:00,replay,Failed,2026-02-27,1.0,-0.2735,-0.0412,-0.3016,-0.1072,-0.2983,-0.0405,-2.48
78,0.1.0,NSE,APLLTD.NS,down,2026-02-25,B,4,0,24.0,-17.18,Weak,733.8358941489342,729.0570068359375,21,0.1110440316718373,2.755084911462289,2026-10-08T16:38:03+00:00,replay,Confirmed,2026-03-12,10.0,-0.0438,-0.0302,-0.1036,-0.1229,-0.0221,-0.0407,2.82
546,0.1.0,NSE,IKS.NS,down,2026-02-24,A,3,3,40.0,-2.31,Weak,1490.5,1456.0999755859375,20,0.1891982556189198,2.5785093063214584,2026-10-08T16:38:03+00:00,replay,Confirmed,2026-03-11,10.0,-0.0859,-0.0384,-0.0696,-0.098,0.147,-0.0336,1.28
1172,0.1.0,NSE,SWANCORP.NS,down,2026-02-23,A,3,1,26.0,-10.38,Weak,396.2542526089354,378.8128662109375,22,0.10707526788673305,2.6940565203741933,2026-10-08T16:38:03+00:00,replay,Confirmed,2026-03-10,10.0,-0.0269,-0.0276,-0.1408,-0.0854,-0.159,-0.0446,1.82
1288,0.1.0,NSE,UPL.NS,down,2026-02-23,W,2,4,50.0,6.42,Weak,658.674131899671,638.6182861328125,15,0.16066470869523553,7.626658929206508,2026-10-08T16:38:03+00:00,replay,Confirmed,2026-03-10,10.0,-0.034,-0.0276,-0.0303,-0.0854,0.0007,-0.0446,0.49
406,0.1.0,NSE,GAEL.NS,up,2026-02-20,B,2,8,91.0,24.56,Weak,143.27446476985426,146.84808349609375,16,0.150817831703016,1.924836088846921,2026-10-08T16:38:03+00:00,replay,Failed,2026-03-02,6.0,-0.0419,-0.0098,-0.1251,-0.0995,0.0529,-0.0315,-2.33
1225,0.1.0,NSE,THERMAX.NS,up,2026-02-20,C,4,2,62.0,-5.69,Weak,3107.309248682602,3138.97998046875,29,0.1346279161576951,2.920192948599066,2026-10-08T16:38:03+00:00,replay,Failed,2026-03-04,7.0,-0.0108,-0.0098,0.0126,-0.0995,0.5809,-0.0315,0.32
343,0.1.0,NSE,ECOSMOBLTY.NS,down,2026-02-18,B,4,0,5.0,-27.97,Weak,163.67119604003727,158.49859619140625,19,0.3018495227247675,1.5143730837675007,2026-10-08T16:38:03+00:00,replay,Confirmed,2026-03-05,10.0,-0.08,-0.0102,-0.3086,-0.098,-0.0522,-0.0317,4.85
39,0.1.0,NSE,AEROFLEX.NS,up,2026-02-18,C,1,8,86.0,0.76,Weak,211.59901524622114,226.50485229492188,38,0.34050636865229,11.448836439247176,2026-10-08T16:38:03+00:00,replay,Confirmed,2026-03-05,10.0,0.0029,-0.0102,0.031,-0.098,0.7784,-0.0317,0.33
338,0.1.0,NSE,DYNAMATECH.NS,up,2026-02-17,B,2,8,92.0,24.07,Weak,10027.180013989342,10109.7939453125,35,0.3084191496036095,2.36509793335133,2026-10-08T16:38:03+00:00,replay,Faded,2026-03-04,10.0,-0.019,-0.01,-0.0613,-0.0983,0.1175,-0.0259,-1.62
1110,0.1.0,NSE,SMSPHARMA.NS,up,2026-02-17,B,2,8,95.0,25.83,Weak,359.69130145031374,367.18487548828125,26,0.22804026865393956,5.284913666143914,2026-10-08T16:38:03+00:00,replay,Faded,2026-03-04,10.0,0.0362,-0.01,-0.0038,-0.0983,0.0045,-0.0259,-0.08
1353,0.1.0,NSE,ZAGGLE.NS,down,2026-02-17,B,4,0,4.0,-23.24,Weak,265.79998779296875,260.5,15,0.15876604268281902,3.924493115836928,2026-10-08T16:38:03+00:00,replay,Confirmed,2026-03-04,10.0,-0.1395,-0.01,-0.2046,-0.0983,-0.1654,-0.0259,4.02
508,0.1.0,NSE,HINDOILEXP.NS,down,2026-02-16,B,4,0,20.0,-16.77,Weak,135.6999969482422,130.11000061035156,59,0.20405308079680795,4.283612284367281,2026-10-08T16:38:03+00:00,replay,Faded,2026-03-02,10.0,0.0116,0.0005,0.0082,-0.0662,0.2873,-0.035,-0.11
1140,0.1.0,NSE,STANLEY.NS,down,2026-02-13,B,4,0,3.0,-42.82,Weak,170.3699951171875,168.2100067138672,16,0.25374192771792203,2.5573872767435306,2026-10-08T16:38:03+00:00,replay,Failed,2026-02-17,2.0,0.0322,0.0035,-0.1188,-0.0705,-0.0613,-0.0305,2.75
496,0.1.0,NSE,HCLTECH.NS,down,2026-02-12,A,3,3,47.0,-0.32,Weak,1457.4625655245236,1433.7337646484375,65,0.1863141748498902,2.1358677346627255,2026-10-08T16:38:03+00:00,replay,Confirmed,2026-02-26,10.0,-0.0174,-0.015,-0.0999,-0.091,-0.1923,-0.0454,2.12
1026,0.1.0,NSE,SAFARI.NS,down,2026-02-12,A,3,1,23.0,-4.0,Weak,1897.6656049794703,1836.44091796875,15,0.16157889566048378,5.213018395947643,2026-10-08T16:38:03+00:00,replay,Confirmed,2026-02-26,10.0,0.0038,-0.015,-0.1599,-0.091,-0.1868,-0.0454,2.49
482,0.1.0,NSE,HAPPYFORGE.NS,up,2026-02-12,B,2,8,91.0,12.8,Weak,1190.607117693822,1283.3740234375,26,0.1896740594705133,8.622349224740224,2026-10-08T16:38:03+00:00,replay,Confirmed,2026-02-26,10.0,0.0033,-0.015,-0.0176,-0.091,0.0727,-0.0454,-0.18
950,0.1.0,NSE,PRECWIRE.NS,up,2026-02-12,B,2,8,96.0,27.32,Weak,276.022298700334,278.1897888183594,62,0.31796826760247865,1.6868770287997756,2026-10-08T16:38:03+00:00,replay,Failed,2026-02-13,1.0,0.0447,-0.015,0.027,-0.091,0.4234,-0.0454,0.72
1099,0.1.0,NSE,SJS.NS,up,2026-02-12,B,2,8,96.0,30.94,Weak,1865.9682981360165,1900.412353515625,27,0.2257344297073387,1.7783633600439983,2026-10-08T16:38:03+00:00,replay,Failed,2026-02-13,1.0,-0.0328,-0.015,-0.1698,-0.091,0.033,-0.0454,-3.57
457,0.1.0,NSE,GPTINFRA.NS,up,2026-02-12,C,4,5,79.0,-13.04,Weak,119.50583322110826,126.50264739990234,36,0.2453333750957949,2.015939444186655,2026-10-08T16:38:03+00:00,replay,Confirmed,2026-02-26,10.0,-0.0359,-0.015,-0.2208,-0.091,-0.0606,-0.0454,-2.64
476,0.1.0,NSE,GVPIL.NS,up,2026-02-12,C,3,7,95.0,8.0,Weak,372.88733146503273,395.966796875,60,0.3896273251919995,13.666673035521569,2026-10-08T16:38:03+00:00,replay,Confirmed,2026-02-26,10.0,0.1483,-0.015,0.1108,-0.091,0.6619,-0.0454,1.28
347,0.1.0,NSE,EICHERMOT.NS,up,2026-02-11,B,2,8,91.0,14.05,Weak,7534.598944273105,7690.46630859375,21,0.12993472633828862,5.2429135834990905,2026-10-08T16:38:03+00:00,replay,Confirmed,2026-02-25,10.0,0.0307,-0.0058,-0.1325,-0.1006,-0.1143,-0.053,-2.67
702,0.1.0,NSE,LGBBROSLTD.NS,up,2026-02-11,B,2,8,93.0,28.16,Weak,1947.896220521157,1977.3858642578125,53,0.21913582888249183,5.678235631860678,2026-10-08T16:38:03+00:00,replay,Failed,2026-02-19,6.0,-0.028,-0.0058,-0.103,-0.1006,-0.2239,-0.053,-2.32
729,0.1.0,NSE,LUMAXTECH.NS,up,2026-02-11,B,2,8,99.0,39.31,Weak,1697.5831403110208,1726.788330078125,25,0.3946119093975735,3.4785005996363854,2026-10-08T16:38:03+00:00,replay,Failed,2026-02-13,2.0,-0.0239,-0.0058,-0.1722,-0.1006,-0.0614,-0.053,-3.71
1011,0.1.0,NSE,ROLEXRINGS.NS,up,2026-02-11,C,4,5,75.0,-9.99,Weak,138.5,144.77999877929688,40,0.2106643195163711,4.144567591981504,2026-10-08T16:38:03+00:00,replay,Faded,2026-02-25,10.0,0.0046,-0.0058,-0.2042,-0.1006,-0.0193,-0.053,-2.83
1340,0.1.0,NSE,WSTCSTPAPR.NS,up,2026-02-11,C,4,2,54.0,-7.69,Weak,450.6818683522983,455.059814453125,65,0.1764935934908627,2.924439432618824,2026-10-08T16:38:03+00:00,replay,Failed,2026-02-12,1.0,-0.0753,-0.0058,-0.1488,-0.1006,0.0406,-0.053,-3.78
390,0.1.0,NSE,FIEMIND.NS,up,2026-02-10,B,2,8,94.0,19.75,Weak,2403.4554952558237,2439.728515625,33,0.19911723954248006,2.295984587210689,2026-10-08T16:38:03+00:00,replay,Failed,2026-02-13,3.0,-0.0959,-0.009,-0.1532,-0.0781,-0.1324,-0.0544,-3.45
727,0.1.0,NSE,LUMAXIND.NS,up,2026-02-10,B,2,8,98.0,24.23,Weak,5822.241080201801,6078.0908203125,24,0.3041355765560807,9.670646620484273,2026-10-08T16:38:03+00:00,replay,Confirmed,2026-02-24,10.0,0.0043,-0.009,-0.1932,-0.0781,-0.1588,-0.0544,-2.73
125,0.1.0,NSE,ATULAUTO.NS,up,2026-02-10,C,4,5,77.0,-6.76,Weak,505.4053674030682,514.6929931640625,62,0.33490756124704335,7.080714643029743,2026-10-08T16:38:03+00:00,replay,Failed,2026-02-20,8.0,-0.0069,-0.009,-0.1802,-0.0781,-0.0222,-0.0544,-3.79
250,0.1.0,NSE,CIEINDIA.NS,up,2026-02-10,C,4,6,70.0,-0.44,Weak,444.55875139492616,449.7343444824219,27,0.16374196698588706,4.283541616121736,2026-10-08T16:38:03+00:00,replay,Faded,2026-02-24,10.0,0.0132,-0.009,0.0011,-0.0781,0.0107,-0.0544,0.03
344,0.1.0,NSE,EDELWEISS.NS,up,2026-02-10,C,3,7,87.0,-0.05,Weak,118.13966576281858,120.13751220703125,59,0.21887753832900736,14.730095079179613,2026-10-08T16:38:03+00:00,replay,Confirmed,2026-02-24,10.0,0.0002,-0.009,-0.1102,-0.0781,-0.0911,-0.0544,-2.39
393,0.1.0,NSE,FINCABLES.NS,up,2026-02-10,C,4,2,47.0,-11.38,Weak,796.3791099098281,821.053466796875,63,0.1444777018688861,6.689192985994244,2026-10-08T16:38:03+00:00,replay,Faded,2026-02-24,10.0,-0.0099,-0.009,0.0817,-0.0781,0.2371,-0.0544,1.38
919,0.1.0,NSE,PITTIENG.NS,up,2026-02-10,C,4,4,57.0,-8.41,Weak,941.4364685599544,949.6190185546875,63,0.3977036783496344,2.547405564553383,2026-10-08T16:38:03+00:00,replay,Failed,2026-02-13,3.0,-0.0544,-0.009,-0.1504,-0.0781,-0.0333,-0.0544,-3.92
1158,0.1.0,NSE,SUNTV.NS,up,2026-02-10,C,4,4,71.0,-9.89,Weak,592.1224316430188,604.269775390625,26,0.2536443931323096,13.274938053690356,2026-10-08T16:38:03+00:00,replay,Failed,2026-02-13,3.0,-0.0361,-0.009,-0.0282,-0.0781,-0.1465,-0.0544,-0.57
855,0.1.0,NSE,NYKAA.NS,up,2026-02-06,B,2,8,92.0,22.65,Weak,273.2200012207031,276.989990234375,55,0.17767241905475495,10.463636858860935,2026-10-08T16:38:03+00:00,replay,Faded,2026-02-20,10.0,-0.0218,-0.0052,-0.0729,-0.0466,-0.0144,-0.035,-1.69
131,0.1.0,NSE,AUTOAXLES.NS,up,2026-02-04,B,2,8,87.0,5.99,Weak,2004.8035144329615,2073.212890625,19,0.12188547987869036,5.253519288784004,2026-10-08T16:38:03+00:00,replay,Failed,2026-02-05,1.0,-0.0765,0.0105,-0.058,-0.0448,-0.1824,-0.0525,-0.94
588,0.1.0,NSE,IOC.NS,up,2026-02-04,B,2,8,86.0,14.41,Weak,165.7263156897278,169.12139892578125,57,0.09395536645948654,2.444318174666139,2026-10-08T16:38:03+00:00,replay,Confirmed,2026-02-18,10.0,0.0494,0.0105,-0.0237,-0.0448,-0.1933,-0.0525,-0.48
30,0.1.0,NSE,ADANIPORTS.NS,up,2026-02-04,C,3,8,84.0,3.52,Weak,1542.499264786579,1561.3199462890625,44,0.19891648859427025,3.2526542928916737,2026-10-08T16:38:03+00:00,replay,Faded,2026-02-18,10.0,-0.0092,0.0105,-0.0577,-0.0448,0.0767,-0.0525,-1.38
904,0.1.0,NSE,PFC.NS,up,2026-02-04,C,4,4,70.0,-4.06,Weak,391.8535980091858,399.2217102050781,65,0.23354970327075053,3.311425020161844,2026-10-08T16:38:03+00:00,replay,Faded,2026-02-18,10.0,0.003,0.0105,-0.0066,-0.0448,0.082,-0.0525,-0.14
75,0.1.0,NSE,APEX.NS,up,2026-02-03,B,2,8,97.0,20.44,Weak,348.2272030861716,349.9855651855469,48,0.394311880180674,3.7415733495838337,2026-10-08T16:38:03+00:00,replay,Faded,2026-02-17,10.0,0.0495,0.0131,0.0326,-0.0319,0.4036,-0.0277,0.94
134,0.1.0,NSE,AVANTIFEED.NS,up,2026-02-03,B,1,6,93.0,3.0,Weak,880.0213390712964,949.0386962890625,17,0.20612550998142476,8.668700610597492,2026-10-08T16:38:03+00:00,replay,Confirmed,2026-02-17,10.0,0.1788,0.0131,0.263,-0.0319,0.4633,-0.0277,2.62
7,0.1.0,NSE,AARTIIND.NS,up,2026-02-03,C,4,4,70.0,-9.48,Weak,418.6677312119436,428.8475036621094,59,0.2409406813970394,20.53330254784056,2026-10-08T16:38:03+00:00,replay,Confirmed,2026-02-17,10.0,0.0887,0.0131,-0.0183,-0.0319,0.1344,-0.0277,-0.34
43,0.1.0,NSE,AETHER.NS,up,2026-02-02,B,2,8,94.0,20.7,Weak,1021.75,1038.0,17,0.08667907471417169,2.9728770735165333,2026-10-08T16:38:03+00:00,replay,Failed,2026-02-09,5.0,-0.0478,0.0371,-0.1165,-0.0187,0.169,0.0122,-2.58
850,0.1.0,NSE,NTPCGREEN.NS,down,2026-01-30,B,4,0,27.0,-16.25,Weak,88.5,86.16999816894531,35,0.10045197050450216,4.181865981963133,2026-10-08T16:38:03+00:00,replay,Faded,2026-02-13,10.0,0.0108,0.0154,0.0181,-0.0106,0.268,0.0058,-0.31
805,0.1.0,NSE,NACLIND.NS,down,2026-01-30,C,1,3,65.0,-23.15,Weak,146.6782684326172,144.8000030517578,35,0.3382350049783063,1.5980392732448043,2026-10-08T16:38:03+00:00,replay,Failed,2026-02-11,8.0,-0.0599,0.0154,-0.1161,-0.0106,0.2461,0.0058,2.68
620,0.1.0,NSE,JINDRILL.NS,down,2026-01-29,B,4,0,20.0,-23.52,Weak,489.7093816997146,474.8334045410156,27,0.21630975397410834,4.56444666106618,2026-10-08T16:38:03+00:00,replay,Faded,2026-02-12,10.0,0.0254,0.012,-0.0637,0.0014,0.1048,-0.0001,1.02
973,0.1.0,NSE,RAIN.NS,up,2026-01-29,C,1,6,86.0,-1.93,Weak,154.57425954359653,163.8507080078125,15,0.1945235555225393,11.966327635278498,2026-10-08T16:38:03+00:00,replay,Faded,2026-02-12,10.0,-0.002,0.012,-0.0971,0.0014,-0.2048,-0.0001,-1.14
1076,0.1.0,NSE,SHARDACROP.NS,up,2026-01-29,C,2,7,92.0,5.93,Weak,962.3081959993431,968.7530517578125,61,0.2944213361911048,18.391985990051317,2026-10-08T16:38:03+00:00,replay,Confirmed,2026-02-12,10.0,0.1809,0.012,0.2164,0.0014,0.1431,-0.0001,5.94
175,0.1.0,NSE,BEL.NS,up,2026-01-28,C,3,8,93.0,12.35,Weak,428.5910839528987,450.4681396484375,58,0.13286885905290857,5.2873172716753825,2026-10-08T16:38:03+00:00,replay,Faded,2026-02-11,10.0,-0.0305,0.0196,-0.0087,0.0159,-0.0393,-0.0119,-0.11
866,0.1.0,NSE,ONGC.NS,up,2026-01-28,C,3,8,82.0,3.66,Weak,245.47151298587886,261.29327392578125,58,0.10370064340187057,8.13525985212348,2026-10-08T16:38:03+00:00,replay,Confirmed,2026-02-11,10.0,-0.0061,0.0196,0.0674,0.0159,0.105,-0.0119,0.76
962,0.1.0,NSE,PTC.NS,up,2026-01-28,C,4,6,79.0,-4.11,Weak,146.08910821536622,146.8458709716797,61,0.1614414132889448,3.104057361797588,2026-10-08T16:38:03+00:00,replay,Faded,2026-02-11,10.0,0.0405,0.0196,-0.0444,0.0159,0.2583,-0.0119,-1.27
61,0.1.0,NSE,AMBUJACEM.NS,down,2026-01-23,A,3,3,57.0,-5.96,Weak,520.822006202305,516.0455932617188,31,0.0949560448219744,3.876082612801986,2026-10-08T16:38:03+00:00,replay,Failed,2026-02-09,10.0,-0.0156,0.0058,-0.0079,0.0264,-0.1435,-0.001,0.2
1136,0.1.0,NSE,SRF.NS,down,2026-01-21,A,3,3,51.0,-1.5,Weak,2761.9442708084493,2666.900634765625,43,0.13371572875526394,4.263656627526339,2026-10-08T16:38:03+00:00,replay,Failed,2026-02-03,8.0,0.0554,0.0131,0.0064,0.0245,-0.0521,-0.003,-0.1
595,0.1.0,NSE,IREDA.NS,down,2026-01-21,B,4,0,23.0,-16.42,Weak,127.5790486855466,125.86956024169922,29,0.15777234991123334,1.6731348773991854,2026-10-08T16:38:03+00:00,replay,Failed,2026-01-28,4.0,0.0462,0.0131,-0.0057,0.0245,0.0895,-0.003,0.13
875,0.1.0,NSE,ORISSAMINE.NS,down,2026-01-21,C,1,0,30.0,-9.9,Weak,4489.89990234375,4428.0,29,0.17728680311658707,1.5323049829394468,2026-10-08T16:38:03+00:00,replay,Failed,2026-01-28,4.0,0.0554,0.0131,-0.0446,0.0245,-0.0506,-0.003,1.0
142,0.1.0,NSE,AXISCADES.NS,down,2026-01-21,W,2,4,76.0,4.27,Weak,1141.800048828125,1119.199951171875,22,0.3301804027657296,2.066614978037361,2026-10-08T16:38:03+00:00,replay,Failed,2026-01-29,5.0,0.0976,0.0131,0.2619,0.0245,0.7273,-0.003,-5.16
296,0.1.0,NSE,DATAPATTNS.NS,down,2026-01-20,A,3,4,55.0,-0.03,Weak,2430.2026104273286,2245.704833984375,21,0.13898579105992348,2.2459736411874904,2026-10-08T16:38:03+00:00,replay,Failed,2026-01-28,5.0,0.16,0.0059,0.2948,0.0153,0.7596,-0.0055,-2.57
1111,0.1.0,NSE,SOBHA.NS,down,2026-01-20,A,3,3,63.0,3.19,Weak,1389.3053299091973,1359.0294189453125,26,0.14824376174331966,2.5722336676144586,2026-10-08T16:38:03+00:00,replay,Failed,2026-01-30,7.0,0.0377,0.0059,0.0972,0.0153,0.0484,-0.0055,-1.84
491,0.1.0,NSE,HAVELLS.NS,down,2026-01-20,B,4,1,43.0,-9.14,Weak,1368.9683008021827,1335.5377197265625,27,0.09760870676995248,6.584331457830918,2026-10-08T16:38:03+00:00,replay,Confirmed,2026-02-04,10.0,-0.0413,0.0059,0.0402,0.0153,-0.0507,-0.0055,-0.72
598,0.1.0,NSE,ISGEC.NS,down,2026-01-20,B,4,0,13.0,-26.66,Weak,742.3414904067506,728.2002563476562,28,0.29937841750083916,1.70311152016097,2026-10-08T16:38:03+00:00,replay,Failed,2026-02-04,10.0,-0.0215,0.0059,0.1256,0.0153,0.4918,-0.0055,-2.51
668,0.1.0,NSE,KIRLOSBROS.NS,down,2026-01-20,B,4,1,21.0,-15.55,Weak,1506.7696112414676,1469.61083984375,28,0.16264456118771808,1.9520736935214633,2026-10-08T16:38:03+00:00,replay,Failed,2026-01-30,7.0,0.03,0.0059,0.0872,0.0153,0.1809,-0.0055,-1.56
1271,0.1.0,NSE,UDS.NS,down,2026-01-20,B,4,0,3.0,-38.72,Weak,163.37451838203697,155.075439453125,28,0.24735043898970765,1.8888097471893366,2026-10-08T16:38:03+00:00,replay,Confirmed,2026-02-04,10.0,0.0109,0.0059,0.0268,0.0153,0.0395,-0.0055,-0.31
858,0.1.0,NSE,OBEROIRLTY.NS,down,2026-01-20,C,1,2,40.0,-4.58,Weak,1560.1211692921493,1518.2191162109375,65,0.17105262283868528,11.556085139096835,2026-10-08T16:38:03+00:00,replay,Confirmed,2026-02-04,10.0,-0.0253,0.0059,-0.0125,0.0153,0.1325,-0.0055,0.21
317,0.1.0,NSE,DIFFNKG.NS,down,2026-01-20,W,2,2,32.0,-10.31,Weak,273.97299413512206,268.7425842285156,32,0.2654545473626351,1.9702683305848545,2026-10-08T16:38:03+00:00,replay,Confirmed,2026-02-04,10.0,-0.1031,0.0059,0.0372,0.0153,0.1434,-0.0055,-0.74
645,0.1.0,NSE,JUBLPHARMA.NS,down,2026-01-19,A,3,3,59.0,-3.44,Weak,1005.7929982965596,989.3779296875,27,0.09574678358084632,1.6882541863719442,2026-10-08T16:38:03+00:00,replay,Confirmed,2026-02-03,10.0,-0.0559,-0.0237,-0.1056,0.0116,-0.0494,-0.0344,2.24
749,0.1.0,NSE,MANORAMA.NS,down,2026-01-19,A,3,3,58.0,-4.41,Weak,1259.2165932163218,1227.728759765625,34,0.10740664227156294,1.7081169828696396,2026-10-08T16:38:03+00:00,replay,Failed,2026-01-29,7.0,-0.0434,-0.0237,0.1558,0.0116,0.1489,-0.0344,-2.76
577,0.1.0,NSE,INNOVACAP.NS,down,2026-01-19,B,4,0,11.0,-22.99,Weak,658.0511062984177,642.8461303710938,27,0.17712124911221605,50.208328649907294,2026-10-08T16:38:03+00:00,replay,Failed,2026-01-27,5.0,0.0872,-0.0237,0.0701,0.0116,0.1218,-0.0344,-1.29
1287,0.1.0,NSE,UNOMINDA.NS,down,2026-01-19,W,2,6,74.0,4.27,Weak,1168.5326380501965,1152.269775390625,64,0.15693304840428723,1.8737914845240273,2026-10-08T16:38:03+00:00,replay,Failed,2026-02-03,10.0,-0.0086,-0.0237,0.0474,0.0116,-0.0398,-0.0344,-1.07
725,0.1.0,NSE,LTTS.NS,down,2026-01-16,C,1,1,44.0,-14.35,Weak,3977.2520960672655,3873.4228515625,48,0.17500804936307235,4.0685583105204755,2026-10-08T16:38:03+00:00,replay,Confirmed,2026-02-02,10.0,-0.0202,-0.0332,-0.1035,0.0023,-0.1193,-0.0287,1.8
26,0.1.0,NSE,ADANIENSOL.NS,down,2026-01-16,W,2,6,69.0,0.73,Weak,917.9500122070312,908.7000122070312,54,0.16313517835769642,1.5176707682163504,2026-10-08T16:38:03+00:00,replay,Faded,2026-02-02,10.0,-0.1056,-0.0332,0.1337,0.0023,0.498,-0.0287,-3.3
334,0.1.0,NSE,DREDGECORP.NS,up,2026-01-13,B,2,8,98.0,32.38,Weak,1070.5,1105.0,20,0.1994397759103641,3.3023377145687776,2026-10-08T16:38:03+00:00,replay,Failed,2026-01-20,4.0,-0.1129,-0.0275,-0.1251,-0.0071,-0.109,-0.0187,-2.07
297,0.1.0,NSE,DAVANGERE.NS,up,2026-01-13,C,1,5,90.0,4.89,Weak,4.670000076293945,4.889999866485596,15,0.3654970678698206,3.991213630590274,2026-10-08T16:38:03+00:00,replay,Faded,2026-01-29,10.0,0.047,-0.0275,-0.1022,-0.0071,-0.2474,-0.0187,-1.39
581,0.1.0,NSE,INSECTICID.NS,down,2026-01-12,A,3,2,38.0,-14.77,Weak,652.8276883452093,634.5884399414062,42,0.1404580820781276,2.698955202259805,2026-10-08T16:38:03+00:00,replay,Confirmed,2026-01-28,10.0,-0.0141,-0.024,-0.0281,0.006,0.1296,-0.0274,0.47
713,0.1.0,NSE,LMW.NS,down,2026-01-12,B,4,2,45.0,-10.56,Weak,14229.745977330074,14151.916015625,65,0.14297732792107065,1.52320021215411,2026-10-08T16:38:03+00:00,replay,Failed,2026-01-16,3.0,-0.0312,-0.024,0.0869,0.006,-0.0029,-0.0274,-2.44
449,0.1.0,NSE,GODREJPROP.NS,down,2026-01-12,C,1,2,36.0,-10.1,Weak,1940.7191379367491,1921.5120849609375,24,0.110814809713625,3.69839560022632,2026-10-08T16:38:03+00:00,replay,Confirmed,2026-01-28,10.0,-0.1223,-0.024,-0.0565,0.006,-0.0886,-0.0274,1.4
1359,0.1.0,NSE,ZOTA.NS,down,2026-01-12,W,2,6,89.0,17.58,Weak,1374.3980624800288,1361.2095947265625,62,0.2649026440563913,1.9539901523672745,2026-10-08T16:38:03+00:00,replay,Faded,2026-01-28,10.0,-0.0714,-0.024,0.0346,0.006,-0.0502,-0.0274,-0.87
356,0.1.0,NSE,ELECON.NS,down,2026-01-09,B,4,2,11.0,-24.81,Weak,459.69056833781036,422.346923828125,22,0.15661609068220073,20.712085849282545,2026-10-08T16:38:03+00:00,replay,Confirmed,2026-01-27,10.0,-0.0882,-0.004,0.075,0.0135,-0.0255,-0.0255,-0.62
1060,0.1.0,NSE,SDBL.NS,down,2026-01-09,B,4,0,19.0,-25.11,Weak,102.69000244140625,101.33999633789062,22,0.09260876697575537,1.5997034580022913,2026-10-08T16:38:03+00:00,replay,Confirmed,2026-01-27,10.0,-0.0402,-0.004,-0.1377,0.0135,-0.1484,-0.0255,3.15
1325,0.1.0,NSE,WENDT.NS,down,2026-01-09,B,4,0,10.0,-25.18,Weak,7541.984417281856,7374.21875,22,0.10561064433501466,1.8032241487374017,2026-10-08T16:38:03+00:00,replay,Confirmed,2026-01-27,10.0,-0.0122,-0.004,-0.0268,0.0135,-0.0384,-0.0255,0.5
603,0.1.0,NSE,IZMO.NS,down,2026-01-08,W,2,6,96.0,41.21,Weak,760.0999755859375,754.0999755859375,48,0.3419287366950823,2.555380220979752,2026-10-08T16:38:03+00:00,replay,Confirmed,2026-01-23,10.0,-0.0659,-0.0082,0.1296,0.0031,-0.0566,-0.0432,-3.39
976,0.1.0,NSE,RAJRATAN.NS,up,2026-01-07,B,2,8,95.0,11.84,Weak,495.9915173574084,517.45458984375,38,0.19053312978397763,2.8972157023439897,2026-10-08T16:38:03+00:00,replay,Failed,2026-01-09,2.0,0.0098,-0.0225,-0.0839,-0.0139,-0.1918,-0.0592,-1.19
1196,0.1.0,NSE,TATAELXSI.NS,up,2026-01-07,C,4,4,62.0,-12.1,Weak,5525.903241635009,5749.88623046875,50,0.15859936084753246,10.449217149183418,2026-10-08T16:38:03+00:00,replay,Failed,2026-01-20,8.0,-0.0595,-0.0225,-0.1059,-0.0139,-0.2242,-0.0592,-1.56
525,0.1.0,NSE,IBULLSLTD.NS,down,2026-01-07,W,2,3,60.0,-6.63,Weak,14.399999618530273,14.130000114440918,65,0.47569448353699806,4.217656916317559,2026-10-08T16:38:03+00:00,replay,Confirmed,2026-01-22,10.0,-0.1125,-0.0225,-0.2321,-0.0139,-0.0021,-0.0592,4.67
1132,0.1.0,NSE,SPLPETRO.NS,down,2026-01-06,A,3,2,20.0,-13.41,Weak,604.3474283658305,597.4730834960938,20,0.1255319358004503,8.41805634504866,2026-10-08T16:38:03+00:00,replay,Confirmed,2026-01-21,10.0,-0.0675,-0.0221,-0.0127,-0.024,0.2047,-0.0763,0.3
1321,0.1.0,NSE,WABAG.NS,down,2026-01-06,A,3,1,21.0,-15.95,Weak,1238.079432029766,1206.6561279296875,16,0.08693896585556349,4.609998222555144,2026-10-08T16:38:03+00:00,replay,Faded,2026-01-21,10.0,-0.0193,-0.0221,0.0044,-0.024,0.1205,-0.0763,-0.08
762,0.1.0,NSE,MASFIN.NS,up,2026-01-06,B,2,8,80.0,5.79,Weak,330.6435519250364,335.90924072265625,20,0.0863391623039278,7.125966467282115,2026-10-08T16:38:03+00:00,replay,Failed,2026-01-08,2.0,-0.0763,-0.0221,-0.0366,-0.024,-0.0897,-0.0763,-0.81
775,0.1.0,NSE,MGL.NS,down,2026-01-06,B,4,0,17.0,-17.72,Weak,1063.7016102727787,1046.270263671875,19,0.0802892423238657,3.6451561416309297,2026-10-08T16:38:03+00:00,replay,Faded,2026-01-21,10.0,-0.0097,-0.0221,0.0728,-0.024,0.0073,-0.0763,-1.54
1126,0.1.0,NSE,SOUTHBANK.NS,up,2026-01-06,B,2,8,96.0,22.23,Weak,41.24449660095111,41.70991516113281,32,0.12750420457561007,3.099936887127072,2026-10-08T16:38:03+00:00,replay,Faded,2026-01-21,10.0,-0.0392,-0.0221,-0.0202,-0.024,-0.0897,-0.0763,-0.49
1174,0.1.0,NSE,SWIGGY.NS,down,2026-01-06,W,2,2,29.0,-6.24,Weak,376.8999938964844,361.0,26,0.11859913221253082,3.1028160875308566,2026-10-08T16:38:03+00:00,replay,Confirmed,2026-01-21,10.0,-0.0295,-0.0221,-0.1136,-0.024,-0.2681,-0.0763,1.51
376,0.1.0,NSE,ESCORTS.NS,up,2026-01-05,B,2,8,80.0,5.46,Weak,3843.995558805237,3898.107421875,24,0.10304615276037987,1.7700889218859925,2026-10-08T16:38:03+00:00,replay,Failed,2026-01-12,5.0,-0.0532,-0.0228,-0.0626,-0.0269,-0.1895,-0.0711,-1.44
545,0.1.0,NSE,IIFLCAPS.NS,up,2026-01-05,B,2,8,89.0,23.51,Weak,383.3302451605274,385.3613586425781,47,0.3434027026318489,1.5028952037463554,2026-10-08T16:38:03+00:00,replay,Failed,2026-01-12,5.0,-0.0395,-0.0228,-0.167,-0.0269,-0.2573,-0.0711,-4.76
951,0.1.0,NSE,PREMIERENE.NS,down,2026-01-05,B,4,1,9.0,-20.94,Weak,833.485788218638,787.169921875,16,0.1280422606372722,4.4122536547378735,2026-10-08T16:38:03+00:00,replay,Confirmed,2026-01-20,10.0,-0.0535,-0.0228,-0.0009,-0.0269,0.238,-0.0711,0.01
1276,0.1.0,NSE,UJJIVANSFB.NS,up,2026-01-05,B,2,8,93.0,18.26,Weak,56.29999923706055,58.439998626708984,24,0.125999984741211,4.084692169612781,2026-10-08T16:38:03+00:00,replay,Confirmed,2026-01-20,10.0,-0.0021,-0.0228,0.0794,-0.0269,0.0318,-0.0711,1.21
1282,0.1.0,NSE,UNIONBANK.NS,up,2026-01-05,B,2,8,85.0,11.54,Weak,155.55722172388985,157.703857421875,23,0.0978954062602897,2.3573310336363527,2026-10-08T16:38:03+00:00,replay,Confirmed,2026-01-20,10.0,0.01,-0.0228,0.0958,-0.0269,0.1643,-0.0711,2.22
756,0.1.0,NSE,MARICO.NS,up,2026-01-05,C,3,8,77.0,1.8,Weak,761.8162198432873,769.5309448242188,33,0.08207850687957507,1.635235580966789,2026-10-08T16:38:03+00:00,replay,Faded,2026-01-20,10.0,-0.0218,-0.0228,-0.032,-0.0269,-0.0127,-0.0711,-0.81
1316,0.1.0,NSE,VOLTAS.NS,up,2026-01-05,C,2,7,63.0,-1.04,Weak,1459.216025045841,1472.17529296875,50,0.13640259590051285,1.8429200575475235,2026-10-08T16:38:03+00:00,replay,Failed,2026-01-16,8.0,-0.0058,-0.0228,-0.0339,-0.0269,-0.1092,-0.0711,-0.88
1319,0.1.0,NSE,WAAREEENER.NS,down,2026-01-05,W,2,3,37.0,-6.07,Weak,2822.782633365645,2712.16943359375,18,0.10261939305278323,3.1034664736481643,2026-10-08T16:38:03+00:00,replay,Confirmed,2026-01-20,10.0,-0.0506,-0.0228,0.1316,-0.0269,0.2089,-0.0711,-1.83
533,0.1.0,NSE,IDBI.NS,up,2026-01-02,B,2,8,90.0,21.82,Weak,106.97000122070312,114.7300033569336,43,0.15618250218256602,10.014375569579348,2026-10-08T16:38:03+00:00,replay,Failed,2026-01-09,5.0,-0.0985,-0.0262,-0.0485,-0.0234,-0.3716,-0.0855,-0.51
42,0.1.0,NSE,AETHER.NS,up,2026-01-02,C,2,7,81.0,9.8,Weak,931.0,944.0999755859375,29,0.16309574089831202,2.7619770772424843,2026-10-08T16:38:03+00:00,replay,Confirmed,2026-01-19,10.0,0.0379,-0.0262,0.0969,-0.0234,0.2009,-0.0855,2.23
849,0.1.0,NSE,NTPC.NS,up,2026-01-02,C,1,4,64.0,-0.33,Weak,340.77169953490335,345.7269592285156,45,0.09983659131905065,2.907285591116097,2026-10-08T16:38:03+00:00,replay,Failed,2026-01-09,5.0,-0.0457,-0.0262,0.043,-0.0234,0.0835,-0.0855,0.98
1250,0.1.0,NSE,TORNTPOWER.NS,up,2026-01-02,C,4,4,62.0,-3.86,Weak,1334.008740626193,1380.267578125,42,0.09807583381447005,4.512938200123455,2026-10-08T16:38:03+00:00,replay,Faded,2026-01-19,10.0,-0.0558,-0.0262,0.0058,-0.0234,0.044,-0.0855,0.09
1219,0.1.0,NSE,TFCILTD.NS,down,2026-01-02,W,2,5,83.0,2.93,Weak,61.37895570084335,54.95256805419922,27,0.20745531610469636,6.469321691254934,2026-10-08T16:38:03+00:00,replay,Failed,2026-01-05,1.0,0.1832,-0.0262,0.2075,-0.0234,0.2161,-0.0855,-1.38
441,0.1.0,NSE,GODFRYPHLP.NS,down,2026-01-01,A,3,3,31.0,0.67,Healthy,2534.920188097746,2257.478515625,16,0.14230168966545764,22.668736300953352,2026-10-08T16:38:03+00:00,replay,Confirmed,2026-01-16,10.0,-0.0629,-0.008,-0.137,-0.0178,-0.1244,-0.0727,0.87
209,0.1.0,NSE,BPCL.NS,up,2025-12-31,B,2,8,87.0,13.66,Weak,371.08222726841984,373.46502685546875,31,0.09295322596162081,1.6300635589682895,2026-10-08T16:38:03+00:00,replay,Failed,2026-01-07,5.0,-0.0411,0.0061,-0.0181,-0.0433,-0.2571,-0.1079,-0.5
283,0.1.0,NSE,CSBBANK.NS,up,2025-12-31,B,2,8,89.0,9.7,Weak,447.0,459.1000061035156,36,0.18536195376591036,2.48087275276261,2026-10-08T16:38:03+00:00,replay,Confirmed,2026-01-14,10.0,0.1221,0.0061,-0.1141,-0.0433,-0.1857,-0.1079,-2.05
509,0.1.0,NSE,HINDPETRO.NS,up,2025-12-31,B,2,8,85.0,12.8,Weak,470.2246050419895,474.5992126464844,34,0.11790647713544677,3.1539054467318173,2026-10-08T16:38:03+00:00,replay,Failed,2026-01-07,5.0,-0.0453,0.0061,-0.0918,-0.0433,-0.3359,-0.1079,-2.36
782,0.1.0,NSE,MONTECARLO.NS,down,2025-12-31,W,2,3,55.0,6.48,Weak,625.8674924959696,616.4700927734375,53,0.32586438813829166,2.429157479554099,2026-10-08T16:38:03+00:00,replay,Faded,2026-01-14,10.0,-0.0235,0.0061,-0.1036,-0.0433,-0.2107,-0.1079,2.27
426,0.1.0,NSE,GLAXO.NS,down,2025-12-30,B,4,2,31.0,-14.11,Weak,2344.5190727641184,2325.015625,25,0.09599865655484496,6.312608675815908,2026-10-08T16:38:03+00:00,replay,Failed,2026-01-02,3.0,0.0416,0.0144,0.0073,-0.0249,-0.0158,-0.1046,-0.19
633,0.1.0,NSE,JSL.NS,up,2025-12-30,B,2,8,82.0,9.61,Weak,821.5339690598771,831.4797973632812,42,0.15443752533560073,5.068852400283109,2026-10-08T16:38:03+00:00,replay,Failed,2026-01-09,8.0,0.0298,0.0144,-0.0149,-0.0249,-0.1317,-0.1046,-0.36
816,0.1.0,NSE,NBCC.NS,up,2025-12-26,B,2,8,84.0,12.65,Weak,118.6677658220751,121.06809997558594,20,0.13241826351334884,3.9370677829979015,2026-10-08T16:38:03+00:00,replay,Failed,2026-01-07,8.0,0.005,0.0134,-0.1846,-0.0294,-0.3209,-0.1196,-3.75
596,0.1.0,NSE,IRFC.NS,up,2025-12-26,C,4,4,62.0,-0.8,Weak,127.9860525685712,132.23565673828125,65,0.17908175574875007,20.802886414651073,2026-10-08T16:38:03+00:00,replay,Failed,2025-12-30,2.0,-0.0386,0.0134,-0.1009,-0.0294,-0.3043,-0.1196,-1.65
1024,0.1.0,NSE,RVNL.NS,up,2025-12-26,C,4,3,66.0,2.08,Weak,365.70812695278704,385.5339050292969,65,0.22177953777587045,22.952741553937134,2026-10-08T16:38:03+00:00,replay,Failed,2026-01-08,9.0,-0.057,0.0134,-0.1172,-0.0294,-0.321,-0.1196,-1.47
1048,0.1.0,NSE,SASKEN.NS,up,2025-12-26,C,4,3,67.0,-1.49,Weak,1535.9653753469731,1561.5496826171875,34,0.34165902386894187,4.6102547371332445,2026-10-08T16:38:03+00:00,replay,Failed,2025-12-30,2.0,-0.0174,0.0134,-0.1977,-0.0294,-0.272,-0.1196,-4.31
543,0.1.0,NSE,IIFL.NS,up,2025-12-24,A,2,8,94.0,24.35,Healthy,588.4459960775147,597.7273559570312,17,0.08501888225345344,3.6344886462063437,2026-10-08T16:38:03+00:00,replay,Confirmed,2026-01-08,10.0,0.0304,0.0009,-0.1334,-0.0432,-0.2799,-0.1393,-2.96
744,0.1.0,NSE,MANAPPURAM.NS,up,2025-12-24,A,2,8,90.0,13.3,Healthy,294.6401872951966,312.6211853027344,63,0.12970720416785797,7.453963873385897,2026-10-08T16:38:03+00:00,replay,Confirmed,2026-01-08,10.0,-0.0014,0.0009,-0.0618,-0.0432,-0.2004,-0.1393,-0.72
929,0.1.0,NSE,PNBHOUSING.NS,up,2025-12-24,C,4,6,70.0,-3.53,Healthy,945.3722508475224,958.8173217773438,36,0.1145230485692621,2.6242600170705965,2026-10-08T16:38:03+00:00,replay,Faded,2026-01-08,10.0,0.021,0.0009,-0.1458,-0.0432,-0.2186,-0.1393,-3.34
842,0.1.0,NSE,NMDC.NS,up,2025-12-23,A,2,8,78.0,5.0,Healthy,75.87194615524201,78.06461334228516,51,0.09689922763466918,4.684701322292892,2026-10-08T16:38:03+00:00,replay,Confirmed,2026-01-07,10.0,0.0201,-0.001,-0.0634,-0.0498,-0.0243,-0.1203,-1.11
130,0.1.0,NSE,AURUM.NS,up,2025-12-23,C,1,4,62.0,-8.1,Healthy,186.39999389648438,188.0500030517578,58,0.18274103221831228,3.9571556929849705,2026-10-08T16:38:03+00:00,replay,Faded,2026-01-07,10.0,-0.0001,-0.001,-0.0323,-0.0498,-0.1262,-0.1203,-0.84
712,0.1.0,NSE,LLOYDSME.NS,up,2025-12-23,C,3,7,70.0,-6.12,Healthy,1360.686810675495,1388.3702392578125,50,0.16367525576421493,1.5942628261545497,2026-10-08T16:38:03+00:00,replay,Failed,2025-12-30,4.0,-0.0489,-0.001,-0.197,-0.0498,-0.0798,-0.1203,-3.99
1253,0.1.0,NSE,TRIVENI.NS,up,2025-12-22,C,4,2,62.0,-5.94,Healthy,375.8170756050353,386.2784423828125,31,0.12915239962854974,2.3619925808212505,2026-10-08T16:38:03+00:00,replay,Faded,2026-01-06,10.0,-0.0198,-0.0083,-0.1339,-0.036,0.05,-0.1001,-2.38
111,0.1.0,NSE,ASIANTILES.NS,up,2025-12-19,A,2,8,82.0,19.03,Healthy,70.8499984741211,72.05000305175781,26,0.20657351841370963,6.007707847470708,2026-10-08T16:38:03+00:00,replay,Confirmed,2026-01-05,10.0,0.0373,0.0002,-0.0137,-0.0356,-0.2236,-0.1103,-0.3
389,0.1.0,NSE,FIEMIND.NS,up,2025-12-19,A,2,8,93.0,30.79,Healthy,2337.692450239864,2367.674072265625,23,0.08095463603464292,1.9405470157529436,2026-10-08T16:38:03+00:00,replay,Failed,2025-12-26,4.0,-0.0781,0.0002,-0.0943,-0.0356,-0.1649,-0.1103,-2.23
553,0.1.0,NSE,INDIACEM.NS,up,2025-12-17,A,2,8,89.0,14.82,Healthy,430.45001220703125,441.04998779296875,33,0.15712368872857874,8.488680763402753,2026-10-08T16:38:03+00:00,replay,Confirmed,2026-01-01,10.0,-0.0108,0.0151,0.0637,-0.0052,-0.1841,-0.0923,1.2
764,0.1.0,NSE,MAXHEALTH.NS,down,2025-12-17,A,3,3,44.0,-10.25,Healthy,1058.1195919207078,1029.270751953125,51,0.15273583595038387,1.6404790119459025,2026-10-08T16:38:03+00:00,replay,Faded,2026-01-01,10.0,0.0488,0.0151,-0.017,-0.0052,-0.0643,-0.0923,0.29
1095,0.1.0,NSE,SILVERTUC.NS,up,2025-12-16,A,2,8,86.0,4.5,Healthy,865.5862246421511,877.9803466796875,20,0.2229047209025239,3.427091715352151,2026-10-08T16:38:03+00:00,replay,Failed,2025-12-17,1.0,-0.0112,0.0138,-0.8176,-0.0036,-0.8666,-0.0995,-18.71
641,0.1.0,NSE,JUBLFOOD.NS,down,2025-12-16,B,4,0,29.0,-15.6,Healthy,563.347878948707,558.611328125,27,0.10266392503283872,2.719783219710476,2026-10-08T16:38:03+00:00,replay,Faded,2025-12-31,10.0,0.011,0.0138,-0.0578,-0.0036,-0.1892,-0.0995,1.49
597,0.1.0,NSE,IRISDOREME.NS,up,2025-12-15,C,4,1,34.0,-24.05,Healthy,36.900001525878906,38.220001220703125,48,0.21421527696535358,3.8926059678456397,2026-10-08T16:38:03+00:00,replay,Failed,2025-12-17,2.0,-0.0309,0.006,-0.1327,-0.0105,-0.2041,-0.0762,-2.09
908,0.1.0,NSE,PFOCUS.NS,up,2025-12-10,A,2,8,97.0,30.38,Healthy,203.6999969482422,210.5399932861328,52,0.26513883546274997,10.232676872715148,2026-10-08T16:38:03+00:00,replay,Faded,2025-12-24,10.0,-0.0249,0.0037,0.0935,0.0025,0.2228,-0.0862,1.52
260,0.1.0,NSE,CNL.NS,up,2025-12-09,C,1,2,66.0,-9.62,Healthy,724.672881642349,739.06640625,19,0.08136322249002714,3.202661598439027,2026-10-08T16:38:03+00:00,replay,Confirmed,2025-12-24,10.0,0.0088,-0.0009,-0.039,-0.0021,-0.1503,-0.0904,-0.8
333,0.1.0,NSE,DREDGECORP.NS,up,2025-12-08,A,2,8,96.0,21.28,Healthy,954.4000244140625,1006.5,23,0.23899784439640137,15.794229177499744,2026-10-08T16:38:03+00:00,replay,Faded,2025-12-22,10.0,0.0502,0.0085,-0.087,0.0208,-0.044,-0.0631,-1.09
689,0.1.0,NSE,KRISHNADEF.NS,down,2025-12-08,A,3,3,56.0,-9.63,Healthy,729.1092826318782,692.574462890625,63,0.20810541786054815,2.142331739610151,2026-10-08T16:38:03+00:00,replay,Failed,2025-12-22,10.0,0.0444,0.0085,0.329,0.0208,0.5872,-0.0631,-3.9
1320,0.1.0,NSE,WABAG.NS,down,2025-12-08,A,3,1,27.0,-12.19,Healthy,1334.7436523527824,1306.9114990234375,21,0.08310901512749536,1.7586857583279727,2026-10-08T16:38:03+00:00,replay,Confirmed,2025-12-22,10.0,-0.0438,0.0085,-0.0605,0.0208,-0.0444,-0.0631,1.16
576,0.1.0,NSE,INNOVACAP.NS,down,2025-12-08,B,4,1,9.0,-24.5,Healthy,700.8742984876571,666.5758666992188,17,0.09538371609728435,3.801690039554117,2026-10-08T16:38:03+00:00,replay,Failed,2025-12-09,1.0,0.0536,0.0085,0.0946,0.0208,0.0437,-0.0631,-1.14
619,0.1.0,NSE,JINDRILL.NS,down,2025-12-08,B,4,0,10.0,-26.45,Healthy,527.1489101574588,507.9798583984375,33,0.15994328734025243,3.3864953128658875,2026-10-08T16:38:03+00:00,replay,Confirmed,2025-12-22,10.0,-0.0082,0.0085,0.0669,0.0208,0.0441,-0.0631,-0.97
1177,0.1.0,NSE,SWSOLAR.NS,down,2025-12-08,B,4,1,6.0,-28.72,Healthy,219.1199951171875,203.3000030517578,25,0.12175980526241603,1.6553394151357117,2026-10-08T16:38:03+00:00,replay,Confirmed,2025-12-22,10.0,0.0444,0.0085,0.0437,0.0208,-0.1216,-0.0631,-0.4
479,0.1.0,NSE,HAL.NS,down,2025-12-08,W,2,4,65.0,-4.65,Healthy,4344.031995902907,4243.1767578125,63,0.1341993246408577,1.724999913632525,2026-10-08T16:38:03+00:00,replay,Confirmed,2025-12-22,10.0,0.008,0.0085,0.0555,0.0208,-0.058,-0.0631,-1.02
1084,0.1.0,NSE,SHRIPISTON.NS,up,2025-12-05,A,2,8,85.0,17.21,Healthy,2777.0818937701533,2829.83154296875,40,0.10262087304006062,56.00154568047379,2026-10-08T16:38:03+00:00,replay,Confirmed,2025-12-19,10.0,0.0931,-0.0046,0.1755,0.0074,0.0688,-0.0626,3.65
560,0.1.0,NSE,INDIGO.NS,down,2025-12-04,W,2,5,69.0,5.64,Healthy,5501.0,5436.5,45,0.0852572259589166,4.176940362515447,2026-10-08T16:38:03+00:00,replay,Confirmed,2025-12-18,10.0,-0.1136,-0.008,-0.0614,0.0134,-0.2207,-0.071,1.46
342,0.1.0,NSE,ECLERX.NS,up,2025-12-03,A,2,8,89.0,21.51,Healthy,2432.601329863912,2454.33935546875,20,0.14484942648681365,2.2171782332627203,2026-10-08T16:38:03+00:00,replay,Failed,2025-12-09,4.0,-0.1013,-0.013,-0.0387,0.0161,-0.3847,-0.0521,-1.0
1130,0.1.0,NSE,SPARC.NS,up,2025-12-02,C,4,4,57.0,-17.79,Healthy,149.27000427246094,161.02000427246094,49,0.18271139652377433,54.18255917919539,2026-10-08T16:38:03+00:00,replay,Failed,2025-12-08,4.0,-0.1169,-0.0128,-0.1614,0.0021,-0.2294,-0.0472,-1.6
847,0.1.0,NSE,NRBBEARING.NS,up,2025-12-01,A,2,8,77.0,6.16,Healthy,292.93358778285983,299.62896728515625,46,0.16984073627822371,7.25889759851838,2026-10-08T16:38:03+00:00,replay,Failed,2025-12-04,3.0,-0.0952,-0.0166,-0.1177,-0.0021,-0.1508,-0.0632,-2.28
734,0.1.0,NSE,MAANALU.NS,up,2025-11-28,A,2,8,92.0,31.84,Healthy,154.8800048828125,160.25,20,0.18229011360925562,8.271712092152544,2026-10-08T16:38:03+00:00,replay,Failed,2025-12-05,5.0,-0.0671,-0.0041,-0.039,-0.011,-0.1426,-0.0458,-0.62
607,0.1.0,NSE,JAMNAAUTO.NS,up,2025-11-27,A,2,8,84.0,10.71,Healthy,110.84988635383185,112.9239730834961,54,0.2612529121324516,7.040487950458591,2026-10-08T16:38:03+00:00,replay,Confirmed,2025-12-11,10.0,0.0747,-0.0086,0.0916,-0.0111,0.2904,-0.0326,1.92
1331,0.1.0,NSE,WHIRLPOOL.NS,down,2025-11-27,W,2,1,15.0,-15.75,Healthy,1127.756283110946,1057.4765625,33,0.26663720026865767,19.19148220132452,2026-10-08T16:38:03+00:00,replay,Confirmed,2025-12-11,10.0,-0.0796,-0.0086,-0.144,-0.0111,-0.1334,-0.0326,1.46
1311,0.1.0,NSE,VISHNU.NS,up,2025-11-26,B,2,7,73.0,-2.31,Healthy,529.6457439261228,542.039794921875,16,0.11923112777475042,5.892909537851616,2026-10-08T16:38:03+00:00,replay,Failed,2025-12-02,4.0,-0.0725,-0.01,0.0209,-0.0073,-0.0597,-0.0212,0.4
809,0.1.0,NSE,NATCOPHARM.NS,up,2025-11-26,C,1,2,48.0,-14.77,Healthy,892.3372887711437,924.2871704101562,46,0.13681884901015717,26.9086861671612,2026-10-08T16:38:03+00:00,replay,Failed,2025-12-10,10.0,0.0086,-0.01,-0.0204,-0.0073,0.05,-0.0212,-0.32
892,0.1.0,NSE,PASUPTAC.NS,up,2025-11-26,C,3,8,92.0,5.23,Healthy,59.5,61.91999816894531,17,0.22402796241334344,13.552560677671986,2026-10-08T16:38:03+00:00,replay,Failed,2025-12-03,5.0,-0.0803,-0.01,-0.1219,-0.0073,-0.1407,-0.0212,-1.8
1143,0.1.0,NSE,STYLAMIND.NS,up,2025-11-25,B,2,7,85.0,2.17,Healthy,2120.10009765625,2178.300048828125,15,0.13374336773061501,3.352400126502792,2026-10-08T16:38:03+00:00,replay,Faded,2025-12-09,10.0,-0.0172,0.0071,0.0561,0.0083,0.0164,-0.0106,1.0
990,0.1.0,NSE,RCF.NS,down,2025-11-25,W,2,1,36.0,-7.07,Healthy,139.16359185480664,136.7723388671875,38,0.10735962370263774,1.655924408938926,2026-10-08T16:38:03+00:00,replay,Faded,2025-12-09,10.0,-0.0102,0.0071,0.0119,0.0083,-0.0701,-0.0106,-0.25
711,0.1.0,NSE,LLOYDSENT.NS,down,2025-11-20,W,2,3,65.0,1.09,Healthy,61.35834071573407,60.528900146484375,34,0.2019543550051348,1.895079859819639,2026-10-08T16:38:03+00:00,replay,Confirmed,2025-12-04,10.0,-0.0484,-0.0012,0.1699,-0.0124,-0.0916,-0.0242,-3.85
1125,0.1.0,NSE,SOUTHBANK.NS,up,2025-11-19,A,2,8,95.0,28.94,Healthy,39.90763686178403,40.68004608154297,18,0.10958148340429008,5.198488616926756,2026-10-08T16:38:03+00:00,replay,Failed,2025-11-20,1.0,-0.0316,0.002,-0.0472,-0.0174,-0.0253,-0.0255,-0.98
871,0.1.0,NSE,ORIENTELEC.NS,down,2025-11-19,C,1,1,16.0,-10.24,Healthy,191.8100584334223,187.7254180908203,34,0.12425692497734864,1.619005120275572,2026-10-08T16:38:03+00:00,replay,Failed,2025-11-25,4.0,0.0032,0.002,-0.0551,-0.0174,-0.0725,-0.0255,1.05
316,0.1.0,NSE,DIFFNKG.NS,down,2025-11-19,W,2,5,60.0,9.83,Healthy,327.024121994161,314.7202453613281,64,0.2740290167128181,1.8171113000097057,2026-10-08T16:38:03+00:00,replay,Confirmed,2025-12-03,10.0,-0.0573,0.002,-0.0233,-0.0174,-0.1143,-0.0255,0.33
50,0.1.0,NSE,AHLUCONT.NS,up,2025-11-18,B,2,8,77.0,-8.64,Healthy,1029.7561182049951,1052.4287109375,37,0.18369688165285813,30.710751216579638,2026-10-08T16:38:03+00:00,replay,Failed,2025-11-21,3.0,-0.0758,-0.0071,-0.0901,-0.0138,-0.228,-0.0075,-1.77
505,0.1.0,NSE,HEROMOTOCO.NS,up,2025-11-17,A,2,8,87.0,18.72,Healthy,5526.408491104779,5605.19091796875,16,0.0884341847085297,2.2414032668517683,2026-10-08T16:38:03+00:00,replay,Confirmed,2025-12-01,10.0,0.0316,-0.0117,0.0255,-0.016,-0.0195,-0.0173,0.58
948,0.1.0,NSE,PRAKASH.NS,down,2025-11-14,A,3,3,26.0,-14.65,Healthy,152.28362637943195,144.87423706054688,51,0.14479589228798462,2.8970797107151074,2026-10-08T16:38:03+00:00,replay,Confirmed,2025-11-28,10.0,-0.0949,-0.0019,-0.0948,-0.0047,-0.1173,-0.0153,1.15
9,0.1.0,NSE,AARTIPHARM.NS,down,2025-11-14,W,2,3,39.0,-13.71,Healthy,735.4550805641641,709.9702758789062,61,0.28058884624335056,1.5812255151747994,2026-10-08T16:38:03+00:00,replay,Confirmed,2025-11-28,10.0,-0.0269,-0.0019,0.0618,-0.0047,-0.0013,-0.0153,-0.92
421,0.1.0,NSE,GIPCL.NS,down,2025-11-13,C,1,1,24.0,-12.28,Healthy,169.01597889748703,167.10569763183594,17,0.14762643080316695,1.7657104093634763,2026-10-08T16:38:03+00:00,replay,Faded,2025-11-27,10.0,0.0014,0.0067,-0.134,-0.0038,-0.1718,-0.0211,3.21
774,0.1.0,NSE,MFSL.NS,up,2025-11-12,A,2,8,86.0,15.02,Healthy,1674.800048828125,1718.800048828125,58,0.11512086131133548,7.295997163103222,2026-10-08T16:38:03+00:00,replay,Faded,2025-11-26,10.0,-0.0296,0.0029,-0.0088,-0.012,0.0551,-0.0078,-0.16
913,0.1.0,NSE,PGIL.NS,up,2025-11-12,C,3,5,92.0,-2.11,Healthy,729.4179101319463,839.283935546875,36,0.22658352956092354,30.606965627413473,2026-10-08T16:38:03+00:00,replay,Confirmed,2025-11-26,10.0,0.047,0.0029,-0.0582,-0.012,-0.0579,-0.0078,-0.37
157,0.1.0,NSE,BALAMINES.NS,down,2025-11-11,C,1,1,11.0,-13.88,Healthy,1318.5673998942812,1286.0286865234375,18,0.10021894265892306,3.4608109076194182,2026-10-08T16:38:03+00:00,replay,Confirmed,2025-11-25,10.0,-0.0756,0.006,-0.1281,-0.0116,-0.1392,0.0042,2.29
766,0.1.0,NSE,MAYURUNIQ.NS,up,2025-11-11,C,1,4,54.0,-3.38,Healthy,547.7322344401947,550.659423828125,45,0.14832526950147007,1.9541984010372673,2026-10-08T16:38:03+00:00,replay,Failed,2025-11-12,1.0,-0.0735,0.006,-0.1077,-0.0116,0.0105,0.0042,-3.06
661,0.1.0,NSE,KIMS.NS,down,2025-11-11,W,2,5,58.0,5.47,Healthy,676.7999877929688,670.2999877929688,25,0.09751773225532201,2.4314445188164724,2026-10-08T16:38:03+00:00,replay,Faded,2025-11-25,10.0,-0.0031,0.006,-0.0106,-0.0116,0.0201,0.0042,0.26
650,0.1.0,NSE,KAMATHOTEL.NS,down,2025-11-10,A,3,2,39.0,1.56,Healthy,236.2100067138672,227.89999389648438,65,0.39621514084486575,8.6519049586804,2026-10-08T16:38:03+00:00,replay,Faded,2025-11-24,10.0,0.0331,0.0152,0.0216,-0.0034,-0.1533,0.0066,-0.32
728,0.1.0,NSE,LUMAXTECH.NS,up,2025-11-10,A,2,8,99.0,42.11,Healthy,1333.5662417923545,1381.8094482421875,27,0.19455365751207188,11.683835790571205,2026-10-08T16:38:03+00:00,replay,Faded,2025-11-24,10.0,0.0512,0.0152,0.0905,-0.0034,0.1823,0.0066,1.42
411,0.1.0,NSE,GANECOS.NS,down,2025-11-10,B,4,0,2.0,-29.95,Healthy,1144.8600325766447,1046.4984130859375,27,0.10027847876041829,10.35712719347994,2026-10-08T16:38:03+00:00,replay,Confirmed,2025-11-24,10.0,-0.1091,0.0152,-0.1504,-0.0034,-0.1985,0.0066,1.19
826,0.1.0,NSE,NEOGEN.NS,down,2025-11-10,B,4,0,8.0,-18.37,Healthy,1388.4442163385488,1307.8673095703125,57,0.15733820562430534,3.7503932502920785,2026-10-08T16:38:03+00:00,replay,Confirmed,2025-11-24,10.0,0.0159,0.0152,-0.2512,-0.0034,0.0047,0.0066,2.69
1068,0.1.0,NSE,SHAKTIPUMP.NS,down,2025-11-10,B,4,0,23.0,-16.22,Healthy,773.6235752160427,732.2859497070312,62,0.179123642939238,5.069959471107681,2026-10-08T16:38:03+00:00,replay,Confirmed,2025-11-24,10.0,-0.0083,0.0152,-0.2202,-0.0034,-0.1046,0.0066,2.5
370,0.1.0,NSE,EPIGRAL.NS,down,2025-11-10,C,1,0,11.0,-13.89,Healthy,1632.0403081002632,1521.4188232421875,27,0.08047102569506204,9.037167974126067,2026-10-08T16:38:03+00:00,replay,Confirmed,2025-11-24,10.0,-0.0098,0.0152,-0.0545,-0.0034,-0.3194,0.0066,0.52
3,0.1.0,NSE,20MICRONS.NS,down,2025-11-10,W,2,1,23.0,-7.81,Healthy,203.2531114199468,202.09024047851562,26,0.08166255177325477,1.551808690045085,2026-10-08T16:38:03+00:00,replay,Confirmed,2025-11-24,10.0,-0.0405,0.0152,-0.0699,-0.0034,-0.1062,0.0066,1.95
625,0.1.0,NSE,JMFINANCIL.NS,down,2025-11-10,W,2,5,76.0,12.45,Healthy,146.19546771965008,143.2696075439453,65,0.33288861445027873,2.4962717893839064,2026-10-08T16:38:03+00:00,replay,Faded,2025-11-24,10.0,0.0291,0.0152,-0.0381,-0.0034,-0.0346,0.0066,0.75
818,0.1.0,NSE,NDRAUTO.NS,down,2025-11-10,W,2,4,65.0,6.25,Healthy,924.5237277709093,881.8303833007812,60,0.2772873932400639,2.092564001292593,2026-10-08T16:38:03+00:00,replay,Confirmed,2025-11-24,10.0,-0.0117,0.0152,-0.0706,-0.0034,-0.1042,0.0066,0.88
1080,0.1.0,NSE,SHK.NS,down,2025-11-10,W,2,2,10.0,-8.05,Healthy,211.28515112219225,187.29310607910156,56,0.2964706007672573,4.311210183787498,2026-10-08T16:38:03+00:00,replay,Confirmed,2025-11-24,10.0,-0.0652,0.0152,-0.1179,-0.0034,-0.0719,0.0066,0.73
1218,0.1.0,NSE,TEMBO.NS,up,2025-11-07,B,2,6,90.0,12.39,Healthy,67.38213739262682,69.45850372314453,46,0.26015129640299794,4.31831326365542,2026-10-08T16:38:03+00:00,replay,Confirmed,2025-11-21,10.0,0.123,0.0134,0.0149,0.0002,-0.1778,0.0069,0.25
311,0.1.0,NSE,DEVYANI.NS,down,2025-11-07,C,1,2,23.0,-16.92,Healthy,150.97000122070312,147.97000122070312,57,0.26515200672732986,2.180681934356692,2026-10-08T16:38:03+00:00,replay,Confirmed,2025-11-21,10.0,-0.0669,0.0134,-0.0947,0.0002,-0.1082,0.0069,1.86
1207,0.1.0,NSE,TCIEXP.NS,down,2025-11-07,C,1,0,16.0,-17.19,Healthy,642.1720343319131,626.4141235351562,16,0.08461542775495845,1.9864732722344214,2026-10-08T16:38:03+00:00,replay,Confirmed,2025-11-21,10.0,-0.0311,0.0134,-0.102,0.0002,-0.0735,0.0069,1.83
1333,0.1.0,NSE,WINDLAS.NS,down,2025-11-07,C,1,2,23.0,-13.43,Healthy,893.400102852035,863.3272705078125,25,0.09537291730640773,8.695916150443006,2026-10-08T16:38:03+00:00,replay,Confirmed,2025-11-21,10.0,-0.0566,0.0134,-0.1337,0.0002,0.0018,0.0069,2.03
655,0.1.0,NSE,KEC.NS,down,2025-11-07,W,2,2,30.0,-15.85,Healthy,766.3735396136457,750.607177734375,56,0.2095962890291081,1.6191809792682865,2026-10-08T16:38:03+00:00,replay,Faded,2025-11-21,10.0,0.0424,0.0134,-0.1025,0.0002,-0.1719,0.0069,1.98
118,0.1.0,NSE,ASTRAL.NS,up,2025-11-06,C,2,5,62.0,-6.81,Healthy,1489.5290881487908,1562.1451416015625,38,0.1061482293866669,10.296109993245777,2026-10-08T16:38:03+00:00,replay,Faded,2025-11-20,10.0,-0.0089,0.0129,-0.0672,0.0137,-0.0591,-0.0034,-0.89
870,0.1.0,NSE,ORCHPHARMA.NS,up,2025-11-06,C,4,2,16.0,-31.77,Healthy,816.25,829.75,63,0.17344742473924502,3.9200180031457794,2026-10-08T16:38:03+00:00,replay,Faded,2025-11-20,10.0,-0.038,0.0129,0.0457,0.0137,-0.1798,-0.0034,1.0
944,0.1.0,NSE,POWERGRID.NS,down,2025-11-06,C,1,2,26.0,-7.26,Healthy,263.5451400715259,261.5606994628906,46,0.08962361454233614,1.7893702744835014,2026-10-08T16:38:03+00:00,replay,Failed,2025-11-20,10.0,0.0155,0.0129,0.0153,0.0137,0.1017,-0.0034,-0.41
4,0.1.0,NSE,3MINDIA.NS,up,2025-11-04,B,2,7,72.0,-5.43,Healthy,31735.395938720703,35372.71875,59,0.11924208690282967,53.53656068389249,2026-10-08T16:38:03+00:00,replay,Confirmed,2025-11-19,10.0,0.0033,0.0068,-0.0316,0.0028,-0.0121,-0.0111,-0.24
201,0.1.0,NSE,BLUEJET.NS,down,2025-11-04,B,4,3,26.0,-15.03,Healthy,627.0892825441158,605.3846435546875,23,0.10264156674200176,4.658052798479732,2026-10-08T16:38:03+00:00,replay,Confirmed,2025-11-19,10.0,-0.0421,0.0068,-0.0855,0.0028,-0.3296,-0.0111,1.28
1019,0.1.0,NSE,RPOWER.NS,down,2025-11-04,W,2,3,30.0,-4.62,Healthy,41.7599983215332,40.720001220703125,55,0.21767242619597305,4.068328967492022,2026-10-08T16:38:03+00:00,replay,Confirmed,2025-11-19,10.0,0.0243,0.0068,-0.0624,0.0028,-0.3094,-0.0111,1.11
901,0.1.0,NSE,PENIND.NS,up,2025-11-03,A,2,8,89.0,18.84,Healthy,269.20001220703125,270.8999938964844,49,0.1765734642325787,2.15969205866588,2026-10-08T16:38:03+00:00,replay,Failed,2025-11-06,2.0,-0.148,-0.0054,-0.2087,-0.004,-0.322,-0.0116,-5.78
1221,0.1.0,NSE,THANGAMAYL.NS,up,2025-11-03,A,2,8,88.0,4.81,Healthy,2282.615061371066,2596.23779296875,43,0.18020108275742386,29.458281937889726,2026-10-08T16:38:03+00:00,replay,Confirmed,2025-11-18,10.0,0.2458,-0.0054,0.259,-0.004,0.261,-0.0116,1.76
110,0.1.0,NSE,ASIANTILES.NS,up,2025-11-03,B,2,7,73.0,2.89,Healthy,65.69999694824219,66.05999755859375,28,0.19454539905894896,5.53497628548069,2026-10-08T16:38:03+00:00,replay,Confirmed,2025-11-18,10.0,0.0218,-0.0054,-0.0306,-0.004,0.1255,-0.0116,-0.87
484,0.1.0,NSE,HARDWYN.NS,up,2025-11-03,C,1,3,40.0,-9.53,Healthy,10.714284896850586,11.071428298950195,50,0.37994480830978006,6.024137473206681,2026-10-08T16:38:03+00:00,replay,Faded,2025-11-18,10.0,0.0026,-0.0054,0.0774,-0.004,0.0406,-0.0116,1.26
583,0.1.0,NSE,INTELLECT.NS,up,2025-10-31,A,2,8,84.0,18.65,Healthy,1093.4671144475833,1122.6856689453125,27,0.18327975973276311,13.165285573618027,2026-10-08T16:38:03+00:00,replay,Faded,2025-11-17,10.0,-0.0303,-0.0048,-0.0327,0.0047,-0.2797,-0.0111,-0.59
696,0.1.0,NSE,LATENTVIEW.NS,up,2025-10-31,B,2,6,60.0,-0.21,Healthy,444.0,448.3500061035156,44,0.11417816813048942,6.45051875847123,2026-10-08T16:38:03+00:00,replay,Faded,2025-11-17,10.0,0.0159,-0.0048,0.0444,0.0047,0.0506,-0.0111,1.13
246,0.1.0,NSE,CHENNPETRO.NS,up,2025-10-30,A,2,8,88.0,14.85,Healthy,816.4938906457398,841.354248046875,16,0.1981724191693377,8.895906655224424,2026-10-08T16:38:03+00:00,replay,Confirmed,2025-11-14,10.0,0.1484,-0.0134,0.03,0.0034,-0.0232,-0.0421,0.51
815,0.1.0,NSE,NBCC.NS,up,2025-10-30,A,2,8,80.0,5.8,Healthy,116.03524877780058,117.19363403320312,26,0.11938877369820111,3.018469760952073,2026-10-08T16:38:03+00:00,replay,Failed,2025-11-06,4.0,-0.0421,-0.0134,-0.0012,0.0034,-0.1794,-0.0421,-0.03
186,0.1.0,NSE,BHEL.NS,up,2025-10-30,B,2,7,74.0,-4.39,Healthy,249.618557065892,260.4498596191406,65,0.2208647593520927,11.756931880158204,2026-10-08T16:38:03+00:00,replay,Confirmed,2025-11-14,10.0,0.0098,-0.0134,0.1137,0.0034,-0.0116,-0.0421,1.62
101,0.1.0,NSE,ASALCBR.NS,up,2025-10-30,C,4,5,78.0,-11.6,Healthy,1116.184084784497,1224.9705810546875,65,0.21673918503920664,87.76693876097687,2026-10-08T16:38:03+00:00,replay,Failed,2025-11-10,6.0,-0.0495,-0.0134,-0.1903,0.0034,-0.2887,-0.0421,-1.64
1309,0.1.0,NSE,VINCOFE.NS,up,2025-10-29,A,2,8,87.0,13.36,Healthy,159.45593732852012,167.16592407226562,45,0.19117313892814503,4.524841537167427,2026-10-08T16:38:03+00:00,replay,Confirmed,2025-11-13,10.0,0.0084,-0.0183,-0.0369,-0.0008,-0.1213,-0.0364,-0.49
392,0.1.0,NSE,FILATEX.NS,up,2025-10-29,B,2,7,83.0,5.33,Healthy,63.0049981912464,64.1789779663086,64,0.2810938774996241,3.5254753150197544,2026-10-08T16:38:03+00:00,replay,Failed,2025-11-06,5.0,-0.0702,-0.0183,-0.1686,-0.0008,-0.2863,-0.0364,-3.53
332,0.1.0,NSE,DREDGECORP.NS,up,2025-10-29,C,1,4,59.0,-15.45,Healthy,723.0,759.25,25,0.3438661710037174,92.72467189257345,2026-10-08T16:38:03+00:00,replay,Confirmed,2025-11-13,10.0,0.151,-0.0183,0.1296,-0.0008,0.4827,-0.0364,1.7
1199,0.1.0,NSE,TATAPOWER.NS,up,2025-10-29,C,2,4,55.0,-3.27,Healthy,401.46231543361785,408.1707458496094,65,0.09620082711259537,2.6893243132865754,2026-10-08T16:38:03+00:00,replay,Failed,2025-11-06,5.0,-0.0461,-0.0183,-0.0502,-0.0008,-0.1081,-0.0364,-1.09
225,0.1.0,NSE,CARTRADE.NS,up,2025-10-28,A,2,8,98.0,35.1,Healthy,2755.0,3135.199951171875,33,0.23976242486512223,12.673041163179969,2026-10-08T16:38:03+00:00,replay,Confirmed,2025-11-12,10.0,-0.0686,-0.0058,-0.0254,0.0057,-0.2097,-0.0285,-0.17
532,0.1.0,NSE,IDBI.NS,up,2025-10-28,A,2,8,81.0,5.75,Healthy,99.0,102.18000030517578,45,0.1770300711163697,11.857391276043524,2026-10-08T16:38:03+00:00,replay,Faded,2025-11-12,10.0,-0.0286,-0.0058,-0.0097,0.0057,-0.0428,-0.0285,-0.16
671,0.1.0,NSE,KIRLOSENG.NS,up,2025-10-28,B,2,7,70.0,-3.24,Healthy,984.1825350467838,1001.8141479492188,43,0.15447539813524447,12.67264738003004,2026-10-08T16:38:03+00:00,replay,Failed,2025-11-10,8.0,0.0094,-0.0058,0.1352,0.0057,0.1122,-0.0285,2.87
835,0.1.0,NSE,NEWGEN.NS,up,2025-10-28,C,4,2,44.0,-22.7,Healthy,966.1835141765384,985.5170288085938,55,0.1526664366364605,9.038915934894982,2026-10-08T16:38:03+00:00,replay,Failed,2025-11-10,8.0,-0.0245,-0.0058,-0.1166,0.0057,-0.4165,-0.0285,-2.38
999,0.1.0,NSE,REMSONSIND.NS,up,2025-10-28,C,1,4,53.0,-11.57,Healthy,138.32674906346935,140.61924743652344,23,0.18554574705765092,17.431558725076407,2026-10-08T16:38:03+00:00,replay,Failed,2025-11-10,8.0,0.0432,-0.0058,-0.1339,0.0057,-0.2224,-0.0285,-2.92
279,0.1.0,NSE,CREDITACC.NS,up,2025-10-27,A,2,8,86.0,20.56,Healthy,1430.0,1472.199951171875,20,0.13043478260869557,5.8704794764975885,2026-10-08T16:38:03+00:00,replay,Failed,2025-11-04,6.0,-0.0428,-0.0013,-0.0694,0.0048,-0.1222,-0.0318,-1.2
341,0.1.0,NSE,ECLERX.NS,up,2025-10-27,A,2,8,95.0,23.27,Healthy,2318.714591278586,2392.32373046875,41,0.18791608222158596,18.309449623114705,2026-10-08T16:38:03+00:00,replay,Failed,2025-11-07,8.0,-0.0113,-0.0013,-0.0749,0.0048,-0.0762,-0.0318,-1.25
887,0.1.0,NSE,PARAGMILK.NS,up,2025-10-27,A,2,8,95.0,36.62,Healthy,314.05098244532763,315.71990966796875,28,0.22503618398527236,3.0738314679178367,2026-10-08T16:38:03+00:00,replay,Faded,2025-11-11,10.0,0.0095,-0.0013,0.0691,0.0048,-0.1801,-0.0318,1.97
959,0.1.0,NSE,PSPPROJECT.NS,up,2025-10-27,A,2,8,90.0,9.8,Healthy,832.9000244140625,933.7999877929688,63,0.34176403449708004,74.02521099097636,2026-10-08T16:38:03+00:00,replay,Confirmed,2025-11-11,10.0,0.0411,-0.0013,-0.0293,0.0048,-0.1801,-0.0318,-0.22
489,0.1.0,NSE,HATSUN.NS,up,2025-10-27,C,1,4,72.0,-10.58,Healthy,975.5881911106142,1068.371826171875,65,0.13712543057852256,22.83496683672463,2026-10-08T16:38:03+00:00,replay,Confirmed,2025-11-11,10.0,-0.0061,-0.0013,-0.0168,0.0048,-0.192,-0.0318,-0.15
181,0.1.0,NSE,BHAGERIA.NS,up,2025-10-23,B,1,7,84.0,-10.35,Healthy,218.08350287775548,226.09474182128906,22,0.2827225487490115,31.0298018062854,2026-10-08T16:38:03+00:00,replay,Failed,2025-11-03,7.0,-0.0199,0.0036,-0.2049,-0.0034,-0.2975,-0.0442,-3.18
182,0.1.0,NSE,BHARATFORG.NS,up,2025-10-23,B,1,6,65.0,-2.62,Healthy,1273.1770435735984,1294.68701171875,23,0.08439348103057398,3.199241361190333,2026-10-08T16:38:03+00:00,replay,Confirmed,2025-11-07,10.0,0.0132,0.0036,0.0862,-0.0034,0.0836,-0.0442,1.87
409,0.1.0,NSE,GALLANTT.NS,down,2025-10-23,W,2,5,84.0,30.88,Healthy,569.1498202597224,535.7791137695312,37,0.3176932503727441,5.149605394469971,2026-10-08T16:38:03+00:00,replay,Confirmed,2025-11-07,10.0,-0.028,0.0036,0.102,-0.0034,-0.0038,-0.0442,-1.08
16,0.1.0,NSE,ABDL.NS,up,2025-10-20,A,2,8,95.0,29.93,Healthy,560.6455232411632,575.913330078125,24,0.11980193053361132,3.593898318174403,2026-10-08T16:38:03+00:00,replay,Confirmed,2025-11-04,10.0,0.0534,0.0041,0.1264,0.0109,-0.249,-0.0371,2.27
126,0.1.0,NSE,AUBANK.NS,up,2025-10-20,A,2,8,87.0,14.74,Healthy,813.759701422733,864.360595703125,65,0.19409208866937533,7.751266363772532,2026-10-08T16:38:03+00:00,replay,Confirmed,2025-11-04,10.0,0.017,0.0041,0.0625,0.0109,0.1499,-0.0371,0.72
1275,0.1.0,NSE,UJJIVANSFB.NS,up,2025-10-20,A,2,8,84.0,14.04,Healthy,50.279998779296875,51.2599983215332,64,0.2168441227165594,5.225885015816323,2026-10-08T16:38:03+00:00,replay,Faded,2025-11-04,10.0,0.0451,0.0041,0.054,0.0109,0.127,-0.0371,1.11
233,0.1.0,NSE,CEATLTD.NS,up,2025-10-20,B,2,7,88.0,11.58,Healthy,3871.5841656848174,4161.423828125,65,0.30348335456483677,38.029624277207795,2026-10-08T16:38:03+00:00,replay,Confirmed,2025-11-04,10.0,-0.0297,0.0041,-0.0776,0.0109,-0.1567,-0.0371,-0.8
253,0.1.0,NSE,CIPLA.NS,up,2025-10-20,C,3,7,72.0,-0.05,Healthy,1592.8566252670878,1623.8656005859375,38,0.08988618269983606,2.77905588432583,2026-10-08T16:38:03+00:00,replay,Failed,2025-10-30,7.0,-0.0433,0.0041,-0.067,0.0109,-0.1644,-0.0371,-1.38
613,0.1.0,NSE,JINDALSAW.NS,down,2025-10-17,B,4,0,6.0,-26.9,Healthy,194.2305103227595,188.89962768554688,35,0.14631162499427153,2.2070384105032175,2026-10-08T16:38:03+00:00,replay,Confirmed,2025-11-03,10.0,-0.0632,0.0103,-0.1247,0.0131,-0.0201,-0.0276,2.11
895,0.1.0,NSE,PCBL.NS,down,2025-10-17,C,1,1,24.0,-14.62,Healthy,353.469463413172,351.1896667480469,46,0.16906831714184323,3.3392075253570264,2026-10-08T16:38:03+00:00,replay,Failed,2025-10-29,7.0,0.0242,0.0103,-0.0592,0.0131,-0.2567,-0.0276,1.61
955,0.1.0,NSE,PRIVISCL.NS,up,2025-10-16,A,2,8,93.0,19.31,Healthy,2652.55520706918,2726.647216796875,51,0.22400146817837552,3.6864750223062948,2026-10-08T16:38:03+00:00,replay,Confirmed,2025-10-31,10.0,0.0669,0.0052,0.183,0.0111,-0.0432,-0.0081,3.25
829,0.1.0,NSE,NESTLEIND.NS,up,2025-10-16,C,3,5,67.0,-0.07,Healthy,1232.3899417039825,1263.669921875,63,0.1477828521040141,5.27020612618848,2026-10-08T16:38:03+00:00,replay,Confirmed,2025-10-31,10.0,0.0042,0.0052,-0.009,0.0111,0.0305,-0.0081,-0.17
24,0.1.0,NSE,ACUTAAS.NS,up,2025-10-15,A,2,8,93.0,20.77,Healthy,1527.6008964159653,1547.6424560546875,25,0.17415018846033248,1.9967529159642052,2026-10-08T16:38:03+00:00,replay,Confirmed,2025-10-30,10.0,0.1236,0.0162,0.1037,0.0247,0.0974,0.0046,2.44
1203,0.1.0,NSE,TATVA.NS,up,2025-10-15,A,2,8,94.0,16.51,Healthy,1230.0440287062931,1275.0611572265625,51,0.2625461147929822,47.603003658883694,2026-10-08T16:38:03+00:00,replay,Confirmed,2025-10-30,10.0,0.0783,0.0162,0.2445,0.0247,0.0815,0.0046,3.81
798,0.1.0,NSE,MUFIN.NS,up,2025-10-15,B,1,4,65.0,-6.05,Healthy,94.5,95.55000305175781,41,0.13869143791429495,5.750513653412225,2026-10-08T16:38:03+00:00,replay,Confirmed,2025-10-30,10.0,-0.0063,0.0162,0.1777,0.0247,0.232,0.0046,4.37
1322,0.1.0,NSE,WALCHANNAG.NS,down,2025-10-15,C,1,0,7.0,-14.24,Healthy,172.72999572753906,171.67999267578125,40,0.27945351396060425,3.065132665515328,2026-10-08T16:38:03+00:00,replay,Faded,2025-10-30,10.0,-0.0081,0.0162,-0.0253,0.0247,-0.0764,0.0046,0.7
1023,0.1.0,NSE,RUSTOMJEE.NS,down,2025-10-15,W,2,1,29.0,-2.02,Healthy,570.0,564.5,47,0.1719298245614036,19.06929839514612,2026-10-08T16:38:03+00:00,replay,Faded,2025-10-30,10.0,0.0045,0.0162,-0.0398,0.0247,-0.1463,0.0046,0.99
1034,0.1.0,NSE,SANDHAR.NS,up,2025-10-13,B,2,7,74.0,8.12,Healthy,524.611044720491,527.6634521484375,60,0.31293179029879425,3.31423485684473,2026-10-08T16:38:03+00:00,replay,Failed,2025-10-14,1.0,-0.0259,0.0181,0.0416,0.0224,0.0529,0.008,1.17
659,0.1.0,NSE,KERNEX.NS,up,2025-10-13,C,3,6,87.0,4.38,Healthy,1208.0,1226.199951171875,65,0.23897435897435892,4.4824381913093205,2026-10-08T16:38:03+00:00,replay,Faded,2025-10-28,10.0,0.0798,0.0181,0.0737,0.0224,-0.0941,0.008,1.66
927,0.1.0,NSE,PNB.NS,up,2025-10-10,A,2,8,76.0,11.8,Healthy,112.4404320607261,113.92719268798828,59,0.1501988480994647,2.769271329546533,2026-10-08T16:38:03+00:00,replay,Faded,2025-10-27,10.0,-0.0302,0.0112,0.0444,0.0214,0.0505,0.0074,1.04
819,0.1.0,NSE,NDTV.NS,down,2025-10-10,B,4,0,4.0,-29.58,Healthy,108.9445571899414,105.02999877929688,26,0.23457291919139633,5.049975654227275,2026-10-08T16:38:03+00:00,replay,Confirmed,2025-10-27,10.0,-0.0973,0.0112,-0.1555,0.0214,-0.0975,0.0074,2.27
468,0.1.0,NSE,GRMOVER.NS,up,2025-10-08,A,2,8,93.0,26.16,Healthy,132.5500030517578,134.61666870117188,57,0.17595743711638256,2.5845718049684137,2026-10-08T16:38:03+00:00,replay,Faded,2025-10-23,10.0,-0.0115,0.0116,0.0644,0.0211,0.2611,0.0247,1.43
1344,0.1.0,NSE,YATHARTH.NS,up,2025-10-08,A,2,8,95.0,28.69,Healthy,819.4648787119064,831.3578491210938,16,0.11824073708128502,5.686713945899025,2026-10-08T16:38:03+00:00,replay,Faded,2025-10-23,10.0,-0.0235,0.0116,-0.0415,0.0211,-0.1996,0.0247,-0.95
31,0.1.0,NSE,ADFFOODS.NS,down,2025-10-08,B,4,0,7.0,-18.55,Healthy,203.99850129490164,199.8389129638672,27,0.2066341321722629,4.683594228060292,2026-10-08T16:38:03+00:00,replay,Faded,2025-10-23,10.0,0.0157,0.0116,0.0993,0.0211,0.02,0.0247,-1.93
1124,0.1.0,NSE,SOUTHBANK.NS,up,2025-10-07,A,2,8,83.0,9.89,Healthy,30.61913456647217,30.83681869506836,55,0.10546737579186427,5.029743465000214,2026-10-08T16:38:03+00:00,replay,Faded,2025-10-21,10.0,0.0331,-0.0011,0.2543,0.0134,0.3693,0.0348,6.9
568,0.1.0,NSE,INDRAMEDCO.NS,up,2025-10-07,B,2,7,86.0,3.15,Healthy,513.2878793337865,567.3895874023438,63,0.2152633413335081,27.56867502568134,2026-10-08T16:38:03+00:00,replay,Confirmed,2025-10-21,10.0,-0.0017,-0.0011,0.0805,0.0134,-0.24,0.0348,0.66
988,0.1.0,NSE,RBA.NS,down,2025-10-07,C,1,2,29.0,-4.07,Healthy,76.51000213623047,74.88999938964844,27,0.14560187006416525,4.186908375606401,2026-10-08T16:38:03+00:00,replay,Confirmed,2025-10-21,10.0,-0.0666,-0.0011,-0.1196,0.0134,-0.0943,0.0348,2.29
245,0.1.0,NSE,CHENNPETRO.NS,up,2025-10-06,A,2,8,77.0,18.47,Healthy,754.6925459471289,767.8665161132812,51,0.2786384964506552,1.8384800486094892,2026-10-08T16:38:03+00:00,replay,Failed,2025-10-14,6.0,-0.0253,0.0054,0.2082,0.0148,-0.0009,0.0363,4.46
387,0.1.0,NSE,FEDFINA.NS,up,2025-10-06,A,2,8,96.0,38.53,Healthy,157.8000030517578,162.5500030517578,15,0.09545296569733197,2.2477373124452513,2026-10-08T16:38:03+00:00,replay,Failed,2025-10-16,8.0,-0.0129,0.0054,-0.1592,0.0148,-0.0085,0.0363,-2.73
854,0.1.0,NSE,NYKAA.NS,up,2025-10-06,A,2,8,92.0,21.68,Healthy,249.27999877929688,255.33999633789062,19,0.09381309984818875,5.214151139229855,2026-10-08T16:38:03+00:00,replay,Confirmed,2025-10-20,10.0,0.024,0.0054,-0.036,0.0148,0.0537,0.0363,-0.68
841,0.1.0,NSE,NITINSPIN.NS,down,2025-10-06,B,4,0,14.0,-15.74,Healthy,319.7029698165168,314.042724609375,34,0.11492852210226667,1.5496085691134205,2026-10-08T16:38:03+00:00,replay,Failed,2025-10-15,7.0,0.032,0.0054,-0.0158,0.0148,0.0081,0.0363,0.33
172,0.1.0,NSE,BBOX.NS,up,2025-10-06,C,1,5,81.0,9.68,Healthy,561.8509242404559,585.9559936523438,65,0.2932128998434895,5.083349721972266,2026-10-08T16:38:03+00:00,replay,Failed,2025-10-17,9.0,-0.0211,0.0054,-0.0839,0.0148,-0.074,0.0363,-1.2
949,0.1.0,NSE,PRECWIRE.NS,up,2025-10-03,A,2,8,85.0,20.3,Healthy,198.65625096740362,207.84085083007812,55,0.18371543823831438,15.331986376666597,2026-10-08T16:38:03+00:00,replay,Confirmed,2025-10-17,10.0,0.0376,0.0135,0.098,0.0281,0.2183,0.0448,1.34
667,0.1.0,NSE,KIOCL.NS,up,2025-10-03,B,2,7,97.0,56.3,Healthy,495.0,528.7999877929688,18,0.18082057630173254,2.7468925835180236,2026-10-08T16:38:03+00:00,replay,Failed,2025-10-14,7.0,-0.0393,0.0135,-0.1975,0.0281,-0.2692,0.0448,-2.15
874,0.1.0,NSE,ORISSAMINE.NS,up,2025-10-03,C,4,3,50.0,-6.83,Healthy,5420.0,5656.7001953125,50,0.17545001084363476,25.566121138207052,2026-10-08T16:38:03+00:00,replay,Faded,2025-10-17,10.0,-0.0145,0.0135,-0.0627,0.0281,-0.1082,0.0448,-0.89
1265,0.1.0,NSE,TVSSRICHAK.NS,up,2025-10-01,C,1,5,79.0,3.2,Healthy,3381.601087346957,3674.03466796875,63,0.23240171333357895,19.67759874518751,2026-10-08T16:38:03+00:00,replay,Confirmed,2025-10-16,10.0,0.0409,0.0137,0.1097,0.0385,0.1737,0.0511,1.02
638,0.1.0,NSE,JSWHL.NS,down,2025-09-30,A,3,3,68.0,-4.93,Healthy,17150.0,16309.0,21,0.1500291545189505,6.997727772484058,2026-10-08T16:38:03+00:00,replay,Confirmed,2025-10-15,10.0,-0.0339,0.0165,0.0045,0.0429,0.2125,0.05,-0.05
685,0.1.0,NSE,KPITTECH.NS,down,2025-09-30,B,4,0,13.0,-10.06,Healthy,1155.0924537783658,1086.0343017578125,22,0.1374733372166519,6.907834072840988,2026-10-08T16:38:03+00:00,replay,Faded,2025-10-15,10.0,0.0575,0.0165,0.0629,0.0429,0.0597,0.05,-0.66
1324,0.1.0,NSE,WEL.NS,down,2025-09-30,B,4,1,10.0,-10.22,Healthy,126.85117673729192,125.19093322753906,24,0.2831903499795039,6.884627666575388,2026-10-08T16:38:03+00:00,replay,Failed,2025-10-10,7.0,0.0278,0.0165,0.2019,0.0429,0.2075,0.05,-4.62
243,0.1.0,NSE,CHEMPLASTS.NS,down,2025-09-29,B,4,0,17.0,-8.6,Healthy,403.0,385.79998779296875,33,0.14342428732746582,5.343180903767665,2026-10-08T16:38:03+00:00,replay,Confirmed,2025-10-14,10.0,-0.0372,0.0207,0.0512,0.0485,-0.323,0.0498,-0.67
305,0.1.0,NSE,DCXINDIA.NS,down,2025-09-29,B,4,0,18.0,-13.45,Healthy,242.35000610351562,237.3000030517578,30,0.18011137939827426,2.894033343746496,2026-10-08T16:38:03+00:00,replay,Faded,2025-10-14,10.0,0.0397,0.0207,-0.0547,0.0485,-0.1858,0.0498,1.05
986,0.1.0,NSE,RAYMOND.NS,down,2025-09-29,B,4,0,1.0,-50.53,Healthy,596.2999877929688,575.25,65,0.31460680942731667,1.7289590681068272,2026-10-08T16:38:03+00:00,replay,Confirmed,2025-10-14,10.0,0.0138,0.0207,0.0098,0.0485,-0.2573,0.0498,-0.15
1033,0.1.0,NSE,SAMMAANCAP.NS,up,2025-09-29,C,4,5,78.0,1.48,Healthy,146.2100067138672,154.27000427246094,63,0.28141988316528277,10.83707715133168,2026-10-08T16:38:03+00:00,replay,Confirmed,2025-10-14,10.0,0.0572,0.0207,0.1952,0.0485,-0.0559,0.0498,2.42
1179,0.1.0,NSE,SYNCOMF.NS,down,2025-09-29,C,1,0,20.0,-12.32,Healthy,16.36936417735786,16.200197219848633,22,0.13677808740849184,2.26811667817116,2026-10-08T16:38:03+00:00,replay,Failed,2025-10-08,6.0,0.0049,0.0207,0.0233,0.0485,-0.1241,0.0498,-0.57
1116,0.1.0,NSE,SOLARINDS.NS,down,2025-09-29,W,2,6,72.0,10.38,Healthy,13622.950611343544,13537.001953125,39,0.11862664997510475,6.32757470817537,2026-10-08T16:38:03+00:00,replay,Failed,2025-10-06,4.0,0.0441,0.0207,0.0263,0.0485,-0.0955,0.0498,-0.72
1337,0.1.0,NSE,WOCKPHARMA.NS,down,2025-09-26,A,3,4,47.0,-6.89,Healthy,1411.0,1336.5,19,0.11956056071713328,5.906971971161485,2026-10-08T16:38:03+00:00,replay,Failed,2025-09-29,1.0,0.0694,0.0201,-0.0224,0.0546,0.0282,0.0421,0.26
1293,0.1.0,NSE,VAKRANGEE.NS,down,2025-09-26,B,4,0,2.0,-52.26,Healthy,8.25,8.180000305175781,34,0.18424247972892993,1.5447529638680524,2026-10-08T16:38:03+00:00,replay,Faded,2025-10-13,10.0,-0.0147,0.0201,0.0917,0.0546,-0.055,0.0421,-2.36
1314,0.1.0,NSE,VLEGOV.NS,down,2025-09-26,B,4,0,1.0,-66.75,Healthy,31.0,29.700000762939453,17,0.2548387588993195,2.0799723695904713,2026-10-08T16:38:03+00:00,replay,Confirmed,2025-10-13,10.0,-0.0892,0.0201,-0.1936,0.0546,-0.3256,0.0421,2.58
1335,0.1.0,NSE,WIPRO.NS,down,2025-09-26,B,4,0,28.0,-12.29,Healthy,229.77577265860526,227.22164916992188,33,0.0897651276428042,1.9384867121833003,2026-10-08T16:38:03+00:00,replay,Failed,2025-10-09,8.0,0.0271,0.0201,0.0277,0.0546,0.1183,0.0421,-0.67
551,0.1.0,NSE,INDHOTEL.NS,down,2025-09-26,C,1,2,36.0,-9.17,Healthy,721.5365987008297,706.6528930664062,52,0.12031734968603414,1.6076158809574137,2026-10-08T16:38:03+00:00,replay,Faded,2025-10-13,10.0,0.0194,0.0201,0.0521,0.0546,0.0278,0.0421,-1.01
1214,0.1.0,NSE,TECHNOE.NS,down,2025-09-26,W,2,2,34.0,-5.6,Healthy,1339.0026547702,1269.0498046875,31,0.16064860414019622,2.883618761264375,2026-10-08T16:38:03+00:00,replay,Faded,2025-10-13,10.0,0.0623,0.0201,0.0532,0.0546,-0.1828,0.0421,-0.61
1198,0.1.0,NSE,TATAINVEST.NS,up,2025-09-23,B,2,8,83.0,7.32,Weak,759.0851466096458,809.6244506835938,33,0.14564569416122164,19.921219728378073,2026-10-08T16:38:03+00:00,replay,Confirmed,2025-10-08,10.0,0.2694,-0.0253,0.031,0.0155,-0.1249,0.0225,0.34
1160,0.1.0,NSE,SUPRAJIT.NS,up,2025-09-23,C,2,5,68.0,2.6,Weak,483.525505574343,490.330078125,58,0.18301672605697572,7.518329959881597,2026-10-08T16:38:03+00:00,replay,Failed,2025-09-29,4.0,-0.0632,-0.0253,-0.1027,0.0155,-0.0368,0.0225,-2.36
25,0.1.0,NSE,ADANIENSOL.NS,up,2025-09-22,C,3,5,69.0,-0.26,Weak,907.7000122070312,937.4000244140625,50,0.2185528023321346,10.988773381442448,2026-10-08T16:38:03+00:00,replay,Failed,2025-09-26,4.0,-0.07,-0.0275,0.016,0.016,0.061,0.022,0.26
123,0.1.0,NSE,ATGL.NS,up,2025-09-22,C,1,5,78.0,-4.94,Weak,693.6578073872631,780.4774169921875,59,0.20239137854124323,43.27172927377815,2026-10-08T16:38:03+00:00,replay,Failed,2025-09-24,2.0,-0.1935,-0.0275,-0.2015,0.016,-0.2784,0.022,-1.46
66,0.1.0,NSE,ANANTRAJ.NS,up,2025-09-19,C,4,4,70.0,0.14,Weak,618.9829353309282,639.3494873046875,45,0.21259540123746512,7.990750352529384,2026-10-08T16:38:03+00:00,replay,Confirmed,2025-10-06,10.0,0.0614,-0.0329,0.0057,0.0116,-0.1235,0.0162,0.09
943,0.1.0,NSE,POONAWALLA.NS,up,2025-09-18,B,2,8,91.0,13.83,Weak,483.3999938964844,502.1000061035156,52,0.20518570566096872,44.855179291254935,2026-10-08T16:38:03+00:00,replay,Faded,2025-10-03,10.0,-0.0172,-0.0211,0.0195,0.0084,-0.1062,0.0067,0.3
150,0.1.0,NSE,BAJAJCON.NS,up,2025-09-18,C,2,7,90.0,8.62,Weak,253.49000549316406,257.8399963378906,41,0.15170376403326724,8.09082164010307,2026-10-08T16:38:03+00:00,replay,Failed,2025-09-25,5.0,-0.0538,-0.0211,0.0421,0.0084,-0.0172,0.0067,0.91
34,0.1.0,NSE,ADSL.NS,up,2025-09-16,C,4,2,26.0,-24.47,Weak,183.91891031180953,191.77694702148438,65,0.2868369669455286,56.91046033662402,2026-10-08T16:38:03+00:00,replay,Failed,2025-09-26,8.0,0.0331,-0.0019,-0.0529,0.0083,-0.2115,0.0054,-0.76
418,0.1.0,NSE,GESHIP.NS,up,2025-09-16,C,1,5,56.0,-2.84,Weak,1008.9238575254599,1025.7125244140625,65,0.1488336266784227,9.854022381790923,2026-10-08T16:38:03+00:00,replay,Failed,2025-09-26,8.0,-0.0153,-0.0019,-0.0124,0.0083,0.0575,0.0054,-0.27
733,0.1.0,NSE,M&MFIN.NS,up,2025-09-16,C,1,4,48.0,-1.84,Weak,270.0638994131723,272.4208068847656,65,0.12092565713389258,1.7536128980095302,2026-10-08T16:38:03+00:00,replay,Faded,2025-09-30,10.0,0.0153,-0.0019,0.053,0.0083,0.2626,0.0054,1.38
162,0.1.0,NSE,BANCOINDIA.NS,up,2025-09-15,B,2,8,96.0,29.67,Weak,666.287193811038,672.89599609375,41,0.3005650917243803,39.68075732433279,2026-10-08T16:38:03+00:00,replay,Faded,2025-09-29,10.0,0.1811,0.0071,0.0675,0.007,0.0232,0.0153,1.71
433,0.1.0,NSE,GMRP&UI.NS,up,2025-09-15,C,1,7,75.0,-2.51,Weak,124.0,130.02000427246094,39,0.1917347079588112,9.16611462524119,2026-10-08T16:38:03+00:00,replay,Failed,2025-09-24,7.0,-0.0509,0.0071,-0.154,0.007,-0.1107,0.0153,-2.06
784,0.1.0,NSE,MOTHERSON.NS,up,2025-09-15,C,1,4,60.0,0.02,Weak,105.54072056214044,107.2899398803711,65,0.1822999097095963,2.59501867854026,2026-10-08T16:38:03+00:00,replay,Faded,2025-09-29,10.0,0.0198,0.0071,-0.0281,0.007,0.1091,0.0153,-0.61
15,0.1.0,NSE,ABDL.NS,up,2025-09-12,B,2,8,95.0,37.83,Weak,535.1661277397995,541.0155029296875,26,0.11138556010821965,2.1454182188433815,2026-10-08T16:38:03+00:00,replay,Failed,2025-09-25,9.0,0.0072,0.0128,-0.0315,-0.0003,0.1473,0.0231,-0.78
1109,0.1.0,NSE,SMSPHARMA.NS,up,2025-09-10,C,1,4,65.0,-6.67,Weak,264.4102488389877,267.4335021972656,62,0.2758786672724418,9.45638775572563,2026-10-08T16:38:03+00:00,replay,Confirmed,2025-09-24,10.0,0.0623,0.0161,0.0261,0.0114,0.1989,0.0207,0.64
1256,0.1.0,NSE,TSFINV.NS,up,2025-09-09,B,2,8,96.0,33.81,Weak,527.1566397022272,533.5045776367188,49,0.2125590919625191,2.6391762067986915,2026-10-08T16:38:03+00:00,replay,Confirmed,2025-09-23,10.0,0.1461,0.0183,0.2133,0.0128,-0.145,0.02,5.13
907,0.1.0,NSE,PFOCUS.NS,up,2025-09-09,C,2,7,96.0,23.87,Weak,181.0,191.00999450683594,38,0.3257159717154152,6.1005110744026325,2026-10-08T16:38:03+00:00,replay,Confirmed,2025-09-23,10.0,-0.0016,0.0183,-0.1295,0.0128,0.1022,0.02,-1.6
589,0.1.0,NSE,IOLCP.NS,up,2025-09-08,B,2,8,93.0,18.78,Weak,104.58232416352998,110.29488372802734,26,0.1958484470260582,21.736556709787784,2026-10-08T16:38:03+00:00,replay,Confirmed,2025-09-22,10.0,0.0692,0.0147,-0.081,0.0101,-0.2616,0.0279,-1.01
879,0.1.0,NSE,PAISALO.NS,up,2025-09-08,C,4,1,32.0,-15.98,Weak,35.84464935860842,37.44859313964844,30,0.2049563889299535,4.376146149774554,2026-10-08T16:38:03+00:00,replay,Confirmed,2025-09-22,10.0,0.0471,0.0147,0.0108,0.0101,-0.0033,0.0279,0.15
62,0.1.0,NSE,AMRUTANJAN.NS,up,2025-09-05,C,1,5,69.0,7.93,Weak,744.7706457581706,758.9450073242188,39,0.15804014796350874,4.153033210109221,2026-10-08T16:38:03+00:00,replay,Faded,2025-09-19,10.0,-0.0148,0.0158,-0.0733,0.0167,-0.1624,0.0305,-1.52
228,0.1.0,NSE,CARYSIL.NS,up,2025-09-05,C,2,7,87.0,25.76,Weak,942.1243715713584,954.4605712890625,57,0.23307288317345698,5.104441161281291,2026-10-08T16:38:03+00:00,replay,Failed,2025-09-17,8.0,-0.0172,0.0158,-0.082,0.0167,-0.0452,0.0305,-1.93
931,0.1.0,NSE,POCL.NS,up,2025-09-05,C,2,7,97.0,45.27,Weak,480.24992994804194,499.31060791015625,25,0.19482317807917449,4.625261345548669,2026-10-08T16:38:03+00:00,replay,Confirmed,2025-09-19,10.0,0.0078,0.0158,-0.0068,0.0167,0.0266,0.0305,-0.1
952,0.1.0,NSE,PRESTIGE.NS,down,2025-09-05,C,1,4,43.0,-2.41,Weak,1534.599552913175,1508.600830078125,20,0.09666514533241055,1.5390421270401584,2026-10-08T16:38:03+00:00,replay,Failed,2025-09-15,6.0,0.026,0.0158,0.0133,0.0167,0.0659,0.0305,-0.28
992,0.1.0,NSE,REDTAPE.NS,up,2025-09-05,C,4,1,4.0,-59.19,Weak,139.90104842176638,144.45791625976562,42,0.18838564833090232,5.569867349890458,2026-10-08T16:38:03+00:00,replay,Failed,2025-09-15,6.0,-0.0541,0.0158,-0.0624,0.0167,-0.1493,0.0305,-1.03
1295,0.1.0,NSE,VARROC.NS,up,2025-09-05,C,3,7,79.0,13.03,Weak,586.6420609962762,600.8759155273438,48,0.17227453508554436,4.829363351754833,2026-10-08T16:38:03+00:00,replay,Confirmed,2025-09-19,10.0,-0.0009,0.0158,0.0304,0.0167,0.0325,0.0305,0.57
326,0.1.0,NSE,DOMS.NS,up,2025-09-04,C,4,3,62.0,-7.99,Weak,2601.420031602086,2684.481201171875,15,0.11763692621511002,16.993292840057155,2026-10-08T16:38:03+00:00,replay,Faded,2025-09-18,10.0,-0.0358,0.0124,-0.0755,0.0153,-0.0329,0.0445,-1.26
933,0.1.0,NSE,POKARNA.NS,down,2025-09-03,B,4,0,10.0,-17.8,Weak,830.5949600516711,819.2415161132812,22,0.16442222447588128,1.7071226095946328,2026-10-08T16:38:03+00:00,replay,Failed,2025-09-10,5.0,0.0747,0.0092,-0.0472,0.0071,0.0507,0.0383,1.07
501,0.1.0,NSE,HEMIPROP.NS,up,2025-09-03,C,4,5,72.0,-12.2,Weak,148.8000030517578,167.72999572753906,58,0.20222999989952406,38.72124610777203,2026-10-08T16:38:03+00:00,replay,Confirmed,2025-09-17,10.0,0.0385,0.0092,0.097,0.0071,-0.1993,0.0383,0.7
701,0.1.0,NSE,LGBBROSLTD.NS,up,2025-09-03,C,1,4,66.0,0.57,Weak,1312.3286603159424,1330.487060546875,32,0.10304322663817245,2.821492816392422,2026-10-08T16:38:03+00:00,replay,Confirmed,2025-09-17,10.0,-0.0033,0.0092,0.0451,0.0071,0.4119,0.0383,1.04
1182,0.1.0,NSE,SYRMA.NS,up,2025-09-03,C,2,7,96.0,40.99,Weak,778.261806390973,789.2303466796875,21,0.20942129661038278,2.230772002751191,2026-10-08T16:38:03+00:00,replay,Confirmed,2025-09-17,10.0,0.0699,0.0092,0.0487,0.0071,-0.0048,0.0383,1.12
1204,0.1.0,NSE,TBOTEK.NS,up,2025-09-03,C,4,4,67.0,-10.8,Weak,1508.0,1591.0,45,0.16313150790590059,34.53133697074581,2026-10-08T16:38:03+00:00,replay,Confirmed,2025-09-17,10.0,0.0113,0.0092,0.006,0.0071,0.0505,0.0383,0.07
1152,0.1.0,NSE,SUNDARMFIN.NS,down,2025-09-02,A,3,3,37.0,-5.8,Weak,4394.999508681519,4269.8388671875,18,0.19598322303395266,1.6849189837738388,2026-10-08T16:38:03+00:00,replay,Failed,2025-09-09,5.0,0.0613,0.0099,0.0186,0.009,0.0894,0.0436,-0.31
792,0.1.0,NSE,MRF.NS,up,2025-09-02,B,2,8,83.0,9.37,Weak,152495.04769380862,153610.796875,32,0.11334219620151487,4.357940902304239,2026-10-08T16:38:03+00:00,replay,Failed,2025-09-05,3.0,-0.0297,0.0099,-0.0334,0.009,-0.012,0.0436,-0.9
1307,0.1.0,NSE,VIMTALABS.NS,up,2025-09-02,B,2,8,98.0,43.21,Weak,725.7711752905592,761.0908203125,20,0.20974846867578156,4.801536469194316,2026-10-08T16:38:03+00:00,replay,Confirmed,2025-09-16,10.0,0.0769,0.0099,-0.0638,0.009,-0.199,0.0436,-0.85
85,0.1.0,NSE,APOLLOTYRE.NS,up,2025-09-02,C,1,4,65.0,-0.55,Weak,472.41904232475804,481.67095947265625,65,0.1364141256993443,7.112893745911742,2026-10-08T16:38:03+00:00,replay,Faded,2025-09-16,10.0,-0.0131,0.0099,-0.0413,0.009,0.0972,0.0436,-0.85
412,0.1.0,NSE,GANESHHOU.NS,down,2025-09-01,B,4,0,12.0,-19.02,Weak,843.5566080764744,832.9423217773438,15,0.08246584891078368,1.66412831547283,2026-10-08T16:38:03+00:00,replay,Failed,2025-09-03,2.0,0.0271,0.0073,0.0001,0.0009,-0.0028,0.0488,0.0
379,0.1.0,NSE,EXIDEIND.NS,up,2025-09-01,C,1,3,58.0,-1.68,Weak,405.9168645612459,410.28387451171875,56,0.10780868447630865,1.8305151905296064,2026-10-08T16:38:03+00:00,replay,Faded,2025-09-15,10.0,0.0366,0.0073,-0.0522,0.0009,-0.082,0.0488,-1.29
652,0.1.0,NSE,KAYNES.NS,up,2025-09-01,C,3,7,86.0,8.59,Weak,6515.0,6600.0,17,0.13274797878814226,2.953290417972427,2026-10-08T16:38:03+00:00,replay,Confirmed,2025-09-15,10.0,0.0669,0.0073,0.0685,0.0009,-0.1805,0.0488,1.61
1362,0.1.0,NSE,ZYDUSWELL.NS,up,2025-09-01,C,1,7,79.0,6.36,Weak,430.6197500787482,442.6756591796875,24,0.12499342287667092,21.274571099591213,2026-10-08T16:38:03+00:00,replay,Confirmed,2025-09-15,10.0,0.0822,0.0073,0.0308,0.0009,-0.0406,0.0488,0.55
95,0.1.0,NSE,ARTEMISMED.NS,down,2025-08-26,B,4,0,11.0,-15.58,Weak,225.62051951947694,221.78697204589844,19,0.13539828093176043,3.29633073401126,2026-10-08T16:38:03+00:00,replay,Failed,2025-09-08,8.0,0.0105,0.0042,0.0835,0.0111,0.288,0.0518,-1.75
1361,0.1.0,NSE,ZYDUSLIFE.NS,up,2025-08-25,C,1,5,62.0,1.07,Weak,1002.6035776509547,1022.2314453125,37,0.09189333955457046,2.928868730946957,2026-10-08T16:38:03+00:00,replay,Faded,2025-09-09,10.0,-0.0264,-0.0142,0.0126,0.0055,-0.0807,0.0392,0.26
1010,0.1.0,NSE,ROHLTD.NS,up,2025-08-22,B,2,8,90.0,26.97,Weak,441.16014628840264,476.4470520019531,21,0.16030626025993344,147.39082485228596,2026-10-08T16:38:03+00:00,replay,Confirmed,2025-09-08,10.0,0.0293,-0.0121,0.136,0.0145,-0.1731,0.0289,1.34
263,0.1.0,NSE,COFFEEDAY.NS,up,2025-08-21,C,1,5,87.0,20.25,Weak,42.400001525878906,46.18000030517578,24,0.24303725497476325,13.083468118074126,2026-10-08T16:38:03+00:00,replay,Confirmed,2025-09-05,10.0,0.0834,-0.0291,-0.0697,0.0106,-0.2248,0.0232,-0.64
602,0.1.0,NSE,IZMO.NS,up,2025-08-21,C,4,6,91.0,-1.17,Weak,440.0,489.6499938964844,27,0.25696333479157474,5.507279115504828,2026-10-08T16:38:03+00:00,replay,Confirmed,2025-09-05,10.0,0.3711,-0.0291,1.2662,0.0106,0.8486,0.0232,9.86
692,0.1.0,NSE,LANDMARK.NS,up,2025-08-21,C,4,5,74.0,-1.63,Weak,562.7807110000011,570.5997924804688,26,0.19957549533313856,3.533009553633294,2026-10-08T16:38:03+00:00,replay,Confirmed,2025-09-05,10.0,0.0527,-0.0291,0.0722,0.0106,-0.0572,0.0232,1.67
700,0.1.0,NSE,LEMONTREE.NS,up,2025-08-21,C,3,8,86.0,5.65,Weak,161.0,166.33999633789062,29,0.14143918125915667,4.759001113704888,2026-10-08T16:38:03+00:00,replay,Confirmed,2025-09-05,10.0,-0.0031,-0.0291,0.0193,0.0106,-0.1077,0.0232,0.32
1194,0.1.0,NSE,TATACOMM.NS,down,2025-08-21,C,1,1,36.0,-0.72,Weak,1585.6942541523488,1574.6810302734375,65,0.13660691916031054,7.9933674148813045,2026-10-08T16:38:03+00:00,replay,Faded,2025-09-05,10.0,-0.0254,-0.0291,0.0402,0.0106,0.1836,0.0232,-1.08
550,0.1.0,NSE,INDHOTEL.NS,up,2025-08-20,C,4,6,71.0,0.97,Weak,785.6306598543148,803.2227783203125,55,0.08882995161837992,3.1244192037226157,2026-10-08T16:38:03+00:00,replay,Failed,2025-08-28,5.0,-0.0516,-0.026,-0.0387,0.0148,-0.0912,0.028,-0.76
1082,0.1.0,NSE,SHREDIGCEM.NS,up,2025-08-20,C,1,6,75.0,-1.37,Weak,89.23216647373305,92.87330627441406,18,0.15047573318994933,16.247512100535875,2026-10-08T16:38:03+00:00,replay,Confirmed,2025-09-04,10.0,0.0228,-0.026,-0.0458,0.0148,-0.0431,0.028,-0.67
1239,0.1.0,NSE,TIMETECHNO.NS,up,2025-08-20,C,1,7,86.0,7.22,Weak,236.29321081409208,238.4882049560547,20,0.10762999637752912,2.8293848044136785,2026-10-08T16:38:03+00:00,replay,Failed,2025-08-26,4.0,-0.0508,-0.026,-0.0027,0.0148,-0.1793,0.028,-0.07
454,0.1.0,NSE,GPIL.NS,up,2025-08-19,C,1,6,73.0,5.7,Weak,208.5095738461264,215.11224365234375,60,0.19974911223243152,5.874038958743343,2026-10-08T16:38:03+00:00,replay,Confirmed,2025-09-03,10.0,0.1039,-0.0129,0.2059,0.0196,0.1574,0.0394,3.44
517,0.1.0,NSE,HLEGLAS.NS,up,2025-08-19,C,2,7,90.0,16.8,Weak,482.6689318289852,496.654296875,35,0.1943349609440188,39.171574328962215,2026-10-08T16:38:03+00:00,replay,Confirmed,2025-09-03,10.0,0.0628,-0.0129,0.0309,0.0196,-0.0277,0.0394,0.54
1283,0.1.0,NSE,UNIPARTS.NS,up,2025-08-19,C,1,6,72.0,5.13,Weak,384.32442608529334,386.6087341308594,31,0.2537313930139584,2.0549439127763045,2026-10-08T16:38:03+00:00,replay,Failed,2025-08-26,5.0,-0.0515,-0.0129,-0.0073,0.0196,0.2419,0.0394,-0.2
48,0.1.0,NSE,AGARIND.NS,down,2025-08-18,B,4,0,7.0,-13.02,Weak,908.6010204852997,821.9663696289062,24,0.08566763332486627,14.122423795888018,2026-10-08T16:38:03+00:00,replay,Confirmed,2025-09-02,10.0,-0.0431,0.0053,0.1106,0.0224,-0.0443,0.0425,-0.8
105,0.1.0,NSE,ASHOKLEY.NS,up,2025-08-18,B,2,8,79.0,7.81,Weak,124.22400266533293,128.6773223876953,23,0.10647176643328327,8.391622807864477,2026-10-08T16:38:03+00:00,replay,Faded,2025-09-02,10.0,-0.0057,0.0053,0.038,0.0224,0.1115,0.0425,0.6
109,0.1.0,NSE,ASIANPAINT.NS,up,2025-08-18,C,1,4,67.0,0.15,Weak,2509.2794744445164,2561.147705078125,27,0.09267242716123603,1.543778026243369,2026-10-08T16:38:03+00:00,replay,Faded,2025-09-02,10.0,-0.0365,0.0053,-0.0363,0.0224,0.1201,0.0425,-0.73
324,0.1.0,NSE,DMART.NS,up,2025-08-18,C,2,7,73.0,5.27,Weak,4495.5,4558.0,32,0.14389312977099245,2.250124050600021,2026-10-08T16:38:03+00:00,replay,Confirmed,2025-09-02,10.0,0.0367,0.0053,0.0349,0.0224,-0.1166,0.0425,0.81
732,0.1.0,NSE,LXCHEM.NS,up,2025-08-18,C,4,3,49.0,-18.46,Weak,217.98003092866983,219.19691467285156,54,0.21171507520747723,20.670469247456825,2026-10-08T16:38:03+00:00,replay,Failed,2025-08-26,6.0,-0.0172,0.0053,-0.0046,0.0224,-0.1678,0.0425,-0.13
1142,0.1.0,NSE,STOVEKRAFT.NS,up,2025-08-18,C,4,1,46.0,-20.15,Weak,639.5850423210244,658.7725219726562,64,0.22927390865267938,11.58309419598131,2026-10-08T16:38:03+00:00,replay,Faded,2025-09-02,10.0,0.0181,0.0053,0.0555,0.0224,-0.0686,0.0425,0.95
93,0.1.0,NSE,ARROWGREEN.NS,down,2025-08-14,B,4,0,7.0,-24.1,Weak,577.370616470019,543.0245361328125,56,0.3982051652765104,16.750642227368033,2026-10-08T16:38:03+00:00,replay,Failed,2025-08-25,6.0,0.0515,0.0137,0.0329,0.0304,0.0485,0.0505,-0.35
882,0.1.0,NSE,PAKKA.NS,down,2025-08-14,B,4,0,4.0,-35.04,Weak,162.41000366210938,159.14999389648438,51,0.3963425507403344,2.4230413428796096,2026-10-08T16:38:03+00:00,replay,Faded,2025-09-01,10.0,0.0015,0.0137,0.0222,0.0304,-0.2778,0.0505,-0.43
354,0.1.0,NSE,EKC.NS,up,2025-08-14,C,4,3,64.0,-2.8,Weak,143.12903332576226,151.90992736816406,26,0.15651676617505306,83.3682815543967,2026-10-08T16:38:03+00:00,replay,Failed,2025-08-26,7.0,-0.0561,0.0137,-0.0809,0.0304,-0.1414,0.0505,-0.94
512,0.1.0,NSE,HINDWAREAP.NS,up,2025-08-14,C,1,6,85.0,15.82,Weak,302.0,310.04998779296875,42,0.23014256619144602,28.34565932816383,2026-10-08T16:38:03+00:00,replay,Faded,2025-09-01,10.0,-0.0411,0.0137,0.084,0.0304,0.1387,0.0505,1.52
664,0.1.0,NSE,KINGFA.NS,up,2025-08-14,C,3,7,87.0,18.11,Weak,3733.8422789497004,3804.6982421875,15,0.17639489946765163,2.561957193360857,2026-10-08T16:38:03+00:00,replay,Confirmed,2025-09-01,10.0,0.1811,0.0137,0.1868,0.0304,0.0943,0.0505,3.89
1004,0.1.0,NSE,RICOAUTO.NS,up,2025-08-14,C,4,4,71.0,8.66,Weak,84.66946192314407,90.92182159423828,50,0.3000151466992165,87.268876676946,2026-10-08T16:38:03+00:00,replay,Confirmed,2025-09-01,10.0,0.0057,0.0137,0.1755,0.0304,0.2339,0.0505,1.81
1286,0.1.0,NSE,UNOMINDA.NS,up,2025-08-14,C,3,7,82.0,13.18,Weak,1140.5964946209835,1147.181396484375,20,0.11531702833593171,2.7502736335804254,2026-10-08T16:38:03+00:00,replay,Confirmed,2025-09-01,10.0,0.1009,0.0137,0.149,0.0304,0.1239,0.0505,4.19
1167,0.1.0,NSE,SURYAROSNI.NS,down,2025-08-14,W,2,1,36.0,-9.62,Weak,264.72624440434635,262.10711669921875,65,0.3155003003540333,5.330926573300704,2026-10-08T16:38:03+00:00,replay,Failed,2025-08-20,3.0,0.0966,0.0137,0.1021,0.0304,0.0147,0.0505,-2.53
1079,0.1.0,NSE,SHIVALIK.NS,down,2025-08-13,B,4,0,23.0,-10.89,Weak,513.2757494559355,509.3351745605469,38,0.26530616167789023,2.3900980025783563,2026-10-08T16:38:03+00:00,replay,Faded,2025-08-29,10.0,-0.0042,0.0193,-0.0611,0.0228,-0.1822,0.0554,1.61
84,0.1.0,NSE,APOLLOHOSP.NS,up,2025-08-13,C,3,7,77.0,2.13,Weak,7606.275216676822,7779.12255859375,26,0.08752936042829274,5.210972952952814,2026-10-08T16:38:03+00:00,replay,Faded,2025-08-29,10.0,0.0164,0.0193,0.0023,0.0228,-0.0399,0.0554,0.04
350,0.1.0,NSE,EIHOTEL.NS,up,2025-08-13,C,1,5,78.0,-4.96,Weak,390.07289294182516,416.5597229003906,19,0.11366485038314744,31.75451546892666,2026-10-08T16:38:03+00:00,replay,Faded,2025-08-29,10.0,-0.0386,0.0193,-0.0417,0.0228,-0.1051,0.0554,-0.45
117,0.1.0,NSE,ASTRAL.NS,down,2025-08-12,B,4,0,15.0,-12.72,Weak,1302.425039881947,1263.8900146484375,64,0.2162844132997821,10.190214470967156,2026-10-08T16:38:03+00:00,replay,Failed,2025-08-19,4.0,0.1,0.0255,0.1531,0.0275,0.196,0.0562,-2.49
1358,0.1.0,NSE,ZOTA.NS,up,2025-08-12,B,2,8,97.0,43.65,Weak,1302.9576476780042,1330.41455078125,23,0.1412830358413837,4.5213457509178285,2026-10-08T16:38:03+00:00,replay,Failed,2025-08-25,8.0,-0.0116,0.0255,0.1425,0.0275,0.1994,0.0562,2.85
495,0.1.0,NSE,HCG.NS,up,2025-08-11,B,2,8,90.0,21.91,Weak,639.0,651.5499877929688,63,0.22860994038715599,3.358667508713928,2026-10-08T16:38:03+00:00,replay,Confirmed,2025-08-26,10.0,0.0233,0.0191,0.0569,0.0207,0.1533,0.0522,1.17
475,0.1.0,NSE,GVPIL.NS,up,2025-08-11,C,4,5,81.0,-2.31,Weak,341.73496067503214,351.98699951171875,43,0.23789023794877107,7.954625065800074,2026-10-08T16:38:03+00:00,replay,Faded,2025-08-26,10.0,0.0941,0.0191,0.001,0.0207,-0.1549,0.0522,0.02
492,0.1.0,NSE,HBLENGINE.NS,up,2025-08-11,C,3,6,83.0,5.51,Weak,646.4200201258831,680.4447021484375,25,0.17793701050900146,23.320675004623848,2026-10-08T16:38:03+00:00,replay,Confirmed,2025-08-26,10.0,0.1548,0.0191,0.2476,0.0207,0.4123,0.0522,3.15
1346,0.1.0,NSE,YATRA.NS,up,2025-08-11,C,4,4,79.0,-5.8,Weak,109.0,114.9000015258789,51,0.33251828769531677,24.8035782192625,2026-10-08T16:38:03+00:00,replay,Confirmed,2025-08-26,10.0,0.2916,0.0191,0.4184,0.0207,0.6653,0.0522,5.24
626,0.1.0,NSE,JNKINDIA.NS,down,2025-08-08,B,4,0,2.0,-41.41,Weak,305.5305471592007,287.6110534667969,19,0.13086112861566068,2.0162428839192392,2026-10-08T16:38:03+00:00,replay,Faded,2025-08-25,10.0,0.0659,0.0218,0.0238,0.0281,-0.0508,0.0621,-0.25
867,0.1.0,NSE,ONIDA.NS,up,2025-08-08,C,4,4,83.0,7.85,Weak,19.799999237060547,20.3700008392334,16,0.3026315450998551,9.064144098445832,2026-10-08T16:38:03+00:00,replay,Confirmed,2025-08-25,10.0,0.2278,0.0218,0.4472,0.0281,0.2995,0.0621,7.83
779,0.1.0,NSE,MMFL.NS,down,2025-08-07,B,4,0,4.0,-23.07,Weak,326.90164187853395,304.54083251953125,64,0.18822119551145056,4.471614518348732,2026-10-08T16:38:03+00:00,replay,Confirmed,2025-08-22,10.0,-0.0294,-0.0006,0.0661,0.0112,-0.0153,0.0436,-0.63
133,0.1.0,NSE,AVALON.NS,up,2025-08-07,C,3,7,93.0,12.14,Weak,928.4000244140625,956.3499755859375,51,0.18501501046467195,9.63364675240318,2026-10-08T16:38:03+00:00,replay,Failed,2025-08-08,1.0,-0.124,-0.0006,-0.0191,0.0112,0.0631,0.0436,-0.33
1037,0.1.0,NSE,SANGAMIND.NS,down,2025-08-05,W,2,3,20.0,1.48,Weak,376.9082987272099,357.62664794921875,65,0.3492897710402256,2.6614852844497623,2026-10-08T16:38:03+00:00,replay,Confirmed,2025-08-20,10.0,0.0223,-0.0101,0.0119,0.0013,0.3134,0.0317,-0.14
12,0.1.0,NSE,ABB.NS,down,2025-08-04,B,4,0,7.0,-16.98,Weak,5098.966564244727,5003.17626953125,61,0.20616564853126063,7.498097666575716,2026-10-08T16:38:03+00:00,replay,Confirmed,2025-08-19,10.0,-0.007,-0.0099,0.0157,-0.0018,0.0286,0.0286,-0.32
825,0.1.0,NSE,NEOGEN.NS,down,2025-08-04,B,4,0,14.0,-15.2,Weak,1456.3681224302416,1444.4814453125,61,0.2325103106268276,2.436028928820006,2026-10-08T16:38:03+00:00,replay,Confirmed,2025-08-19,10.0,-0.0147,-0.0099,0.02,-0.0018,0.0071,0.0286,-0.52
231,0.1.0,NSE,CCL.NS,up,2025-08-04,C,2,7,90.0,25.2,Weak,904.7246481456249,917.18310546875,43,0.17382941652640094,2.7503317015400754,2026-10-08T16:38:03+00:00,replay,Failed,2025-08-06,2.0,-0.0603,-0.0099,0.0026,-0.0018,0.0552,0.0286,0.06
845,0.1.0,NSE,NPST.NS,up,2025-08-04,C,4,3,40.0,-8.38,Weak,2315.2922351655784,2352.816162109375,65,0.2945705597374635,2.8795775129808474,2026-10-08T16:38:03+00:00,replay,Failed,2025-08-05,1.0,-0.1171,-0.0099,-0.0999,-0.0018,-0.2534,0.0286,-2.2
1044,0.1.0,NSE,SARDAEN.NS,up,2025-08-04,C,3,5,88.0,-3.4,Weak,479.9494021207704,520.9388427734375,53,0.14795010409663223,36.172943684782425,2026-10-08T16:38:03+00:00,replay,Confirmed,2025-08-19,10.0,0.0618,-0.0099,0.0704,-0.0018,0.0085,0.0286,0.66
1189,0.1.0,NSE,TARIL.NS,up,2025-08-04,C,3,8,83.0,10.03,Weak,548.2029986656913,558.3937377929688,54,0.18254317267975528,5.765608818188463,2026-10-08T16:38:03+00:00,replay,Failed,2025-08-06,2.0,-0.0586,-0.0099,-0.104,-0.0018,-0.2763,0.0286,-2.18
440,0.1.0,NSE,GOCOLORS.NS,down,2025-08-01,B,4,0,5.0,-21.61,Weak,795.0,761.25,65,0.18710691823899372,7.961877776377347,2026-10-08T16:38:03+00:00,replay,Confirmed,2025-08-18,10.0,-0.0791,-0.0102,-0.0501,0.0084,-0.1532,0.0442,0.66
1039,0.1.0,NSE,SANOFI.NS,down,2025-08-01,C,1,1,29.0,-9.39,Weak,5507.610456586345,5389.14599609375,60,0.13011280124211044,2.8966282261959955,2026-10-08T16:38:03+00:00,replay,Confirmed,2025-08-18,10.0,-0.0632,-0.0102,-0.0757,0.0084,-0.144,0.0442,1.44
23,0.1.0,NSE,ACUTAAS.NS,up,2025-07-31,C,3,8,92.0,9.8,Weak,1241.8057151895289,1325.0587158203125,63,0.17469295472954394,6.205835121645692,2026-10-08T16:38:03+00:00,replay,Confirmed,2025-08-14,10.0,-0.0246,-0.0096,0.0593,-0.0083,0.3653,0.0391,0.65
108,0.1.0,NSE,ASIANENE.NS,up,2025-07-31,C,4,4,69.0,-14.2,Weak,344.895031915134,349.9677429199219,55,0.22548148076758445,9.05569220937958,2026-10-08T16:38:03+00:00,replay,Failed,2025-08-14,10.0,-0.0375,-0.0096,0.0132,-0.0083,-0.0522,0.0391,0.3
572,0.1.0,NSE,INDUSTOWER.NS,down,2025-07-31,W,2,4,34.0,2.92,Weak,360.67616922600575,349.8341979980469,34,0.14896458052664308,2.1679900026784154,2026-10-08T16:38:03+00:00,replay,Confirmed,2025-08-14,10.0,-0.0781,-0.0096,-0.0924,-0.0083,0.0544,0.0391,1.49
274,0.1.0,NSE,COROMANDEL.NS,up,2025-07-30,B,2,8,91.0,23.8,Weak,2525.9328979649363,2639.714599609375,23,0.1663462386192618,1.5540767458089244,2026-10-08T16:38:03+00:00,replay,Failed,2025-08-07,6.0,-0.0559,-0.0159,-0.1181,-0.0139,-0.1991,0.0294,-1.64
1061,0.1.0,NSE,SENCO.NS,down,2025-07-30,B,4,1,3.0,-27.98,Weak,318.84933264309694,305.0078430175781,60,0.24381508460590462,2.966864014333945,2026-10-08T16:38:03+00:00,replay,Failed,2025-08-05,4.0,0.0916,-0.0159,0.2339,-0.0139,0.0583,0.0294,-3.05
369,0.1.0,NSE,EPIGRAL.NS,up,2025-07-30,C,4,5,75.0,-4.54,Weak,1977.385994553995,2079.703857421875,51,0.17971928128629244,12.707604444543128,2026-10-08T16:38:03+00:00,replay,Failed,2025-08-04,3.0,-0.1137,-0.0159,-0.1342,-0.0139,-0.191,0.0294,-1.73
471,0.1.0,NSE,GUFICBIO.NS,up,2025-07-30,C,4,4,51.0,-3.56,Weak,396.7964227778832,404.342529296875,43,0.17230188713880978,7.379877076616166,2026-10-08T16:38:03+00:00,replay,Failed,2025-08-01,2.0,-0.1017,-0.0159,-0.1025,-0.0139,-0.1954,0.0294,-2.13
1360,0.1.0,NSE,ZUARI.NS,up,2025-07-29,C,3,7,78.0,0.48,Weak,234.0,248.00999450683594,61,0.1729323308270676,25.883399451965154,2026-10-08T16:38:03+00:00,replay,Confirmed,2025-08-12,10.0,0.3842,-0.0091,0.4584,-0.0237,0.0389,0.0362,5.41
252,0.1.0,NSE,CIPLA.NS,up,2025-07-28,C,3,4,58.0,-0.38,Weak,1539.7523510749306,1557.3892822265625,62,0.08241459228245951,2.4948193054038565,2026-10-08T16:38:03+00:00,replay,Failed,2025-08-01,4.0,-0.0362,0.0006,0.0053,-0.0134,0.0058,0.0484,0.13
682,0.1.0,NSE,KOTAKBANK.NS,down,2025-07-28,W,2,4,47.0,6.63,Weak,405.5913282768267,392.6421203613281,36,0.10271415351770741,3.940119381062939,2026-10-08T16:38:03+00:00,replay,Confirmed,2025-08-11,10.0,0.0155,0.0006,-0.0111,-0.0134,0.0935,0.0484,0.17
716,0.1.0,NSE,LODHA.NS,down,2025-07-28,W,2,4,44.0,-1.72,Weak,1216.700944855631,1195.048583984375,56,0.2497958495922752,4.939255136797126,2026-10-08T16:38:03+00:00,replay,Faded,2025-08-11,10.0,0.0339,0.0006,0.0075,-0.0134,-0.0167,0.0484,-0.15
1055,0.1.0,NSE,SBICARD.NS,down,2025-07-28,W,2,4,61.0,7.45,Weak,850.719630610978,834.1775512695312,64,0.20329156995848896,2.673870156881751,2026-10-08T16:38:03+00:00,replay,Confirmed,2025-08-11,10.0,-0.0389,0.0006,-0.04,-0.0134,0.0882,0.0484,0.79
1075,0.1.0,NSE,SHARDACROP.NS,up,2025-07-25,C,3,7,98.0,60.17,Weak,905.9586219665681,1063.5718994140625,15,0.19468458282538292,17.360022186830843,2026-10-08T16:38:03+00:00,replay,Confirmed,2025-08-08,10.0,0.0182,-0.0148,-0.1051,-0.0107,-0.1184,0.0347,-0.6
76,0.1.0,NSE,APLAPOLLO.NS,down,2025-07-25,W,2,4,41.0,-3.54,Weak,1568.4624463361354,1531.8319091796875,64,0.2253164642751022,3.695665891184919,2026-10-08T16:38:03+00:00,replay,Faded,2025-08-08,10.0,0.0331,-0.0148,0.0593,-0.0107,0.1556,0.0347,-1.09
429,0.1.0,NSE,GLOBUSSPR.NS,up,2025-07-24,C,2,6,80.0,8.36,Weak,1128.9966572627486,1188.2689208984375,47,0.23839011221602746,5.025955622025582,2026-10-08T16:38:03+00:00,replay,Confirmed,2025-08-07,10.0,0.0678,-0.0166,0.0275,-0.0107,-0.1103,0.0232,0.35
593,0.1.0,NSE,IPCALAB.NS,up,2025-07-24,C,4,4,59.0,-2.88,Weak,1506.6710382785927,1533.34130859375,40,0.14610142749564559,5.017124160936704,2026-10-08T16:38:03+00:00,replay,Failed,2025-08-01,6.0,-0.0434,-0.0166,-0.0902,-0.0107,-0.1564,0.0232,-1.92
614,0.1.0,NSE,JINDALSTEL.NS,up,2025-07-24,C,1,5,59.0,-0.1,Weak,982.0895995630366,996.6845092773438,49,0.11686393781299076,2.2682824639192924,2026-10-08T16:38:03+00:00,replay,Failed,2025-08-01,6.0,-0.0354,-0.0166,-0.0023,-0.0107,0.0359,0.0232,-0.05
863,0.1.0,NSE,OLECTRA.NS,up,2025-07-24,C,4,4,59.0,-10.61,Weak,1348.992906330408,1531.2568359375,43,0.194690246414706,22.532848936431346,2026-10-08T16:38:03+00:00,replay,Confirmed,2025-08-07,10.0,-0.0805,-0.0166,0.0445,-0.0107,-0.068,0.0232,0.31
972,0.1.0,NSE,RAIN.NS,up,2025-07-24,C,1,4,46.0,-5.7,Weak,155.06361237610508,158.9701385498047,31,0.11626081966560542,4.29432895183853,2026-10-08T16:38:03+00:00,replay,Faded,2025-08-07,10.0,-0.0232,-0.0166,-0.0828,-0.0107,-0.1824,0.0232,-1.54
536,0.1.0,NSE,IEX.NS,down,2025-07-24,W,2,2,3.0,6.7,Weak,173.63289555924462,128.71206665039062,25,0.18627443039786162,14.396139976293256,2026-10-08T16:38:03+00:00,replay,Confirmed,2025-08-07,10.0,0.0225,-0.0166,0.0873,-0.0107,0.112,0.0232,-0.22
444,0.1.0,NSE,GODREJAGRO.NS,up,2025-07-23,C,1,5,62.0,1.87,Weak,800.5987745336123,821.5091552734375,35,0.11673764135796039,7.7422830264774,2026-10-08T16:38:03+00:00,replay,Faded,2025-08-06,10.0,-0.0115,-0.0169,-0.1092,-0.0187,-0.2049,0.011,-2.0
666,0.1.0,NSE,KIOCL.NS,up,2025-07-23,C,4,4,56.0,-14.18,Weak,335.5,358.79998779296875,36,0.1969319108490375,40.18348562688828,2026-10-08T16:38:03+00:00,replay,Failed,2025-07-31,6.0,-0.0877,-0.0169,0.2033,-0.0187,0.2525,0.011,2.19
928,0.1.0,NSE,PNBGILTS.NS,up,2025-07-23,C,4,4,40.0,-9.2,Weak,101.12143756948244,103.22492218017578,34,0.1464828706173027,19.120927247845295,2026-10-08T16:38:03+00:00,replay,Faded,2025-08-06,10.0,0.0114,-0.0169,-0.0226,-0.0187,-0.15,0.011,-0.45
631,0.1.0,NSE,JSFB.NS,down,2025-07-23,W,2,1,19.0,-1.58,Weak,475.0,454.79998779296875,53,0.16315789473684217,5.28701769167127,2026-10-08T16:38:03+00:00,replay,Confirmed,2025-08-06,10.0,0.0195,-0.0169,0.0912,-0.0187,-0.0197,0.011,-1.2
552,0.1.0,NSE,INDIACEM.NS,up,2025-07-22,C,4,6,74.0,0.9,Weak,360.0,370.95001220703125,35,0.2119172354617458,8.408102110661458,2026-10-08T16:38:03+00:00,replay,Faded,2025-08-05,10.0,-0.0142,-0.0134,0.0539,-0.0079,0.0554,0.0187,0.92
203,0.1.0,NSE,BORORENEW.NS,up,2025-07-21,B,2,8,82.0,9.05,Weak,595.7999877929688,630.75,29,0.2144312686112282,12.424443628694823,2026-10-08T16:38:03+00:00,replay,Confirmed,2025-08-04,10.0,-0.0302,-0.0227,-0.1029,-0.0101,0.0729,0.0163,-1.23
1208,0.1.0,NSE,TCS.NS,down,2025-07-21,B,4,0,11.0,-19.53,Weak,3052.1575291360596,3032.31982421875,65,0.12818510783959414,1.5166238415480604,2026-10-08T16:38:03+00:00,replay,Faded,2025-08-04,10.0,-0.025,-0.0227,-0.0189,-0.0101,-0.0444,0.0163,0.51
140,0.1.0,NSE,AXISBANK.NS,down,2025-07-18,C,1,2,23.0,-6.3,Weak,1110.7933135489463,1098.452880859375,65,0.12079812018482139,6.542110749473817,2026-10-08T16:38:03+00:00,replay,Confirmed,2025-08-01,10.0,-0.012,-0.0112,-0.0146,-0.009,0.1153,0.0189,0.35
328,0.1.0,NSE,DPABHUSHAN.NS,up,2025-07-18,C,4,4,60.0,2.85,Weak,1610.0,1620.300048828125,45,0.15827338129496393,5.227379880845227,2026-10-08T16:38:03+00:00,replay,Confirmed,2025-08-01,10.0,0.0358,-0.0112,0.0244,-0.009,-0.1386,0.0189,0.68
542,0.1.0,NSE,IGPL.NS,up,2025-07-18,C,4,3,41.0,-4.8,Weak,492.34616767643064,495.10858154296875,25,0.12105495958059032,5.123832368682887,2026-10-08T16:38:03+00:00,replay,Failed,2025-07-22,2.0,-0.053,-0.0112,-0.155,-0.009,-0.1717,0.0189,-4.38
763,0.1.0,NSE,MAXESTATES.NS,up,2025-07-18,C,1,5,72.0,2.86,Weak,535.9500122070312,551.2999877929688,35,0.12053110157932134,5.389938237067015,2026-10-08T16:38:03+00:00,replay,Failed,2025-07-25,5.0,-0.0728,-0.0112,-0.174,-0.009,-0.1387,0.0189,-3.05
601,0.1.0,NSE,IXIGO.NS,up,2025-07-17,B,2,8,91.0,8.1,Weak,191.0,213.6199951171875,26,0.190031152647975,52.17452580036874,2026-10-08T16:38:03+00:00,replay,Confirmed,2025-07-31,10.0,0.0012,-0.0051,0.2904,-0.0208,0.5509,0.0076,2.19
375,0.1.0,NSE,ESABINDIA.NS,up,2025-07-17,C,4,4,53.0,-7.28,Weak,5381.40451404805,5446.97216796875,36,0.10866941361409754,3.4981814233754953,2026-10-08T16:38:03+00:00,replay,Failed,2025-07-31,10.0,0.0055,-0.0051,-0.0939,-0.0208,-0.0966,0.0076,-2.25
814,0.1.0,NSE,NAVKARCORP.NS,up,2025-07-17,C,4,3,67.0,-18.07,Weak,120.75,127.94999694824219,26,0.16666666666666674,15.935761840882517,2026-10-08T16:38:03+00:00,replay,Faded,2025-07-31,10.0,0.005,-0.0051,-0.0539,-0.0208,-0.0573,0.0076,-0.64
924,0.1.0,NSE,PLATIND.NS,up,2025-07-17,C,4,2,49.0,-23.81,Weak,306.54998779296875,310.29998779296875,27,0.17407116287631963,7.561857366349019,2026-10-08T16:38:03+00:00,replay,Failed,2025-07-25,6.0,-0.0155,-0.0051,-0.1068,-0.0208,-0.0901,0.0076,-2.56
2,0.1.0,NSE,20MICRONS.NS,up,2025-07-16,C,1,5,72.0,-9.99,Weak,247.4575036538227,257.0055236816406,22,0.1427918625929523,29.179610045544994,2026-10-08T16:38:03+00:00,replay,Failed,2025-07-28,8.0,0.0704,-0.0019,-0.1158,-0.0338,-0.1614,0.0039,-1.75
6,0.1.0,NSE,AADHARHFC.NS,up,2025-07-16,C,3,6,66.0,0.62,Weak,491.29998779296875,504.6499938964844,62,0.19450523310073287,7.800503678593521,2026-10-08T16:38:03+00:00,replay,Confirmed,2025-07-30,10.0,0.024,-0.0019,-0.007,-0.0338,0.0068,0.0039,-0.13
59,0.1.0,NSE,ALLCARGO.NS,up,2025-07-16,C,4,2,26.0,-28.05,Weak,37.5,38.029998779296875,23,0.13636363636363646,3.8422008615224095,2026-10-08T16:38:03+00:00,replay,Failed,2025-07-21,3.0,-0.0544,-0.0019,-0.1204,-0.0338,-0.0663,0.0039,-2.77
872,0.1.0,NSE,ORIENTHOT.NS,up,2025-07-16,C,4,4,56.0,-10.47,Weak,161.86559454475122,163.7904510498047,30,0.1472572985180154,10.922994049455923,2026-10-08T16:38:03+00:00,replay,Failed,2025-07-18,2.0,-0.0963,-0.0019,-0.1685,-0.0338,-0.2271,0.0039,-4.07
1150,0.1.0,NSE,SUMICHEM.NS,up,2025-07-16,C,3,4,65.0,-0.33,Weak,574.294128614079,582.9058837890625,64,0.18607991502161414,3.725716457223686,2026-10-08T16:38:03+00:00,replay,Confirmed,2025-07-30,10.0,0.0048,-0.0019,0.0037,-0.0338,-0.114,0.0039,0.08
1232,0.1.0,NSE,TI.NS,up,2025-07-16,C,3,8,93.0,3.68,Weak,389.40669737281075,391.9462890625,22,0.16023744886289815,9.969136654746775,2026-10-08T16:38:03+00:00,replay,Confirmed,2025-07-30,10.0,0.2025,-0.0019,0.2795,-0.0338,0.2091,0.0039,7.7
1296,0.1.0,NSE,VASCONEQ.NS,up,2025-07-16,C,1,5,75.0,-1.48,Weak,57.599998474121094,59.099998474121094,32,0.22163301399908897,5.700630261176724,2026-10-08T16:38:03+00:00,replay,Failed,2025-07-23,5.0,-0.0611,-0.0019,-0.1856,-0.0338,0.1269,0.0039,-3.4
1173,0.1.0,NSE,SWARAJENG.NS,up,2025-07-15,B,2,8,93.0,19.77,Weak,4241.569448349974,4473.4794921875,62,0.16679716381550125,19.44969277871473,2026-10-08T16:38:03+00:00,replay,Failed,2025-07-25,8.0,-0.0427,-0.0055,-0.1305,-0.032,-0.0565,-0.0031,-1.63
610,0.1.0,NSE,JAYNECOIND.NS,up,2025-07-15,C,1,6,81.0,-9.81,Weak,47.900001525878906,48.5,54,0.3724928203902884,15.841683589504422,2026-10-08T16:38:03+00:00,replay,Failed,2025-07-17,2.0,-0.2614,-0.0055,0.2033,-0.032,0.4808,-0.0031,4.84
961,0.1.0,NSE,PTC.NS,up,2025-07-15,C,1,5,67.0,4.28,Weak,154.02109396617504,155.09225463867188,41,0.12801599540496378,2.311556047753353,2026-10-08T16:38:03+00:00,replay,Faded,2025-07-29,10.0,-0.0024,-0.0055,0.0229,-0.032,-0.108,-0.0031,0.63
1171,0.1.0,NSE,SWANCORP.NS,up,2025-07-15,C,4,2,29.0,-19.54,Weak,477.6661728990975,501.89923095703125,24,0.16019416825172939,12.429066449072444,2026-10-08T16:38:03+00:00,replay,Faded,2025-07-29,10.0,0.025,-0.0055,-0.1253,-0.032,-0.144,-0.0031,-1.63
1261,0.1.0,NSE,TVSHLTD.NS,up,2025-07-15,C,4,6,72.0,-1.41,Weak,11857.834252786675,12099.3642578125,32,0.14711535036261947,1.875816474562081,2026-10-08T16:38:03+00:00,replay,Faded,2025-07-29,10.0,-0.0029,-0.0055,-0.0377,-0.032,0.1185,-0.0031,-0.76
383,0.1.0,NSE,FAZE3Q.NS,up,2025-07-14,B,2,8,96.0,34.25,Weak,663.9000244140625,710.6500244140625,40,0.24711196555110737,5.906873387586681,2026-10-08T16:38:03+00:00,replay,Confirmed,2025-07-28,10.0,-0.0422,0.003,-0.3089,-0.0318,-0.3317,-0.0054,-3.29
833,0.1.0,NSE,NEULANDLAB.NS,up,2025-07-14,C,4,5,88.0,-6.96,Weak,13912.745865303215,14509.1474609375,22,0.20549614785593495,19.179437934532288,2026-10-08T16:38:03+00:00,replay,Faded,2025-07-28,10.0,-0.027,0.003,-0.1071,-0.0318,0.1251,-0.0054,-1.53
224,0.1.0,NSE,CARTRADE.NS,up,2025-07-11,B,2,8,97.0,32.37,Weak,1868.5,1899.699951171875,49,0.2582491582491582,2.462156314907098,2026-10-08T16:38:03+00:00,replay,Confirmed,2025-07-25,10.0,-0.001,-0.0003,0.1649,-0.0279,0.3152,0.0005,3.59
1052,0.1.0,NSE,SBFC.NS,up,2025-07-11,B,2,8,90.0,25.31,Weak,117.0,119.0199966430664,24,0.1470588235294117,2.2210599477173196,2026-10-08T16:38:03+00:00,replay,Failed,2025-07-25,10.0,-0.0288,-0.0003,-0.14,-0.0279,-0.1095,0.0005,-3.01
290,0.1.0,NSE,CUPID.NS,up,2025-07-11,C,2,7,96.0,38.57,Weak,22.700000762939453,23.70400047302246,27,0.2839366725742689,5.399011913387435,2026-10-08T16:38:03+00:00,replay,Confirmed,2025-07-25,10.0,0.2384,-0.0003,0.3933,-0.0279,1.0964,0.0005,5.53
510,0.1.0,NSE,HINDUNILVR.NS,up,2025-07-11,C,1,3,45.0,-0.64,Weak,2417.723197131752,2474.775634765625,55,0.08979245287182169,4.358486036982041,2026-10-08T16:38:03+00:00,replay,Faded,2025-07-25,10.0,-0.0119,-0.0003,-0.0005,-0.0279,-0.0106,0.0005,-0.01
977,0.1.0,NSE,RALLIS.NS,up,2025-07-11,C,1,6,87.0,14.69,Weak,331.6999866690004,339.2038269042969,22,0.12076726149080241,2.544975875875541,2026-10-08T16:38:03+00:00,replay,Confirmed,2025-07-25,10.0,0.0538,-0.0003,0.0479,-0.0279,-0.142,0.0005,0.93
1094,0.1.0,NSE,SIGNPOST.NS,up,2025-07-11,C,4,3,33.0,-2.26,Weak,255.85906725536867,261.917236328125,61,0.4236293139845011,5.517162112252659,2026-10-08T16:38:03+00:00,replay,Failed,2025-07-14,1.0,-0.0964,-0.0003,-0.162,-0.0279,-0.0488,0.0005,-3.09
574,0.1.0,NSE,INGERRAND.NS,up,2025-07-10,C,4,4,61.0,-2.22,Weak,4076.513073092355,4101.73828125,29,0.14180337123273934,1.7671675269178777,2026-10-08T16:38:03+00:00,replay,Faded,2025-07-24,10.0,0.0152,-0.0022,-0.1366,-0.0438,-0.0457,-0.0057,-3.8
699,0.1.0,NSE,LEMONTREE.NS,up,2025-07-10,C,2,6,69.0,-1.92,Weak,148.08999633789062,158.11000061035156,56,0.15614021837616177,8.949313377704113,2026-10-08T16:38:03+00:00,replay,Confirmed,2025-07-24,10.0,-0.0197,-0.0022,-0.0936,-0.0438,0.04,-0.0057,-1.02
803,0.1.0,NSE,MUTHOOTMF.NS,up,2025-07-10,C,4,3,34.0,-16.92,Weak,167.5,170.42999267578125,55,0.3495004535408177,3.6443034335994766,2026-10-08T16:38:03+00:00,replay,Faded,2025-07-24,10.0,-0.0401,-0.0022,-0.1005,-0.0438,-0.0139,-0.0057,-2.15
996,0.1.0,NSE,RELIGARE.NS,up,2025-07-10,C,4,3,44.0,-15.37,Weak,245.00999450683594,251.00999450683594,33,0.12389905737080698,5.9176848345644935,2026-10-08T16:38:03+00:00,replay,Confirmed,2025-07-24,10.0,0.0751,-0.0022,0.0153,-0.0438,0.0545,-0.0057,0.29
1206,0.1.0,NSE,TCI.NS,up,2025-07-10,C,3,8,76.0,0.95,Weak,1186.224892933682,1245.6748046875,34,0.09313374521534068,15.784806476107493,2026-10-08T16:38:03+00:00,replay,Confirmed,2025-07-24,10.0,-0.023,-0.0022,-0.0935,-0.0438,-0.0463,-0.0057,-1.23
559,0.1.0,NSE,INDIASHLTR.NS,up,2025-07-09,B,2,8,82.0,10.99,Weak,920.5063938563865,925.4442138671875,42,0.1206690357952036,3.098792370252614,2026-10-08T16:38:03+00:00,replay,Confirmed,2025-07-23,10.0,0.0324,-0.0036,-0.0737,-0.0366,-0.0546,-0.0134,-2.1
378,0.1.0,NSE,EVEREADY.NS,up,2025-07-09,C,4,1,45.0,-16.2,Weak,335.4066356980657,346.1416320800781,54,0.16334936259699773,10.092299444030882,2026-10-08T16:38:03+00:00,replay,Confirmed,2025-07-23,10.0,0.0622,-0.0036,0.1845,-0.0366,0.0577,-0.0134,3.07
529,0.1.0,NSE,ICICIPRULI.NS,up,2025-07-09,C,4,3,61.0,-5.59,Weak,673.417367882571,677.9970703125,29,0.08843428149261645,2.618519916660825,2026-10-08T16:38:03+00:00,replay,Failed,2025-07-16,5.0,-0.0437,-0.0036,-0.0906,-0.0366,-0.1278,-0.0134,-2.48
797,0.1.0,NSE,MUFIN.NS,up,2025-07-09,C,4,2,48.0,-15.56,Weak,89.0,91.0999984741211,38,0.28057553956834536,6.075160298872879,2026-10-08T16:38:03+00:00,replay,Confirmed,2025-07-23,10.0,0.0261,-0.0036,-0.0259,-0.0366,-0.0234,-0.0134,-0.49
1032,0.1.0,NSE,SAMHI.NS,up,2025-07-09,C,2,7,91.0,12.45,Weak,230.0,237.0500030517578,19,0.0895309964473261,5.188492202816735,2026-10-08T16:38:03+00:00,replay,Confirmed,2025-07-23,10.0,0.0175,-0.0036,-0.0674,-0.0366,-0.1826,-0.0134,-1.14
820,0.1.0,NSE,NECLIFE.NS,down,2025-07-08,B,4,0,2.0,-32.34,Weak,20.020000457763672,18.5,42,0.41108887882391465,24.99736345669538,2026-10-08T16:38:03+00:00,replay,Confirmed,2025-07-22,10.0,-0.0308,-0.0052,-0.2416,-0.0384,-0.227,-0.0197,2.11
299,0.1.0,NSE,DBREALTY.NS,up,2025-07-08,C,2,7,91.0,23.04,Weak,244.89999389648438,246.64999389648438,17,0.19696963143089707,2.1881035846035823,2026-10-08T16:38:03+00:00,replay,Failed,2025-07-17,7.0,-0.0255,-0.0052,-0.2779,-0.0384,-0.376,-0.0197,-7.54
628,0.1.0,NSE,JPPOWER.NS,up,2025-07-07,C,1,6,90.0,7.37,Weak,19.299999237060547,22.649999618530273,18,0.1488095305674204,16.530536361342673,2026-10-08T16:38:03+00:00,replay,Confirmed,2025-07-21,10.0,0.2022,-0.0103,-0.1492,-0.032,-0.2097,-0.0145,-0.86
663,0.1.0,NSE,KINGFA.NS,up,2025-07-07,C,3,6,85.0,4.28,Weak,3577.6799874202784,3624.718017578125,27,0.1942780820868215,5.372777658103105,2026-10-08T16:38:03+00:00,replay,Failed,2025-07-11,4.0,-0.0634,-0.0103,-0.0698,-0.032,0.2083,-0.0145,-1.64
984,0.1.0,NSE,RATNAMANI.NS,up,2025-07-07,C,4,2,36.0,-12.74,Weak,2938.1813565517828,2975.990966796875,29,0.0873627450082457,13.899499067390094,2026-10-08T16:38:03+00:00,replay,Failed,2025-07-14,5.0,-0.0442,-0.0103,-0.1816,-0.032,-0.1964,-0.0145,-4.29
244,0.1.0,NSE,CHENNPETRO.NS,up,2025-07-04,B,1,4,62.0,4.43,Weak,695.8044556290916,727.7493896484375,26,0.22251714550142077,9.799859479254177,2026-10-08T16:38:03+00:00,replay,Faded,2025-07-18,10.0,-0.0672,-0.0119,-0.1521,-0.0298,0.0551,-0.0167,-2.1
330,0.1.0,NSE,DREAMFOLKS.NS,down,2025-07-04,B,4,0,2.0,-49.03,Weak,209.0800018310547,190.97999572753906,60,0.4580543496926457,11.854856403804343,2026-10-08T16:38:03+00:00,replay,Confirmed,2025-07-18,10.0,-0.1604,-0.0119,-0.3222,-0.0298,-0.4556,-0.0167,2.52
353,0.1.0,NSE,EIMCOELECO.NS,up,2025-07-04,C,1,6,95.0,23.51,Weak,2731.2995914200283,2933.39697265625,20,0.19866588105124117,8.07317595755139,2026-10-08T16:38:03+00:00,replay,Failed,2025-07-10,4.0,-0.1281,-0.0119,-0.1881,-0.0298,-0.3789,-0.0167,-1.94
462,0.1.0,NSE,GREENPANEL.NS,up,2025-07-04,C,4,2,38.0,-12.9,Weak,283.26378968766227,289.79681396484375,16,0.10656538801627513,2.40575820703863,2026-10-08T16:38:03+00:00,replay,Faded,2025-07-18,10.0,-0.0294,-0.0119,-0.0585,-0.0298,0.0401,-0.0167,-1.13
587,0.1.0,NSE,IOC.NS,up,2025-07-04,C,1,5,54.0,-0.47,Weak,139.25555603317213,140.9474334716797,43,0.0982406013863315,1.5048415371887844,2026-10-08T16:38:03+00:00,replay,Confirmed,2025-07-18,10.0,-0.0064,-0.0119,-0.0609,-0.0298,0.0433,-0.0167,-1.46
624,0.1.0,NSE,JKPAPER.NS,up,2025-07-04,C,4,3,49.0,-3.66,Weak,378.58368882889795,396.4395446777344,17,0.11350267104824052,22.582968797850214,2026-10-08T16:38:03+00:00,replay,Faded,2025-07-18,10.0,-0.037,-0.0119,-0.1255,-0.0298,0.0487,-0.0167,-1.7
896,0.1.0,NSE,PCJEWELLER.NS,up,2025-07-04,C,4,6,95.0,18.6,Weak,14.600000381469727,16.690000534057617,62,0.32606721870636024,23.99023970071088,2026-10-08T16:38:03+00:00,replay,Confirmed,2025-07-18,10.0,0.0395,-0.0119,-0.1168,-0.0298,-0.2169,-0.0167,-0.77
994,0.1.0,NSE,RELAXO.NS,up,2025-07-04,C,4,1,6.0,-26.46,Weak,450.33467414677443,456.6725769042969,31,0.14232304318208922,6.539019819038793,2026-10-08T16:38:03+00:00,replay,Confirmed,2025-07-18,10.0,0.0776,-0.0119,-0.0479,-0.0298,-0.0462,-0.0167,-1.1
1215,0.1.0,NSE,TEGA.NS,up,2025-07-04,C,4,3,59.0,-0.58,Weak,1658.460897105824,1684.405517578125,25,0.13292433728535702,4.00099812886183,2026-10-08T16:38:03+00:00,replay,Confirmed,2025-07-18,10.0,0.0035,-0.0119,0.128,-0.0298,0.1541,-0.0167,2.85
1248,0.1.0,NSE,TNPL.NS,up,2025-07-04,C,4,3,61.0,-1.74,Weak,168.61264367051473,175.4481658935547,19,0.17111552210540992,8.184420380352462,2026-10-08T16:38:03+00:00,replay,Failed,2025-07-11,5.0,-0.0766,-0.0119,-0.1458,-0.0298,-0.1145,-0.0167,-2.15
1339,0.1.0,NSE,WSTCSTPAPR.NS,up,2025-07-04,C,4,4,57.0,0.66,Weak,528.9790509144568,554.738525390625,16,0.09457805617373416,6.708937954528019,2026-10-08T16:38:03+00:00,replay,Faded,2025-07-18,10.0,-0.0497,-0.0119,-0.0802,-0.0298,-0.132,-0.0167,-1.07
32,0.1.0,NSE,ADOR.NS,up,2025-07-03,C,4,3,50.0,-13.42,Weak,1039.7433341590522,1063.6876220703125,16,0.10610114691839434,3.5955415497977974,2026-10-08T16:38:03+00:00,replay,Confirmed,2025-07-17,10.0,0.0163,-0.0021,-0.0962,-0.0361,-0.0538,-0.021,-1.86
99,0.1.0,NSE,ASAL.NS,up,2025-07-03,C,4,3,39.0,-16.6,Weak,614.7999877929688,627.9000244140625,16,0.1269361223526959,13.883132202868472,2026-10-08T16:38:03+00:00,replay,Failed,2025-07-07,2.0,-0.0647,-0.0021,-0.234,-0.0361,-0.0662,-0.021,-4.66
695,0.1.0,NSE,LATENTVIEW.NS,up,2025-07-03,C,4,4,53.0,-12.62,Weak,433.70001220703125,446.70001220703125,38,0.11176622768866618,4.999397080681644,2026-10-08T16:38:03+00:00,replay,Faded,2025-07-17,10.0,-0.0162,-0.0021,-0.1009,-0.0361,-0.0694,-0.021,-1.73
786,0.1.0,NSE,MOTILALOFS.NS,up,2025-07-03,C,1,7,91.0,8.77,Weak,891.0081711488315,921.6607666015625,17,0.11876441680614325,4.5600789304529235,2026-10-08T16:38:03+00:00,replay,Confirmed,2025-07-17,10.0,0.0117,-0.0021,-0.008,-0.0361,-0.0195,-0.021,-0.13
473,0.1.0,NSE,GUJENERGY.NS,up,2025-07-02,C,4,3,45.0,-11.9,Weak,471.4247434015303,475.61517333984375,31,0.11223457924249414,2.396473020290689,2026-10-08T16:38:03+00:00,replay,Failed,2025-07-08,4.0,-0.0425,0.0004,-0.1179,-0.0269,-0.1171,-0.0263,-3.06
541,0.1.0,NSE,IGARASHI.NS,up,2025-07-02,C,4,2,36.0,-23.72,Weak,527.1005326205072,536.5325927734375,32,0.16285183610041631,17.23642310422222,2026-10-08T16:38:03+00:00,replay,Failed,2025-07-11,7.0,-0.0227,0.0004,0.0656,-0.0269,-0.0507,-0.0263,1.39
1077,0.1.0,NSE,SHARDAMOTR.NS,up,2025-07-02,C,4,2,7.0,-40.69,Weak,971.1905539871518,1020.220703125,17,0.0816173083055991,8.161955987691035,2026-10-08T16:38:03+00:00,replay,Confirmed,2025-07-16,10.0,0.0336,0.0004,0.0086,-0.0269,0.0147,-0.0263,0.11
623,0.1.0,NSE,JKLAKSHMI.NS,up,2025-07-01,B,1,8,77.0,5.93,Weak,900.8515472135631,941.4146118164062,27,0.14403199477063167,9.239845588029675,2026-10-08T16:38:03+00:00,replay,Confirmed,2025-07-15,10.0,0.0295,-0.0018,0.0129,-0.0246,-0.0995,-0.0373,0.18
391,0.1.0,NSE,FILATEX.NS,up,2025-07-01,C,1,5,85.0,-3.83,Weak,59.52235990685478,61.0305061340332,18,0.1974052612432835,7.40107750911793,2026-10-08T16:38:03+00:00,replay,Faded,2025-07-15,10.0,-0.0153,-0.0018,-0.0538,-0.0246,-0.1654,-0.0373,-1.0
437,0.1.0,NSE,GNFC.NS,up,2025-07-01,C,4,3,38.0,-10.16,Weak,524.653636756094,530.2460327148438,19,0.09695013677768327,2.638432338974122,2026-10-08T16:38:03+00:00,replay,Failed,2025-07-10,7.0,-0.024,-0.0018,-0.0399,-0.0246,-0.107,-0.0373,-0.99
737,0.1.0,NSE,MAHABANK.NS,up,2025-07-01,C,1,5,68.0,-2.32,Weak,56.273303731564695,56.593482971191406,21,0.10119616577795654,2.9753790482387568,2026-10-08T16:38:03+00:00,replay,Failed,2025-07-11,8.0,-0.0261,-0.0018,-0.0309,-0.0246,-0.0403,-0.0373,-0.87
926,0.1.0,NSE,PNB.NS,up,2025-06-30,B,1,5,64.0,0.14,Weak,106.61086711561283,107.37764739990234,15,0.10082881349908912,1.7047831495573043,2026-10-08T16:38:03+00:00,replay,Confirmed,2025-07-14,10.0,0.0182,-0.0028,-0.011,-0.0258,-0.009,-0.0372,-0.3
258,0.1.0,NSE,CLSEL.NS,up,2025-06-30,C,3,8,91.0,12.57,Weak,371.5981493903099,374.5411071777344,25,0.18708870610216288,4.791039857772114,2026-10-08T16:38:03+00:00,replay,Failed,2025-07-03,3.0,-0.0927,-0.0028,-0.1389,-0.0258,-0.3048,-0.0372,-3.69
649,0.1.0,NSE,KALAMANDIR.NS,up,2025-06-30,C,4,3,27.0,-14.02,Weak,145.39858526481686,149.1046905517578,65,0.3158406788428856,4.09399826154471,2026-10-08T16:38:03+00:00,replay,Confirmed,2025-07-14,10.0,0.0342,-0.0028,0.2361,-0.0258,0.0139,-0.0372,4.36
771,0.1.0,NSE,MEDIASSIST.NS,up,2025-06-30,C,4,1,40.0,-13.04,Weak,517.2775636906166,529.1039428710938,24,0.11206069730981683,2.851856109672771,2026-10-08T16:38:03+00:00,replay,Faded,2025-07-14,10.0,-0.0181,-0.0028,0.001,-0.0258,-0.0035,-0.0372,0.02
772,0.1.0,NSE,MEDICO.NS,down,2025-06-27,A,3,2,11.0,-28.18,Weak,42.0,39.7599983215332,62,0.48761903671991247,6.529886092605233,2026-10-08T16:38:03+00:00,replay,Faded,2025-07-11,10.0,0.0629,-0.0024,0.008,-0.0327,0.2143,-0.0384,-0.09
1036,0.1.0,NSE,SANGAMIND.NS,up,2025-06-27,B,1,7,76.0,16.03,Weak,467.96304077710386,487.64117431640625,29,0.1866516257524682,9.665742011150648,2026-10-08T16:38:03+00:00,replay,Failed,2025-07-04,5.0,-0.0775,-0.0024,-0.126,-0.0327,-0.1111,-0.0384,-1.82
853,0.1.0,NSE,NYKAA.NS,up,2025-06-27,C,2,6,80.0,8.29,Weak,208.60000610351562,209.86000061035156,20,0.0912324864370313,1.739671980894007,2026-10-08T16:38:03+00:00,replay,Failed,2025-07-03,4.0,-0.0554,-0.0024,-0.0053,-0.0327,0.0989,-0.0384,-0.15
1228,0.1.0,NSE,THOMASCOTT.NS,up,2025-06-27,C,2,7,86.0,22.86,Weak,372.0,403.29998779296875,30,0.29391304347826086,12.76585578104423,2026-10-08T16:38:03+00:00,replay,Faded,2025-07-11,10.0,-0.019,-0.0024,-0.1892,-0.0327,-0.1365,-0.0384,-1.8
1242,0.1.0,NSE,TITAN.NS,up,2025-06-26,B,1,5,69.0,0.99,Weak,3642.0529283951964,3671.566650390625,30,0.08335806336970886,1.8816355352655147,2026-10-08T16:38:03+00:00,replay,Failed,2025-07-08,8.0,-0.0043,0.0002,-0.0599,-0.0214,-0.0828,-0.0211,-1.59
71,0.1.0,NSE,APARINDS.NS,up,2025-06-26,C,4,4,72.0,-5.93,Weak,8320.677357600856,8591.1318359375,29,0.14225480820666592,4.1310575937506915,2026-10-08T16:38:03+00:00,replay,Confirmed,2025-07-10,10.0,0.0287,0.0002,0.0357,-0.0214,0.0132,-0.0211,0.59
460,0.1.0,NSE,GRASIM.NS,up,2025-06-26,C,1,6,74.0,0.79,Weak,2825.8845574914094,2863.92724609375,29,0.13301480019726397,1.911471626434377,2026-10-08T16:38:03+00:00,replay,Faded,2025-07-10,10.0,-0.0228,0.0002,-0.0606,-0.0214,-0.0328,-0.0211,-1.41
741,0.1.0,NSE,MAHSEAMLES.NS,up,2025-06-26,C,2,7,68.0,-0.43,Weak,732.7625047347707,738.2946166992188,58,0.22405973626159392,5.19526024351276,2026-10-08T16:38:03+00:00,replay,Failed,2025-07-08,8.0,-0.0306,0.0002,-0.0718,-0.0214,-0.1854,-0.0211,-1.93
881,0.1.0,NSE,PAKKA.NS,up,2025-06-26,C,4,2,20.0,-29.16,Weak,202.35000610351562,214.69000244140625,65,0.2929712850064896,28.965634690539943,2026-10-08T16:38:03+00:00,replay,Faded,2025-07-10,10.0,-0.0342,0.0002,-0.0617,-0.0214,-0.2662,-0.0211,-0.72
1050,0.1.0,NSE,SBCL.NS,up,2025-06-26,C,4,2,46.0,-12.75,Weak,511.4758209407314,521.78466796875,27,0.09775559497792208,3.8152085118129135,2026-10-08T16:38:03+00:00,replay,Confirmed,2025-07-10,10.0,0.0094,0.0002,0.0521,-0.0214,0.0577,-0.0211,1.06
307,0.1.0,NSE,DECCANCE.NS,up,2025-06-25,B,2,8,89.0,3.59,Weak,833.8003401009928,892.8154296875,62,0.2106712569435747,9.80121198927619,2026-10-08T16:38:03+00:00,replay,Confirmed,2025-07-09,10.0,0.0171,0.0107,0.1715,0.0002,0.2755,-0.0051,1.82
348,0.1.0,NSE,EIDPARRY.NS,up,2025-06-25,B,2,8,88.0,12.21,Weak,1042.0,1055.0,20,0.11892617449664433,7.329729410509123,2026-10-08T16:38:03+00:00,replay,Faded,2025-07-09,10.0,0.044,0.0107,0.1245,0.0002,0.0173,-0.0051,2.97
156,0.1.0,NSE,BALAMINES.NS,up,2025-06-25,C,4,2,44.0,-25.5,Weak,1514.8660955315345,1654.100341796875,16,0.11646386643016848,35.98672373952267,2026-10-08T16:38:03+00:00,replay,Confirmed,2025-07-09,10.0,0.0992,0.0107,0.0412,0.0002,-0.1074,-0.0051,0.37
216,0.1.0,NSE,BSOFT.NS,up,2025-06-25,C,4,2,14.0,-22.75,Weak,426.77433968598353,430.41241455078125,19,0.12176466001533681,3.265419658670627,2026-10-08T16:38:03+00:00,replay,Faded,2025-07-09,10.0,-0.0035,0.0107,-0.0986,0.0002,-0.1599,-0.0051,-2.58
394,0.1.0,NSE,FINEORG.NS,up,2025-06-25,C,1,4,68.0,-5.66,Weak,4860.044850124484,4970.568359375,16,0.08914429016477188,2.928407877394341,2026-10-08T16:38:03+00:00,replay,Faded,2025-07-09,10.0,0.0334,0.0107,0.0789,0.0002,-0.0506,-0.0051,1.53
1113,0.1.0,NSE,SOLARA.NS,up,2025-06-25,C,4,4,73.0,-17.06,Weak,589.4000244140625,635.4000244140625,29,0.25671646996601805,13.388205079165585,2026-10-08T16:38:03+00:00,replay,Confirmed,2025-07-09,10.0,0.0183,0.0107,0.0343,0.0002,0.0122,-0.0051,0.34
554,0.1.0,NSE,INDIAGLYCO.NS,up,2025-06-24,B,2,8,98.0,36.24,Weak,960.397659313852,969.3189697265625,17,0.1121574929215996,1.8121832872967112,2026-10-08T16:38:03+00:00,replay,Confirmed,2025-07-08,10.0,0.0311,0.0217,-0.0987,0.0136,-0.0965,0.0092,-2.54
767,0.1.0,NSE,MBAPL.NS,up,2025-06-23,B,2,8,97.0,41.96,Weak,78.8190978689084,83.17020416259766,15,0.16147069598303299,28.822349296466637,2026-10-08T16:38:03+00:00,replay,Confirmed,2025-07-07,10.0,-0.0004,0.0268,0.0312,0.0139,0.0236,0.0165,0.39
1137,0.1.0,NSE,SRM.NS,up,2025-06-23,B,2,8,98.0,36.03,Weak,467.8999938964844,480.25,15,0.1661059037918613,6.201681196650087,2026-10-08T16:38:03+00:00,replay,Confirmed,2025-07-07,10.0,0.037,0.0268,0.02,0.0139,0.1743,0.0165,0.36
821,0.1.0,NSE,NELCAST.NS,up,2025-06-17,B,1,5,89.0,5.03,Weak,142.77394512428683,144.5189666748047,16,0.14594925274109904,7.785381356901648,2026-10-08T16:38:03+00:00,replay,Failed,2025-06-18,1.0,-0.0622,0.0057,-0.0152,0.0214,0.0021,0.0169,-0.36
191,0.1.0,NSE,BIRLACABLE.NS,up,2025-06-17,C,4,3,65.0,-15.24,Weak,200.72028287864435,206.73196411132812,17,0.17101449275362324,31.522049820455127,2026-10-08T16:38:03+00:00,replay,Failed,2025-06-19,2.0,-0.1292,0.0057,-0.1527,0.0214,-0.1835,0.0169,-2.62
271,0.1.0,NSE,CONTROLPR.NS,up,2025-06-17,C,4,5,74.0,1.56,Weak,790.7749808682283,799.2789306640625,16,0.16386149154910234,3.5062516099629457,2026-10-08T16:38:03+00:00,replay,Failed,2025-06-19,2.0,-0.0478,0.0057,0.0783,0.0214,-0.0601,0.0169,1.94
467,0.1.0,NSE,GRMOVER.NS,up,2025-06-13,B,2,8,96.0,38.33,Weak,113.66666412353516,114.48332977294922,34,0.2629629347059461,1.687964630815155,2026-10-08T16:38:03+00:00,replay,Confirmed,2025-06-27,10.0,0.0317,0.0059,0.1152,0.0176,0.0486,0.0124,3.12
836,0.1.0,NSE,NH.NS,up,2025-06-13,B,2,8,91.0,32.11,Weak,1863.0730625197782,1904.284423828125,38,0.09964744543964543,3.384021172908922,2026-10-08T16:38:03+00:00,replay,Confirmed,2025-06-27,10.0,-0.005,0.0059,0.0558,0.0176,-0.0756,0.0124,1.09
396,0.1.0,NSE,FINOPB.NS,up,2025-06-13,C,4,2,47.0,-10.26,Weak,280.75,283.3900146484375,37,0.247001868886513,6.426645898460606,2026-10-08T16:38:03+00:00,replay,Faded,2025-06-27,10.0,0.0287,0.0059,0.0187,0.0176,-0.013,0.0124,0.48
643,0.1.0,NSE,JUBLINGREA.NS,up,2025-06-13,C,1,6,80.0,12.49,Weak,740.4140421143436,785.5020751953125,23,0.12633647443431495,63.86492533309181,2026-10-08T16:38:03+00:00,replay,Failed,2025-06-17,2.0,-0.1171,0.0059,0.0175,0.0176,-0.1046,0.0124,0.2
523,0.1.0,NSE,HUBTOWN.NS,up,2025-06-12,C,4,3,70.0,-14.92,Weak,221.36000061035156,227.00999450683594,45,0.36599812676122245,21.760481804849906,2026-10-08T16:38:03+00:00,replay,Failed,2025-06-17,3.0,-0.0915,-0.0123,0.3601,0.0103,0.4744,0.0024,6.65
208,0.1.0,NSE,BPCL.NS,up,2025-06-11,C,4,6,72.0,2.59,Weak,305.84533056968866,313.35418701171875,27,0.08130082692923835,2.0484406333180454,2026-10-08T16:38:03+00:00,replay,Failed,2025-06-13,2.0,-0.0539,-0.0177,0.0512,0.0057,-0.0333,-0.0113,0.96
832,0.1.0,NSE,NEULANDLAB.NS,up,2025-06-11,C,4,7,81.0,2.72,Weak,13352.245325272312,13593.599609375,34,0.26564563958948195,4.373905863478669,2026-10-08T16:38:03+00:00,replay,Failed,2025-06-16,3.0,-0.1,-0.0177,-0.1284,0.0057,0.087,-0.0113,-2.72
971,0.1.0,NSE,RAIN.NS,up,2025-06-11,C,4,4,45.0,-9.03,Weak,151.20656194232436,153.27354431152344,32,0.13588410172664234,5.863908961179663,2026-10-08T16:38:03+00:00,replay,Failed,2025-06-16,3.0,-0.0574,-0.0177,-0.058,0.0057,-0.0919,-0.0113,-1.35
1310,0.1.0,NSE,VIPIND.NS,up,2025-06-11,C,4,2,44.0,-21.19,Weak,391.8500061035156,413.6000061035156,17,0.14912025250297845,12.388560608971815,2026-10-08T16:38:03+00:00,replay,Confirmed,2025-06-25,10.0,0.0039,-0.0177,0.0851,0.0057,0.0824,-0.0113,1.05
98,0.1.0,NSE,ASAL.NS,up,2025-06-10,C,4,2,12.0,-27.64,Weak,545.0,572.9500122070312,31,0.24557196938575232,50.58713146132724,2026-10-08T16:38:03+00:00,replay,Confirmed,2025-06-24,10.0,-0.0234,-0.0154,0.0132,0.0093,-0.1625,-0.0167,0.17
202,0.1.0,NSE,BORORENEW.NS,up,2025-06-10,C,3,7,70.0,7.22,Weak,583.75,588.25,17,0.09357439743217832,4.537535963178144,2026-10-08T16:38:03+00:00,replay,Failed,2025-06-12,2.0,-0.0822,-0.0154,-0.1221,0.0093,-0.0167,-0.0167,-3.26
358,0.1.0,NSE,ELECTCAST.NS,up,2025-06-10,C,4,2,11.0,-30.97,Weak,111.96137482103157,115.35974884033203,15,0.1376274047351691,3.375909956342562,2026-10-08T16:38:03+00:00,replay,Confirmed,2025-06-24,10.0,0.0485,-0.0154,0.0527,0.0093,-0.1558,-0.0167,0.9
790,0.1.0,NSE,MPHASIS.NS,up,2025-06-10,C,4,3,47.0,-9.79,Weak,2523.662485117386,2550.683349609375,17,0.10742878877141804,1.8454047801421891,2026-10-08T16:38:03+00:00,replay,Confirmed,2025-06-24,10.0,0.0082,-0.0154,0.0935,0.0093,0.0894,-0.0167,2.32
828,0.1.0,NSE,NESCO.NS,up,2025-06-10,C,3,6,60.0,-4.13,Weak,974.6847020307046,1011.4083862304688,17,0.08155537128878954,7.142708150634244,2026-10-08T16:38:03+00:00,replay,Confirmed,2025-06-24,10.0,-0.001,-0.0154,0.133,0.0093,0.4948,-0.0167,2.04
698,0.1.0,NSE,LAURUSLABS.NS,up,2025-06-09,B,2,8,85.0,16.31,Weak,658.798879324478,666.1365966796875,31,0.1533401308338327,1.813620572802301,2026-10-08T16:38:03+00:00,replay,Faded,2025-06-23,10.0,0.0193,-0.0101,0.1663,0.0104,0.3414,-0.0194,4.09
20,0.1.0,NSE,ACCELYA.NS,up,2025-06-09,C,4,2,32.0,-10.28,Weak,1354.5439902635599,1366.874267578125,30,0.1449597666386544,1.9142797439067067,2026-10-08T16:38:03+00:00,replay,Failed,2025-06-19,8.0,-0.0258,-0.0101,-0.0129,0.0104,-0.0357,-0.0194,-0.33
196,0.1.0,NSE,BLAL.NS,up,2025-06-09,C,4,2,33.0,-15.78,Weak,228.0,231.0800018310547,28,0.19365481679986263,12.168746250500721,2026-10-08T16:38:03+00:00,replay,Failed,2025-06-11,2.0,-0.0676,-0.0101,-0.059,0.0104,-0.0172,-0.0194,-1.37
236,0.1.0,NSE,CERA.NS,up,2025-06-09,C,4,3,47.0,-12.07,Weak,6629.45192985699,6905.59765625,20,0.1199338296112491,4.790903056365263,2026-10-08T16:38:03+00:00,replay,Faded,2025-06-23,10.0,-0.0022,-0.0101,-0.0295,0.0104,-0.086,-0.0194,-0.43
464,0.1.0,NSE,GREENPOWER.NS,up,2025-06-09,C,4,2,21.0,-24.06,Weak,13.949999809265137,14.510000228881836,50,0.27281019714518995,4.661459885154159,2026-10-08T16:38:03+00:00,replay,Failed,2025-06-19,8.0,-0.0179,-0.0101,0.0255,0.0104,-0.0303,-0.0194,0.38
465,0.1.0,NSE,GRINFRA.NS,up,2025-06-09,C,4,4,51.0,-11.35,Weak,1343.5610003521047,1390.939697265625,15,0.10682004930156119,7.407349565573368,2026-10-08T16:38:03+00:00,replay,Failed,2025-06-17,6.0,-0.0475,-0.0101,-0.1044,0.0104,-0.0854,-0.0194,-1.66
1118,0.1.0,NSE,SOMANYCERA.NS,up,2025-06-09,C,4,2,31.0,-24.83,Weak,482.87596807791607,553.58984375,15,0.08849555966877953,13.793589942145271,2026-10-08T16:38:03+00:00,replay,Confirmed,2025-06-23,10.0,0.0226,-0.0101,0.0343,0.0104,-0.1613,-0.0194,0.22
802,0.1.0,NSE,MUTHOOTFIN.NS,up,2025-06-06,B,2,8,82.0,16.55,Weak,2385.7824190223905,2425.689697265625,51,0.2393892791749881,2.09744251221823,2026-10-08T16:38:03+00:00,replay,Confirmed,2025-06-20,10.0,0.0623,-0.0112,0.0876,0.0167,0.1601,-0.0145,1.91
114,0.1.0,NSE,ASTEC.NS,up,2025-06-06,C,4,1,12.0,-21.99,Weak,798.8499755859375,810.75,58,0.2588244663078423,2.2019614523248325,2026-10-08T16:38:03+00:00,replay,Failed,2025-06-17,7.0,-0.027,-0.0112,0.1512,0.0167,0.049,-0.0145,3.42
401,0.1.0,NSE,FOCUS.NS,up,2025-06-06,C,4,3,65.0,-1.16,Weak,112.69999694824219,114.5999984741211,29,0.3095514774040129,3.830077598656707,2026-10-08T16:38:03+00:00,replay,Faded,2025-06-20,10.0,0.078,-0.0112,-0.0663,0.0167,-0.1747,-0.0145,-1.44
447,0.1.0,NSE,GODREJIND.NS,up,2025-06-06,C,3,7,88.0,26.11,Weak,1265.0,1359.5,49,0.232943469785575,24.356749308967064,2026-10-08T16:38:03+00:00,replay,Confirmed,2025-06-20,10.0,-0.0599,-0.0112,-0.1403,0.0167,-0.1159,-0.0145,-1.44
942,0.1.0,NSE,POONAWALLA.NS,up,2025-06-06,C,1,7,79.0,12.69,Weak,416.75,421.1000061035156,31,0.15076627647030216,1.8016826606636238,2026-10-08T16:38:03+00:00,replay,Faded,2025-06-20,10.0,-0.0107,-0.0112,0.1121,0.0167,0.0249,-0.0145,2.8
1259,0.1.0,NSE,TVSELECT.NS,up,2025-06-06,C,1,7,91.0,23.02,Weak,434.95001220703125,471.79998779296875,24,0.14385276057075935,17.043679822480463,2026-10-08T16:38:03+00:00,replay,Failed,2025-06-18,8.0,-0.0615,-0.0112,-0.0815,0.0167,-0.145,-0.0145,-0.77
183,0.1.0,NSE,BHARATWIRE.NS,up,2025-06-05,C,4,3,67.0,-19.66,Weak,204.8000030517578,222.64999389648438,40,0.2342554817797562,22.151456946224897,2026-10-08T16:38:03+00:00,replay,Confirmed,2025-06-19,10.0,-0.052,0.0049,-0.0398,0.0274,-0.2114,-0.005,-0.37
486,0.1.0,NSE,HARIOMPIPE.NS,up,2025-06-05,C,4,2,17.0,-29.13,Weak,414.12325041049365,432.962890625,18,0.12253446648983579,8.82414618429274,2026-10-08T16:38:03+00:00,replay,Failed,2025-06-13,6.0,-0.0573,0.0049,-0.0577,0.0274,0.132,-0.005,-0.8
513,0.1.0,NSE,HINDZINC.NS,up,2025-06-05,C,4,3,40.0,-9.87,Weak,460.07917608376886,473.36737060546875,51,0.2297002003968791,3.4409275748266297,2026-10-08T16:38:03+00:00,replay,Failed,2025-06-18,9.0,0.0522,0.0049,-0.0766,0.0274,-0.0923,-0.005,-1.34
720,0.1.0,NSE,LTF.NS,up,2025-06-05,C,1,6,82.0,7.35,Weak,177.439257332204,181.4914093017578,29,0.15132748791545736,2.758138155565425,2026-10-08T16:38:03+00:00,replay,Confirmed,2025-06-19,10.0,0.0242,0.0049,0.1215,0.0274,0.2426,-0.005,2.35
1054,0.1.0,NSE,SBICARD.NS,up,2025-06-04,B,2,8,81.0,16.76,Weak,927.4010305937366,938.7611694335938,28,0.09013709949033011,2.1733398640881396,2026-10-08T16:38:03+00:00,replay,Confirmed,2025-06-18,10.0,0.053,0.0232,-0.0325,0.0313,-0.1557,0.0025,-0.78
966,0.1.0,NSE,PURVA.NS,up,2025-06-04,C,4,2,20.0,-26.82,Weak,272.010009765625,279.0,29,0.303354162640854,3.205222607925078,2026-10-08T16:38:03+00:00,replay,Confirmed,2025-06-18,10.0,0.1271,0.0232,0.0056,0.0313,0.0459,0.0025,0.1
993,0.1.0,NSE,REFEX.NS,up,2025-06-03,C,4,7,97.0,11.41,Weak,495.2574993673418,509.4930419921875,29,0.3373655398619051,4.331196964895227,2026-10-08T16:38:03+00:00,replay,Failed,2025-06-13,8.0,-0.0123,0.0277,-0.122,0.0368,-0.2819,0.0006,-2.14
122,0.1.0,NSE,ASTRAZEN.NS,up,2025-06-02,B,2,8,93.0,8.28,Weak,9138.797320292897,9263.314453125,26,0.1808974058141397,40.977608252765,2026-10-08T16:38:03+00:00,replay,Confirmed,2025-06-16,10.0,0.0772,0.0217,-0.0469,0.0342,-0.0581,-0.0053,-1.09
269,0.1.0,NSE,CONCORDBIO.NS,up,2025-06-02,C,4,2,65.0,-5.75,Weak,1783.2822468712027,1797.11083984375,56,0.34230477111335844,2.506073482651743,2026-10-08T16:38:03+00:00,replay,Confirmed,2025-06-16,10.0,0.1064,0.0217,-0.0132,0.0342,-0.0734,-0.0053,-0.35
706,0.1.0,NSE,LIKHITHA.NS,up,2025-06-02,C,4,1,31.0,-19.24,Weak,298.95001220703125,308.0,47,0.251360484908872,7.635754498869208,2026-10-08T16:38:03+00:00,replay,Confirmed,2025-06-16,10.0,0.037,0.0217,-0.0531,0.0342,-0.1942,-0.0053,-0.91
312,0.1.0,NSE,DHANBANK.NS,up,2025-05-30,C,4,2,52.0,-7.29,Weak,31.489999771118164,31.68000030517578,40,0.21536086285478628,2.8478366946606117,2026-10-08T16:38:03+00:00,replay,Failed,2025-06-12,9.0,0.0009,0.0159,-0.0354,0.0358,-0.1913,-0.0149,-0.99
925,0.1.0,NSE,PNB.NS,up,2025-05-30,C,4,3,42.0,-1.28,Weak,99.1125044078381,99.93411254882812,22,0.1732812797138139,2.441395010579502,2026-10-08T16:38:03+00:00,replay,Confirmed,2025-06-13,10.0,0.0412,0.0159,0.0745,0.0358,-0.0191,-0.0149,1.96
1255,0.1.0,NSE,TSFINV.NS,up,2025-05-30,C,3,7,91.0,20.46,Weak,364.1702003587569,367.764404296875,25,0.1682243714145062,3.947752765784651,2026-10-08T16:38:03+00:00,replay,Confirmed,2025-06-13,10.0,0.0356,0.0159,0.4129,0.0358,0.2432,-0.0149,10.46
190,0.1.0,NSE,BIKAJI.NS,up,2025-05-29,C,4,6,71.0,-6.16,Weak,753.6243889429718,766.2338256835938,24,0.1585198409398605,2.1177616169301468,2026-10-08T16:38:03+00:00,replay,Faded,2025-06-12,10.0,-0.0085,0.0032,-0.0181,0.0332,0.034,-0.014,-0.39
286,0.1.0,NSE,CUMMINSIND.NS,up,2025-05-29,C,4,2,41.0,-13.21,Weak,3017.3099481638974,3099.8583984375,42,0.19573628123908726,8.144959287060656,2026-10-08T16:38:03+00:00,replay,Confirmed,2025-06-12,10.0,0.0567,0.0032,0.0529,0.0332,0.2215,-0.014,0.95
425,0.1.0,NSE,GLAXO.NS,up,2025-05-28,B,1,7,88.0,14.14,Weak,3030.346032329711,3223.063720703125,23,0.16856601221225898,3.8165141848008033,2026-10-08T16:38:03+00:00,replay,Confirmed,2025-06-11,10.0,0.0348,0.0012,-0.001,0.0324,-0.156,-0.0005,-0.01
869,0.1.0,NSE,ORCHPHARMA.NS,down,2025-05-28,B,4,0,2.0,-40.86,Weak,684.3499755859375,669.0,31,0.2785855647190296,3.2785576204676774,2026-10-08T16:38:03+00:00,replay,Failed,2025-06-04,5.0,0.0821,0.0012,0.0515,0.0324,0.1536,-0.0005,-0.96
60,0.1.0,NSE,ALOKINDS.NS,up,2025-05-28,C,4,2,36.0,-15.2,Weak,19.760000228881836,20.190000534057617,25,0.2459016807457901,3.1615273806051434,2026-10-08T16:38:03+00:00,replay,Faded,2025-06-11,10.0,-0.049,0.0012,0.0089,0.0324,-0.1273,-0.0005,0.18
180,0.1.0,NSE,BHAGCHEM.NS,up,2025-05-28,C,4,4,76.0,-3.81,Weak,323.0946981720479,327.43988037109375,23,0.2205661478233174,3.9291508884203905,2026-10-08T16:38:03+00:00,replay,Failed,2025-05-29,1.0,-0.0987,0.0012,-0.0988,0.0324,-0.1739,-0.0005,-2.31
605,0.1.0,NSE,JAGRAN.NS,up,2025-05-28,C,4,3,48.0,-10.87,Weak,66.51242862108462,67.10311126708984,28,0.2644207941871215,3.6127246900107903,2026-10-08T16:38:03+00:00,replay,Failed,2025-06-02,3.0,-0.0471,0.0012,-0.0653,0.0324,-0.0672,-0.0005,-1.69
911,0.1.0,NSE,PGHL.NS,up,2025-05-28,C,3,6,68.0,2.71,Weak,5355.9087694658,5479.71533203125,43,0.14197008030541358,2.5751718657047244,2026-10-08T16:38:03+00:00,replay,Faded,2025-06-11,10.0,-0.0219,0.0012,0.022,0.0324,0.1092,-0.0005,0.42
1343,0.1.0,NSE,YASHO.NS,up,2025-05-28,C,4,3,66.0,-2.88,Weak,1999.1226613581,2018.4141845703125,65,0.2391573844735424,1.9389487855156826,2026-10-08T16:38:03+00:00,replay,Faded,2025-06-11,10.0,0.0271,0.0012,0.0118,0.0324,-0.1025,-0.0005,0.3
600,0.1.0,NSE,ITI.NS,up,2025-05-27,C,1,4,64.0,-6.63,Weak,294.95001220703125,309.25,65,0.2602547456341404,35.2974838576998,2026-10-08T16:38:03+00:00,replay,Confirmed,2025-06-10,10.0,0.0768,-0.0046,0.0454,0.0211,-0.0493,0.0103,0.61
1086,0.1.0,NSE,SHRIRAMPPS.NS,up,2025-05-27,C,4,2,57.0,-17.78,Weak,86.19000244140625,97.38999938964844,23,0.23040683349753865,23.339695925594523,2026-10-08T16:38:03+00:00,replay,Confirmed,2025-06-10,10.0,-0.0521,-0.0046,0.0638,0.0211,-0.0859,0.0103,0.45
1092,0.1.0,NSE,SIGACHI.NS,up,2025-05-27,C,4,2,47.0,-15.66,Weak,45.99626963060146,46.821720123291016,22,0.2171052026784115,3.766525561771046,2026-10-08T16:38:03+00:00,replay,Confirmed,2025-06-10,10.0,0.1795,-0.0046,0.1924,0.0211,-0.3246,0.0103,4.09
1159,0.1.0,NSE,SUPRAJIT.NS,up,2025-05-27,C,4,1,34.0,-10.43,Weak,428.844654781826,434.0852966308594,59,0.23914296255492817,2.5976988918416892,2026-10-08T16:38:03+00:00,replay,Failed,2025-05-30,3.0,-0.044,-0.0046,0.0581,0.0211,0.0301,0.0103,1.39
1193,0.1.0,NSE,TATACHEM.NS,up,2025-05-27,C,4,1,25.0,-13.86,Weak,864.682558414025,876.6088256835938,65,0.17480162129586319,2.2195157637389578,2026-10-08T16:38:03+00:00,replay,Faded,2025-06-10,10.0,0.0056,-0.0046,0.056,0.0211,0.0676,0.0103,1.3
1289,0.1.0,NSE,V2RETAIL.NS,up,2025-05-26,B,2,8,99.0,36.26,Weak,197.49000549316406,198.75999450683594,22,0.2528706424895746,1.5886322321660626,2026-10-08T16:38:03+00:00,replay,Failed,2025-05-28,2.0,-0.0612,-0.0032,-0.0573,0.0089,-0.1342,0.0036,-1.58
742,0.1.0,NSE,MAITHANALL.NS,up,2025-05-26,C,4,3,51.0,-4.98,Weak,1010.0851710518931,1033.3460693359375,21,0.154273096430112,5.0943859766815915,2026-10-08T16:38:03+00:00,replay,Confirmed,2025-06-09,10.0,0.0532,-0.0032,0.1086,0.0089,0.0284,0.0036,2.09
862,0.1.0,NSE,OLECTRA.NS,up,2025-05-26,C,4,2,34.0,-13.84,Weak,1318.8653515560181,1344.3963623046875,40,0.33324918597473885,1.9373981044906496,2026-10-08T16:38:03+00:00,replay,Failed,2025-05-27,1.0,-0.0758,-0.0032,-0.1386,0.0089,0.1547,0.0036,-2.86
1164,0.1.0,NSE,SUPREMEIND.NS,up,2025-05-26,C,4,2,20.0,-15.96,Weak,3896.707264136641,3974.700439453125,64,0.2785137335768255,2.682860970494086,2026-10-08T16:38:03+00:00,replay,Confirmed,2025-06-09,10.0,0.0421,-0.0032,0.1142,0.0089,0.1553,0.0036,2.33
1190,0.1.0,NSE,TARSONS.NS,up,2025-05-26,C,4,5,75.0,-2.61,Weak,417.45001220703125,442.54998779296875,26,0.20615430466700269,8.650302287187587,2026-10-08T16:38:03+00:00,replay,Failed,2025-05-28,2.0,-0.1269,-0.0032,-0.1325,0.0089,-0.26,0.0036,-1.56
1018,0.1.0,NSE,RPOWER.NS,up,2025-05-23,B,2,8,96.0,34.71,Weak,46.849998474121094,51.900001525878906,20,0.2662161749762457,9.517753002667135,2026-10-08T16:38:03+00:00,replay,Confirmed,2025-06-06,10.0,0.1195,0.0009,0.2062,0.0097,-0.0349,0.0156,1.66
254,0.1.0,NSE,CLEAN.NS,up,2025-05-23,C,4,3,56.0,0.68,Weak,1405.1943757481126,1418.1068115234375,65,0.2835193954848185,13.684200811593556,2026-10-08T16:38:03+00:00,replay,Confirmed,2025-06-06,10.0,0.0809,0.0009,0.0007,0.0097,-0.1983,0.0156,0.02
1097,0.1.0,NSE,SIRCA.NS,up,2025-05-23,C,4,4,44.0,-1.75,Weak,308.7249135693267,312.4344177246094,21,0.22906227885611075,2.997283788833425,2026-10-08T16:38:03+00:00,replay,Confirmed,2025-06-06,10.0,0.1081,0.0009,0.1956,0.0097,0.4417,0.0156,4.71
18,0.1.0,NSE,ABFRL.NS,down,2025-05-22,B,4,0,1.0,-7.51,Weak,231.3000030517578,89.8499984741211,51,0.2784263221166612,11.569918791513825,2026-10-08T16:38:03+00:00,replay,Confirmed,2025-06-05,10.0,-0.0262,0.0118,-0.1802,0.0197,-0.1513,0.0243,0.11
963,0.1.0,NSE,PTCIL.NS,up,2025-05-22,C,3,6,92.0,5.7,Weak,15180.0,15635.0,34,0.27541589648798515,4.254987666075215,2026-10-08T16:38:03+00:00,replay,Faded,2025-06-05,10.0,-0.023,0.0118,-0.1004,0.0197,-0.1263,0.0243,-1.72
979,0.1.0,NSE,RAMCOSYS.NS,up,2025-05-22,C,1,6,83.0,-1.95,Weak,429.8999938964844,440.25,19,0.23694435044138307,20.97721718329283,2026-10-08T16:38:03+00:00,replay,Faded,2025-06-05,10.0,-0.0261,0.0118,-0.127,0.0197,-0.0237,0.0243,-2.4
1027,0.1.0,NSE,SAGCEM.NS,up,2025-05-22,C,1,5,74.0,2.17,Weak,234.17999267578125,237.2899932861328,17,0.16850450774207837,2.7209365727991126,2026-10-08T16:38:03+00:00,replay,Failed,2025-06-04,9.0,0.0214,0.0118,-0.0359,0.0197,0.031,0.0243,-0.84
834,0.1.0,NSE,NEWGEN.NS,up,2025-05-20,C,4,6,89.0,-0.69,Weak,1164.5930712940094,1313.3408203125,17,0.22346862706416504,10.888411056733379,2026-10-08T16:38:03+00:00,replay,Confirmed,2025-06-03,10.0,-0.0611,0.0102,-0.0954,0.015,-0.3325,0.0153,-0.68
1226,0.1.0,NSE,THOMASCOOK.NS,up,2025-05-20,C,4,2,32.0,-26.19,Weak,152.95041065149576,154.63827514648438,17,0.22749000520248797,4.80971023610384,2026-10-08T16:38:03+00:00,replay,Confirmed,2025-06-03,10.0,0.0209,0.0102,0.0564,0.015,0.0471,0.0153,1.39
1,0.1.0,NSE,20MICRONS.NS,up,2025-05-19,C,4,4,80.0,-7.73,Weak,233.1107225019716,238.05789184570312,16,0.1663367491953598,2.896976137418019,2026-10-08T16:38:03+00:00,replay,Failed,2025-05-30,9.0,-0.016,0.0019,-0.015,0.0051,-0.0454,-0.0081,-0.3
77,0.1.0,NSE,APLLTD.NS,up,2025-05-19,C,4,4,63.0,-10.75,Weak,953.9973651446445,1002.4305419921875,36,0.2641399772753388,13.5128021609555,2026-10-08T16:38:03+00:00,replay,Faded,2025-06-02,10.0,-0.0381,0.0019,-0.0578,0.0051,-0.0594,-0.0081,-0.75
166,0.1.0,NSE,BASF.NS,up,2025-05-19,C,4,2,40.0,-19.93,Weak,4796.537251409048,4850.8544921875,43,0.18563453731293822,4.993730477836714,2026-10-08T16:38:03+00:00,replay,Confirmed,2025-06-02,10.0,0.0883,0.0019,0.0367,0.0051,-0.0733,-0.0081,0.9
459,0.1.0,NSE,GRAPHITE.NS,up,2025-05-19,C,4,5,72.0,-7.5,Weak,509.5703870809287,551.5007934570312,34,0.27737228431350447,16.247103729528398,2026-10-08T16:38:03+00:00,replay,Confirmed,2025-06-02,10.0,-0.0551,0.0019,-0.0529,0.0051,-0.0414,-0.0081,-0.51
531,0.1.0,NSE,IDBI.NS,up,2025-05-19,C,4,4,66.0,1.06,Weak,86.27427752130754,87.76244354248047,18,0.17493330929766482,3.410568871898523,2026-10-08T16:38:03+00:00,replay,Confirmed,2025-06-02,10.0,0.0268,0.0019,0.0317,0.0051,-0.0047,-0.0081,0.68
675,0.1.0,NSE,KITEX.NS,up,2025-05-19,C,2,7,99.0,56.17,Weak,274.4178319885127,287.9053649902344,18,0.22799980322936753,2.22149742442431,2026-10-08T16:38:03+00:00,replay,Confirmed,2025-06-02,10.0,-0.0331,0.0019,-0.1193,0.0051,-0.4091,-0.0081,-1.58
739,0.1.0,NSE,MAHSCOOTER.NS,up,2025-05-19,C,3,8,97.0,24.27,Weak,12398.2660494613,13350.4091796875,17,0.2165715681489635,6.020742552620769,2026-10-08T16:38:03+00:00,replay,Confirmed,2025-06-02,10.0,0.0097,0.0019,0.0577,0.0051,0.1527,-0.0081,0.58
1146,0.1.0,NSE,SUBROS.NS,up,2025-05-19,C,4,4,69.0,-0.69,Weak,680.9652444463904,691.98779296875,65,0.32384154140595545,2.5321287928792797,2026-10-08T16:38:03+00:00,replay,Faded,2025-06-02,10.0,0.1228,0.0019,0.4549,0.0051,0.1454,-0.0081,10.01
1308,0.1.0,NSE,VINATIORGA.NS,up,2025-05-19,C,4,4,56.0,-4.24,Weak,1778.0894059010404,1844.0509033203125,65,0.2729202804387081,2.377614285455364,2026-10-08T16:38:03+00:00,replay,Confirmed,2025-06-02,10.0,-0.0204,0.0019,0.0256,0.0051,-0.1037,-0.0081,0.4
198,0.1.0,NSE,BLKASHYAP.NS,up,2025-05-16,C,4,2,53.0,-10.13,Weak,68.38999938964844,72.4000015258789,18,0.13793679078206633,1.9887939933124092,2026-10-08T16:38:03+00:00,replay,Confirmed,2025-05-30,10.0,0.0166,-0.0039,-0.042,0.0098,-0.0496,-0.0076,-0.5
257,0.1.0,NSE,CLSEL.NS,up,2025-05-16,C,2,7,88.0,17.38,Weak,338.44073887780263,347.5149230957031,16,0.16632858260735817,6.340977879747135,2026-10-08T16:38:03+00:00,replay,Failed,2025-05-29,9.0,0.0367,-0.0039,-0.048,0.0098,-0.1723,-0.0076,-0.87
417,0.1.0,NSE,GESHIP.NS,up,2025-05-16,C,4,1,42.0,-11.79,Weak,927.4750021886541,935.5869140625,65,0.21630102973205068,6.5695624960611845,2026-10-08T16:38:03+00:00,replay,Failed,2025-05-20,2.0,-0.0508,-0.0039,0.0333,0.0098,-0.0066,-0.0076,0.87
430,0.1.0,NSE,GMDCLTD.NS,up,2025-05-16,C,4,4,60.0,3.07,Weak,324.631246009578,342.194580078125,17,0.1642151357377677,3.5129819555063624,2026-10-08T16:38:03+00:00,replay,Confirmed,2025-05-30,10.0,-0.0007,-0.0039,0.1671,0.0098,0.1719,-0.0076,2.09
594,0.1.0,NSE,IRCTC.NS,up,2025-05-16,C,4,1,44.0,-6.55,Weak,782.3156002698594,796.8783569335938,64,0.21076942483020034,2.531664347803543,2026-10-08T16:38:03+00:00,replay,Failed,2025-05-30,10.0,-0.0321,-0.0039,-0.0481,0.0098,-0.101,-0.0076,-1.01
647,0.1.0,NSE,JWL.NS,up,2025-05-16,C,4,2,56.0,-15.1,Weak,400.01134406291465,421.0094299316406,17,0.22555011365413602,3.082079171378689,2026-10-08T16:38:03+00:00,replay,Faded,2025-05-30,10.0,-0.0597,-0.0039,-0.0706,0.0098,-0.2476,-0.0076,-0.9
705,0.1.0,NSE,LICI.NS,up,2025-05-16,C,4,1,41.0,-9.6,Weak,409.25286161853035,413.20654296875,64,0.1866349425230469,1.818431764998828,2026-10-08T16:38:03+00:00,replay,Faded,2025-05-30,10.0,0.0038,-0.0039,0.1078,0.0098,0.0493,-0.0076,2.74
851,0.1.0,NSE,NUCLEUS.NS,up,2025-05-16,C,4,4,72.0,2.56,Weak,972.0965489185181,1154.3038330078125,19,0.17363722693747263,6.400311989980513,2026-10-08T16:38:03+00:00,replay,Confirmed,2025-05-30,10.0,0.0598,-0.0039,-0.0008,0.0098,-0.1488,-0.0076,0.0
1007,0.1.0,NSE,RITES.NS,up,2025-05-16,C,4,3,63.0,-2.52,Weak,246.65438157822504,272.7940979003906,34,0.28187529214238327,16.98631680677661,2026-10-08T16:38:03+00:00,replay,Confirmed,2025-05-30,10.0,-0.0467,-0.0039,0.0042,0.0098,-0.1229,-0.0076,0.03
1101,0.1.0,NSE,SJVN.NS,up,2025-05-16,C,4,1,40.0,-10.4,Weak,99.36387202885192,101.7264175415039,15,0.18005797594883743,3.5269695533099403,2026-10-08T16:38:03+00:00,replay,Failed,2025-05-30,10.0,-0.0369,-0.0039,-0.0482,0.0098,-0.1032,-0.0076,-0.92
498,0.1.0,NSE,HDFCAMC.NS,up,2025-05-15,C,1,6,83.0,6.28,Weak,2221.317050723421,2258.4912109375,15,0.1077844246885542,2.497067518666541,2026-10-08T16:38:03+00:00,replay,Confirmed,2025-05-29,10.0,0.0175,-0.0085,0.0766,0.0052,0.1842,-0.0097,1.67
998,0.1.0,NSE,REMSONSIND.NS,up,2025-05-15,C,4,2,36.0,-27.08,Weak,134.9322089163497,136.07569885253906,27,0.33418548990399777,13.109268946054984,2026-10-08T16:38:03+00:00,replay,Confirmed,2025-05-29,10.0,0.0938,-0.0085,-0.0062,0.0052,-0.1027,-0.0097,-0.16
1038,0.1.0,NSE,SANGHVIMOV.NS,up,2025-05-15,C,4,2,38.0,-28.83,Weak,318.77466965847395,326.7972717285156,16,0.2781970249436516,2.533079440457523,2026-10-08T16:38:03+00:00,replay,Failed,2025-05-23,6.0,-0.0199,-0.0085,-0.118,0.0052,-0.0067,-0.0097,-2.19
1088,0.1.0,NSE,SHYAMMETL.NS,up,2025-05-15,C,3,8,90.0,13.68,Weak,916.1053611730302,928.8455200195312,26,0.2402685046087829,2.7525050098313586,2026-10-08T16:38:03+00:00,replay,Failed,2025-05-26,7.0,-0.0352,-0.0085,-0.1072,0.0052,0.0151,-0.0097,-2.48
1123,0.1.0,NSE,SOUTHBANK.NS,up,2025-05-15,C,1,4,73.0,-1.15,Weak,26.330110374244203,27.111709594726562,16,0.1323529338549334,4.244451907430905,2026-10-08T16:38:03+00:00,replay,Confirmed,2025-05-29,10.0,0.0274,-0.0085,0.0868,0.0052,0.076,-0.0097,1.5
1300,0.1.0,NSE,VEEDOL.NS,up,2025-05-15,C,4,1,37.0,-16.91,Weak,1547.6086350496714,1556.6739501953125,62,0.2466439010616046,1.9435423243678198,2026-10-08T16:38:03+00:00,replay,Confirmed,2025-05-29,10.0,0.0337,-0.0085,0.0277,0.0052,0.0072,-0.0097,0.78
494,0.1.0,NSE,HCG.NS,up,2025-05-14,B,2,8,95.0,24.01,Weak,601.9500122070312,626.1500244140625,16,0.12925621609961002,1.9989994802762303,2026-10-08T16:38:03+00:00,replay,Failed,2025-05-26,8.0,-0.0316,0.0103,-0.1296,0.0243,0.0406,0.006,-1.92
234,0.1.0,NSE,CEMPRO.NS,up,2025-05-14,C,3,8,91.0,3.37,Weak,567.0477054447273,624.7523803710938,22,0.19586659770748782,11.310019061128042,2026-10-08T16:38:03+00:00,replay,Confirmed,2025-05-28,10.0,0.048,0.0103,0.2136,0.0243,0.2265,0.006,1.79
679,0.1.0,NSE,KOLTEPATIL.NS,up,2025-05-14,C,4,4,70.0,-7.84,Weak,360.0,363.6499938964844,36,0.1560693868210905,2.0428874079462314,2026-10-08T16:38:03+00:00,replay,Confirmed,2025-05-28,10.0,0.0799,0.0103,0.2548,0.0243,0.1237,0.006,6.41
708,0.1.0,NSE,LINDEINDIA.NS,up,2025-05-14,C,4,2,48.0,-13.22,Weak,6626.417248507051,6809.7646484375,15,0.14655171386777543,2.7138763283220437,2026-10-08T16:38:03+00:00,replay,Confirmed,2025-05-28,10.0,0.0457,0.0103,0.0523,0.0243,-0.0882,0.006,0.93
1112,0.1.0,NSE,SOLARA.NS,up,2025-05-14,C,4,2,55.0,-16.01,Weak,562.25,575.5999755859375,60,0.2697606492773441,1.6509297903502687,2026-10-08T16:38:03+00:00,replay,Failed,2025-05-15,1.0,-0.1683,0.0103,-0.1158,0.0243,0.0303,0.006,-2.21
1213,0.1.0,NSE,TECHNOE.NS,up,2025-05-14,C,4,2,50.0,-17.94,Weak,1152.4107058292816,1177.868408203125,16,0.15576454796028494,1.876684136587444,2026-10-08T16:38:03+00:00,replay,Confirmed,2025-05-28,10.0,0.0374,0.0103,0.227,0.0243,0.1713,0.006,4.45
1281,0.1.0,NSE,UNIONBANK.NS,up,2025-05-14,C,1,6,77.0,2.13,Weak,124.84966591701227,126.76622772216797,25,0.18103453352715126,1.7240413384986615,2026-10-08T16:38:03+00:00,replay,Faded,2025-05-28,10.0,0.0336,0.0103,0.1154,0.0243,0.0327,0.006,2.58
1328,0.1.0,NSE,WHEELS.NS,up,2025-05-13,C,4,5,72.0,-6.81,Weak,701.7638080715218,705.6815795898438,15,0.13003714238508435,1.909172987156153,2026-10-08T16:38:03+00:00,replay,Confirmed,2025-05-27,10.0,0.0217,0.0106,0.0589,0.0442,0.014,0.0042,1.67
405,0.1.0,NSE,GABRIEL.NS,up,2025-05-12,C,3,7,96.0,21.47,Weak,603.9987312408651,611.5512084960938,30,0.30709677617030073,2.221296300163494,2026-10-08T16:38:03+00:00,replay,Confirmed,2025-05-26,10.0,0.0256,0.0157,0.0466,0.0368,0.6493,0.0081,1.11
765,0.1.0,NSE,MAYURUNIQ.NS,up,2025-05-12,C,4,4,67.0,-4.38,Weak,551.6025558857275,565.712158203125,61,0.2721088270111398,3.5979652626082737,2026-10-08T16:38:03+00:00,replay,Confirmed,2025-05-26,10.0,0.0365,0.0157,0.0273,0.0368,-0.1066,0.0081,0.5
817,0.1.0,NSE,NDRAUTO.NS,up,2025-05-12,C,4,7,97.0,14.06,Weak,804.0849580127312,877.9417114257812,57,0.47005426060569233,15.930782772982953,2026-10-08T16:38:03+00:00,replay,Confirmed,2025-05-26,10.0,0.0026,0.0157,0.1249,0.0368,0.1013,0.0081,1.12
1131,0.1.0,NSE,SPLPETRO.NS,up,2025-05-09,C,4,4,73.0,-0.02,Weak,669.2442313780285,686.4393310546875,58,0.32226633303132113,4.198566304511408,2026-10-08T16:38:03+00:00,replay,Confirmed,2025-05-23,10.0,-0.0097,0.0551,0.0337,0.0764,0.1485,0.0457,0.62
1348,0.1.0,NSE,YESBANK.NS,up,2025-05-09,C,4,1,55.0,-1.21,Weak,19.559999465942383,20.020000457763672,58,0.22097371454587833,7.564222099658043,2026-10-08T16:38:03+00:00,replay,Confirmed,2025-05-23,10.0,0.0764,0.0551,0.05,0.0764,-0.0644,0.0457,0.96
612,0.1.0,NSE,JINDALSAW.NS,down,2025-05-08,B,4,0,21.0,-13.24,Weak,213.67729438421946,205.91168212890625,65,0.3158741056466372,1.7610363570645218,2026-10-08T16:38:03+00:00,replay,Faded,2025-05-22,10.0,0.028,0.0433,0.0483,0.0605,0.0174,0.0437,-0.7
752,0.1.0,NSE,MANYAVAR.NS,down,2025-05-06,B,4,0,9.0,-28.84,Weak,721.7642640164349,717.9115600585938,17,0.11297289462817672,3.490908815050196,2026-10-08T16:38:03+00:00,replay,Faded,2025-05-20,10.0,-0.0013,0.0179,0.0581,0.0388,0.0087,0.0327,-1.64
230,0.1.0,NSE,CCL.NS,up,2025-05-06,C,4,6,85.0,-6.38,Weak,682.1525194340181,686.6513671875,56,0.31409528927278396,111.57406986441612,2026-10-08T16:38:03+00:00,replay,Confirmed,2025-05-20,10.0,0.0366,0.0179,0.281,0.0388,0.2875,0.0327,7.73
1035,0.1.0,NSE,SANDUMA.NS,up,2025-05-05,C,4,5,83.0,1.98,Weak,165.79228833295468,167.3508758544922,31,0.32507286395631896,2.447217981117152,2026-10-08T16:38:03+00:00,replay,Failed,2025-05-06,1.0,0.0379,0.0142,-0.092,0.0233,-0.1059,0.0324,-2.36
289,0.1.0,NSE,CUPID.NS,up,2025-05-02,C,4,4,71.0,1.11,Weak,16.097999572753906,16.253999710083008,53,0.4437668272203805,1.9431264048764414,2026-10-08T16:38:03+00:00,replay,Confirmed,2025-05-16,10.0,0.0352,-0.015,0.3368,0.0376,0.8503,0.0467,8.57
261,0.1.0,NSE,COCHINSHIP.NS,up,2025-04-29,C,4,3,80.0,-14.92,Weak,1566.6127507022097,1640.6572265625,64,0.3369138631126718,9.186241997700392,2026-10-08T16:38:03+00:00,replay,Failed,2025-05-06,4.0,-0.1179,-0.0018,0.1978,0.0339,0.0611,0.0332,2.68
478,0.1.0,NSE,HAL.NS,up,2025-04-29,C,4,5,83.0,-1.6,Weak,4384.6411482576605,4546.76025390625,17,0.16356913252181582,2.320986461719401,2026-10-08T16:38:03+00:00,replay,Faded,2025-05-14,10.0,-0.0302,-0.0018,0.0849,0.0339,-0.0223,0.0332,1.31
995,0.1.0,NSE,RELIANCE.NS,up,2025-04-28,C,4,3,66.0,-3.0,Weak,1314.6467509950228,1357.080322265625,65,0.18939765899927585,2.4593452066809007,2026-10-08T16:38:03+00:00,replay,Confirmed,2025-05-13,10.0,0.0381,-0.0066,0.0322,0.0307,0.0167,0.0413,0.53
1181,0.1.0,NSE,SYNGENE.NS,down,2025-04-25,B,4,1,28.0,-18.34,Weak,633.2759874042745,627.1055297851562,32,0.19440522794533144,3.9470477607030743,2026-10-08T16:38:03+00:00,replay,Confirmed,2025-05-12,10.0,-0.0014,0.0159,0.0382,0.0443,0.065,0.0665,-0.95
374,0.1.0,NSE,ERIS.NS,up,2025-04-24,C,3,7,94.0,15.68,Weak,1490.99890186277,1503.9295654296875,21,0.3662049314233782,1.8295877557422302,2026-10-08T16:38:03+00:00,replay,Failed,2025-04-30,4.0,-0.0146,-0.0079,0.0194,0.0328,0.1695,0.0563,0.51
1168,0.1.0,NSE,SUVEN.NS,up,2025-04-24,C,4,6,79.0,2.96,Weak,140.35000610351562,141.1999969482422,62,0.36926835222942067,3.840874310285592,2026-10-08T16:38:03+00:00,replay,Failed,2025-04-25,1.0,-0.1331,-0.0079,0.5161,0.0328,1.02,0.0563,14.4
1047,0.1.0,NSE,SARLAPOLY.NS,up,2025-04-23,C,4,5,86.0,6.83,Weak,94.61849838835457,96.4057388305664,62,0.44104800763578056,3.9650171624797665,2026-10-08T16:38:03+00:00,replay,Faded,2025-05-08,10.0,0.045,-0.0093,0.0817,0.0244,0.2412,0.0487,1.7
1108,0.1.0,NSE,SMSPHARMA.NS,up,2025-04-23,C,4,3,65.0,-11.44,Weak,232.34177345729975,240.15435791015625,64,0.3226924044585424,7.237250285981616,2026-10-08T16:38:03+00:00,replay,Confirmed,2025-05-08,10.0,-0.0208,-0.0093,0.0892,0.0244,0.0117,0.0487,1.45
1318,0.1.0,NSE,VSSL.NS,up,2025-04-23,C,4,2,62.0,-18.27,Weak,236.03557623107835,243.81202697753906,52,0.3539325455557416,5.861896598239969,2026-10-08T16:38:03+00:00,replay,Failed,2025-05-06,8.0,-0.0324,-0.0093,0.0683,0.0244,0.0505,0.0487,1.12
1059,0.1.0,NSE,SDBL.NS,up,2025-04-22,B,2,8,92.0,13.33,Weak,133.89999389648438,142.35000610351562,17,0.23171736752971483,7.9689074424217425,2026-10-08T16:38:03+00:00,replay,Failed,2025-05-07,10.0,-0.0431,0.0012,0.0303,0.0231,0.1447,0.0586,0.35
1070,0.1.0,NSE,SHANKARA.NS,up,2025-04-22,C,1,5,74.0,2.21,Weak,655.1884929851876,662.7176513671875,44,0.382575778119437,2.4728645161435954,2026-10-08T16:38:03+00:00,replay,Failed,2025-04-25,3.0,-0.0771,0.0012,0.1714,0.0231,0.5913,0.0586,4.18
609,0.1.0,NSE,JASH.NS,up,2025-04-21,B,2,8,96.0,25.91,Weak,660.2269668014103,678.9642944335938,58,0.3407259477280977,5.656357060683458,2026-10-08T16:38:03+00:00,replay,Failed,2025-04-25,4.0,-0.0939,0.0044,-0.1919,0.0329,-0.1051,0.0577,-3.38
87,0.1.0,NSE,APTUS.NS,up,2025-04-21,C,1,5,76.0,3.82,Weak,323.9060875185874,326.3473815917969,44,0.18443128345774173,4.302651899639661,2026-10-08T16:38:03+00:00,replay,Failed,2025-04-30,7.0,-0.0224,0.0044,-0.0038,0.0329,0.0576,0.0577,-0.1
91,0.1.0,NSE,ARMANFIN.NS,up,2025-04-21,C,4,4,73.0,-6.74,Weak,1520.0,1649.699951171875,45,0.36936936936936937,5.182433817811839,2026-10-08T16:38:03+00:00,replay,Failed,2025-05-06,10.0,-0.0286,0.0044,-0.0818,0.0329,-0.0172,0.0577,-0.77
285,0.1.0,NSE,CSLFINANCE.NS,up,2025-04-21,C,4,2,48.0,-19.5,Weak,298.2470266066012,325.3819885253906,65,0.382062045242457,11.410250231338681,2026-10-08T16:38:03+00:00,replay,Failed,2025-05-06,10.0,-0.0736,0.0044,-0.0866,0.0329,-0.07,0.0577,-0.78
535,0.1.0,NSE,IDFCFIRSTB.NS,up,2025-04-21,C,4,2,54.0,-6.47,Weak,64.27021228149472,66.22803497314453,59,0.23274872123996704,2.3460896143631933,2026-10-08T16:38:03+00:00,replay,Confirmed,2025-05-06,10.0,-0.0021,0.0044,0.0005,0.0329,0.1004,0.0577,0.01
1071,0.1.0,NSE,SHANTIGEAR.NS,up,2025-04-21,C,4,3,60.0,-8.2,Weak,516.0315390688572,520.7940673828125,50,0.31282119170203093,4.456540404960268,2026-10-08T16:38:03+00:00,replay,Failed,2025-04-24,3.0,-0.0548,0.0044,-0.0799,0.0329,-0.0185,0.0577,-2.06
527,0.1.0,NSE,ICEMAKE.NS,up,2025-04-17,B,1,7,96.0,37.24,Weak,963.7443488771315,1006.5796508789062,16,0.4553504363313363,8.150659180212566,2026-10-08T16:38:03+00:00,replay,Failed,2025-05-02,9.0,-0.0146,0.0077,-0.1705,0.0417,-0.1924,0.0802,-2.39
301,0.1.0,NSE,DCBBANK.NS,up,2025-04-17,C,4,4,77.0,6.21,Weak,122.65369288392685,124.77569580078125,43,0.23114091648177393,1.506308957299174,2026-10-08T16:38:03+00:00,replay,Confirmed,2025-05-05,10.0,0.0002,0.0077,0.0903,0.0417,0.1755,0.0802,1.94
528,0.1.0,NSE,ICICIBANK.NS,up,2025-04-17,C,3,8,87.0,16.47,Weak,1351.0965951268047,1384.2587890625,15,0.08537554325102592,1.5449837135457565,2026-10-08T16:38:03+00:00,replay,Confirmed,2025-05-05,10.0,-0.0014,0.0077,0.0224,0.0417,0.0085,0.0802,0.42
630,0.1.0,NSE,JSFB.NS,up,2025-04-17,C,4,4,76.0,-1.04,Weak,491.0,501.75,24,0.24936386768447827,2.137494703824969,2026-10-08T16:38:03+00:00,replay,Confirmed,2025-05-05,10.0,0.0003,0.0077,-0.0175,0.0417,-0.0112,0.0802,-0.35
1274,0.1.0,NSE,UJJIVANSFB.NS,up,2025-04-17,C,4,5,77.0,6.84,Weak,41.0,42.099998474121094,43,0.32686085780444163,3.515035455521472,2026-10-08T16:38:03+00:00,replay,Confirmed,2025-05-05,10.0,0.0473,0.0077,0.0584,0.0417,0.166,0.0802,1.06
367,0.1.0,NSE,ENGINERSIN.NS,up,2025-04-16,C,4,1,56.0,-16.13,Weak,176.23750678913515,178.17674255371094,65,0.2779216044706776,4.7926292279375176,2026-10-08T16:38:03+00:00,replay,Faded,2025-05-02,10.0,-0.0045,0.0363,0.0458,0.0683,0.3422,0.0966,1.13
518,0.1.0,NSE,HNDFDS.NS,up,2025-04-16,C,1,6,83.0,11.17,Weak,592.9000244140625,598.5,41,0.40664299979611496,1.5375927132546752,2026-10-08T16:38:03+00:00,replay,Failed,2025-04-21,2.0,-0.0736,0.0363,-0.1107,0.0683,-0.0465,0.0966,-2.83
557,0.1.0,NSE,INDIANB.NS,up,2025-04-16,C,1,4,82.0,6.14,Weak,535.890296127498,542.4302978515625,48,0.1742677041730658,2.728946768233556,2026-10-08T16:38:03+00:00,replay,Faded,2025-05-02,10.0,0.0104,0.0363,0.0763,0.0683,0.158,0.0966,1.83
1151,0.1.0,NSE,SUNDARMFIN.NS,up,2025-04-16,C,1,7,85.0,8.5,Weak,5010.701694515867,5115.79736328125,15,0.17292469829592405,2.0072096731507987,2026-10-08T16:38:03+00:00,replay,Confirmed,2025-05-02,10.0,0.019,0.0363,-0.0165,0.0683,-0.0232,0.0966,-0.33
1254,0.1.0,NSE,TSFINV.NS,up,2025-04-16,C,3,7,93.0,13.12,Weak,325.3253801330081,335.6192321777344,15,0.16319446768591495,3.4263042215969493,2026-10-08T16:38:03+00:00,replay,Faded,2025-05-02,10.0,0.0448,0.0363,0.0341,0.0683,0.4737,0.0966,0.57
1217,0.1.0,NSE,TEMBO.NS,down,2025-04-16,W,2,4,88.0,13.72,Weak,47.13754976862957,44.91643142700195,18,0.22628119825063475,2.4144307484576095,2026-10-08T16:38:03+00:00,replay,Confirmed,2025-05-02,10.0,-0.0074,0.0363,0.1106,0.0683,0.1425,0.0966,-1.37
314,0.1.0,NSE,DIAMONDYD.NS,up,2025-04-15,B,2,8,90.0,25.64,Weak,1193.8561586530145,1252.1004638671875,63,0.2691163876421263,4.271660191883877,2026-10-08T16:38:03+00:00,replay,Confirmed,2025-04-30,10.0,-0.0303,0.045,-0.0666,0.0748,-0.1277,0.102,-0.89
493,0.1.0,NSE,HCG.NS,up,2025-04-15,B,2,8,95.0,29.86,Weak,567.7000122070312,574.6500244140625,45,0.20135441090255446,6.105017195468588,2026-10-08T16:38:03+00:00,replay,Failed,2025-04-29,9.0,0.0016,0.045,0.0331,0.0748,-0.0082,0.102,0.79
852,0.1.0,NSE,NYKAA.NS,up,2025-04-15,C,4,5,80.0,7.63,Weak,184.36000061035156,185.86000061035156,45,0.19018726839688926,1.899114624182657,2026-10-08T16:38:03+00:00,replay,Confirmed,2025-04-30,10.0,0.0381,0.045,0.0858,0.0748,0.1625,0.102,2.27
445,0.1.0,NSE,GODREJCP.NS,up,2025-04-09,C,4,3,81.0,-1.46,Weak,1176.908919225445,1208.9693603515625,44,0.23471604418120862,2.6314588068434075,2026-10-08T16:38:03+00:00,replay,Confirmed,2025-04-28,10.0,-0.0233,0.081,0.0359,0.1053,0.0384,0.1437,0.64
415,0.1.0,NSE,GENESYS.NS,down,2025-04-07,A,3,3,35.0,-8.73,Weak,600.0,550.0499877929688,22,0.3315000406901041,2.7656915882209567,2026-10-08T16:38:03+00:00,replay,Failed,2025-04-11,3.0,0.2244,0.0646,0.2629,0.1197,0.1403,0.1717,-2.13
1352,0.1.0,NSE,ZAGGLE.NS,down,2025-04-07,A,3,3,41.0,-6.16,Weak,316.95001220703125,307.79998779296875,29,0.19372138044398612,1.8594503533947786,2026-10-08T16:38:03+00:00,replay,Failed,2025-04-15,4.0,0.0822,0.0646,0.1912,0.1197,0.3679,0.1717,-3.15
377,0.1.0,NSE,EVEREADY.NS,down,2025-04-07,B,4,0,30.0,-14.24,Weak,276.0426132574862,272.6786804199219,22,0.1433691953538867,2.2968521448270827,2026-10-08T16:38:03+00:00,replay,Failed,2025-04-15,4.0,0.0958,0.0646,0.139,0.1197,0.2694,0.1717,-3.25
618,0.1.0,NSE,JINDRILL.NS,down,2025-04-07,W,2,5,83.0,18.68,Weak,694.7293238091739,689.4465942382812,55,0.42087513958485,1.6623560661675976,2026-10-08T16:38:03+00:00,replay,Failed,2025-04-15,4.0,0.1093,0.0646,-0.1034,0.1197,-0.1285,0.1717,2.73
684,0.1.0,NSE,KPITTECH.NS,down,2025-04-04,B,4,0,26.0,-20.09,Weak,1124.6348325240328,1116.463134765625,21,0.23785343777944745,2.018070150997218,2026-10-08T16:38:03+00:00,replay,Failed,2025-04-23,10.0,0.0157,0.0228,0.0972,0.0418,0.1211,0.133,-2.59
1192,0.1.0,NSE,TASTYBITE.NS,down,2025-04-04,B,4,1,23.0,-21.38,Weak,8091.711276903788,7994.2333984375,15,0.11085735362541849,2.202545185540627,2026-10-08T16:38:03+00:00,replay,Failed,2025-04-21,8.0,0.0359,0.0228,0.1125,0.0418,0.4555,0.133,-2.64
264,0.1.0,NSE,COFORGE.NS,down,2025-04-04,W,2,3,66.0,0.83,Weak,1403.158166414638,1306.245849609375,22,0.16227463485916926,3.6628452852473803,2026-10-08T16:38:03+00:00,replay,Failed,2025-04-23,10.0,-0.0215,0.0228,0.1653,0.0418,0.4788,0.133,-1.55
451,0.1.0,NSE,GOLDIAM.NS,down,2025-04-04,W,2,5,93.0,6.77,Weak,251.91527227808174,228.40267944335938,21,0.2724860702079581,2.1066445480285947,2026-10-08T16:38:03+00:00,replay,Failed,2025-04-15,5.0,0.2402,0.0228,0.1343,0.0418,0.126,0.133,-0.99
912,0.1.0,NSE,PGIL.NS,down,2025-04-04,W,2,5,93.0,9.42,Weak,580.9471838193645,522.2928466796875,45,0.3580613921072995,5.623802752125976,2026-10-08T16:38:03+00:00,replay,Confirmed,2025-04-23,10.0,0.0497,0.0228,0.0033,0.0418,0.4234,0.133,-0.02
431,0.1.0,NSE,GMRAIRPORT.NS,up,2025-04-03,C,4,2,68.0,-7.11,Weak,79.91999816894531,82.69999694824219,61,0.17963096928332556,1.949043766138408,2026-10-08T16:38:03+00:00,replay,Confirmed,2025-04-22,10.0,0.0365,-0.0231,0.0256,0.0282,0.0891,0.1086,0.41
932,0.1.0,NSE,POKARNA.NS,down,2025-04-03,W,2,5,91.0,42.57,Weak,968.8110180992903,953.3316040039062,44,0.4963921555574591,6.602062135684211,2026-10-08T16:38:03+00:00,replay,Faded,2025-04-22,10.0,-0.1302,-0.0231,-0.0552,0.0282,0.0932,0.1086,1.18
1294,0.1.0,NSE,VALIANTORG.NS,up,2025-04-02,C,4,2,61.0,-26.08,Weak,320.3999938964844,335.8999938964844,50,0.41114287421280804,11.112275946454039,2026-10-08T16:38:03+00:00,replay,Confirmed,2025-04-21,10.0,0.0609,-0.0427,-0.0822,0.0379,0.2651,0.108,-1.1
958,0.1.0,NSE,PSB.NS,down,2025-04-01,B,4,0,11.0,-16.01,Weak,36.32307892569371,34.231483459472656,17,0.3652338151171375,15.741752407742354,2026-10-08T16:38:03+00:00,replay,Confirmed,2025-04-17,10.0,-0.2418,-0.028,-0.2071,0.042,-0.0585,0.1163,2.23
1268,0.1.0,NSE,UCOBANK.NS,down,2025-04-01,B,4,0,11.0,-22.9,Weak,33.02099300994857,30.292713165283203,18,0.1396648317498832,9.091373011788692,2026-10-08T16:38:03+00:00,replay,Confirmed,2025-04-17,10.0,-0.074,-0.028,-0.0147,0.042,0.0517,0.1163,0.12
585,0.1.0,NSE,IOB.NS,down,2025-03-28,B,4,0,20.0,-28.81,Weak,40.52000045776367,38.970001220703125,16,0.11426458578008525,6.956680706597427,2026-10-08T16:38:03+00:00,replay,Confirmed,2025-04-16,10.0,-0.1062,-0.0578,-0.0359,0.0401,0.0228,0.1035,0.51
1263,0.1.0,NSE,TVSSCS.NS,down,2025-03-28,B,4,0,16.0,-28.0,Weak,125.30000305175781,120.75,29,0.24700715238975413,2.98541244997802,2026-10-08T16:38:03+00:00,replay,Faded,2025-04-16,10.0,-0.0673,-0.0578,-0.0334,0.0401,0.1114,0.1035,0.49
1149,0.1.0,NSE,SUMICHEM.NS,up,2025-03-28,C,3,7,88.0,16.46,Weak,550.251194452056,556.8717041015625,62,0.2386822516646674,2.875154878677786,2026-10-08T16:38:03+00:00,replay,Faded,2025-04-16,10.0,-0.0378,-0.0578,-0.0807,0.0401,-0.0604,0.1035,-1.94
839,0.1.0,NSE,NIITMTS.NS,down,2025-03-27,B,4,1,45.0,-2.4,Weak,390.9314194079502,386.28851318359375,15,0.13514185452083693,5.317534123177257,2026-10-08T16:38:03+00:00,replay,Failed,2025-03-28,1.0,-0.0485,-0.0281,-0.0412,0.0279,-0.1593,0.1031,0.97
884,0.1.0,NSE,PARACABLES.NS,down,2025-03-26,B,4,0,10.0,-22.94,Weak,49.970001220703125,49.56999969482422,15,0.16569939117524735,1.6809343591769337,2026-10-08T16:38:03+00:00,replay,Failed,2025-04-03,5.0,0.0462,-0.0015,-0.0236,0.0355,0.1567,0.1101,0.62
1306,0.1.0,NSE,VIKASLIFE.NS,down,2025-03-26,B,4,0,7.0,-33.8,Weak,2.8399999141693115,2.7899999618530273,15,0.14436623176821883,1.8445285744648536,2026-10-08T16:38:03+00:00,replay,Faded,2025-04-11,10.0,0.0394,-0.0015,-0.086,0.0355,-0.0681,0.1101,1.78
726,0.1.0,NSE,LUMAXIND.NS,up,2025-03-26,C,4,5,76.0,-1.22,Weak,2451.5871706870994,2514.545166015625,52,0.2744897009226215,2.92933996886121,2026-10-08T16:38:03+00:00,replay,Failed,2025-04-07,7.0,0.0085,-0.0015,-0.0809,0.0355,0.4146,0.1101,-1.49
801,0.1.0,NSE,MUTHOOTFIN.NS,up,2025-03-19,B,2,8,95.0,26.23,Weak,2287.2320197844356,2367.218505859375,21,0.10806306104494245,2.1212297998750618,2026-10-08T16:38:03+00:00,replay,Faded,2025-04-03,10.0,-0.0426,0.0197,-0.0931,0.0658,0.0898,0.1024,-1.48
107,0.1.0,NSE,ASIANENE.NS,down,2025-03-17,B,4,1,21.0,-17.93,Weak,219.22095181780347,215.7794647216797,17,0.3042197062135028,2.1825546804003877,2026-10-08T16:38:03+00:00,replay,Failed,2025-03-18,1.0,0.3174,0.0616,0.4495,0.0847,0.3462,0.122,-9.68
1202,0.1.0,NSE,TATVA.NS,down,2025-03-13,B,4,0,18.0,-28.3,Weak,643.5842126286478,635.6017456054688,15,0.1786046521796576,1.8381274808010026,2026-10-08T16:38:03+00:00,replay,Failed,2025-03-19,2.0,0.1542,0.0675,0.1482,0.0907,0.4141,0.1282,-3.45
1069,0.1.0,NSE,SHANKARA.NS,down,2025-03-13,C,1,0,40.0,-11.61,Weak,525.8959414461011,502.6601867675781,26,0.24585196680461108,1.6747064038211235,2026-10-08T16:38:03+00:00,replay,Failed,2025-03-21,4.0,0.154,0.0675,0.2199,0.0907,1.0067,0.1282,-2.83
90,0.1.0,NSE,ARMANFIN.NS,down,2025-03-12,B,4,0,28.0,-19.07,Weak,1176.0,1159.699951171875,54,0.2925170068027212,1.5084320459643603,2026-10-08T16:38:03+00:00,replay,Failed,2025-03-20,4.0,0.2357,0.0498,0.2799,0.0699,0.4624,0.1313,-6.29
403,0.1.0,NSE,FSL.NS,down,2025-03-12,W,2,5,90.0,33.13,Weak,308.18114869081256,300.2469787597656,30,0.17256718361772094,1.630364656325347,2026-10-08T16:38:03+00:00,replay,Failed,2025-03-25,7.0,0.0349,0.0498,0.1006,0.0699,0.2487,0.1313,-1.76
1043,0.1.0,NSE,SARDAEN.NS,up,2025-03-11,B,2,8,98.0,42.71,Weak,513.7346930072131,524.11865234375,53,0.290564191128883,7.123555829409094,2026-10-08T16:38:03+00:00,replay,Failed,2025-03-25,8.0,0.0271,0.0378,-0.0784,0.0543,-0.1467,0.132,-1.59
141,0.1.0,NSE,AXISCADES.NS,up,2025-03-10,B,2,8,97.0,48.68,Weak,839.0,859.9500122070312,41,0.3317460317460317,2.396284795380726,2026-10-08T16:38:03+00:00,replay,Faded,2025-03-26,10.0,0.0729,0.0295,-0.0327,0.05,0.4155,0.1396,-0.61
1058,0.1.0,NSE,SDBL.NS,up,2025-03-07,C,1,5,84.0,17.86,Weak,122.69999694824219,124.2300033569336,61,0.28333852280048655,3.786897618634305,2026-10-08T16:38:03+00:00,replay,Faded,2025-03-25,10.0,0.0384,-0.0076,-0.0006,0.0151,0.3025,0.1205,-0.01
386,0.1.0,NSE,FEDFINA.NS,down,2025-03-05,B,4,0,27.0,-8.92,Weak,87.87999725341797,86.97000122070312,27,0.1345015938125158,1.8719582025744856,2026-10-08T16:38:03+00:00,replay,Failed,2025-03-07,2.0,-0.0079,0.0004,-0.0153,0.0111,0.3175,0.1521,0.38
1291,0.1.0,NSE,VADILALIND.NS,up,2025-03-05,C,4,5,87.0,-2.51,Weak,4298.7554824204,4369.80810546875,63,0.2741464564334304,5.363924050632912,2026-10-08T16:38:03+00:00,replay,Confirmed,2025-03-21,10.0,0.0753,0.0004,0.2331,0.0111,0.2316,0.1521,5.09
488,0.1.0,NSE,HATSUN.NS,down,2025-03-03,B,4,1,51.0,-0.63,Weak,899.5900873907681,883.1712646484375,27,0.1420764640971497,3.510005423973965,2026-10-08T16:38:03+00:00,replay,Confirmed,2025-03-19,10.0,-0.0162,0.0186,0.0071,0.0457,0.0905,0.1726,-0.14
13,0.1.0,NSE,ABBOTINDIA.NS,up,2025-03-03,C,3,6,90.0,21.37,Weak,29555.141620751503,30051.984375,39,0.21097728321203868,1.8624361020155147,2026-10-08T16:38:03+00:00,replay,Failed,2025-03-13,8.0,-0.0178,0.0186,-0.0675,0.0457,0.0201,0.1726,-1.47
214,0.1.0,NSE,BSE.NS,down,2025-03-03,W,2,5,97.0,39.64,Weak,1486.582585155459,1444.77490234375,62,0.36735334873318637,3.248338817597508,2026-10-08T16:38:03+00:00,replay,Confirmed,2025-03-19,10.0,-0.0827,0.0186,0.2656,0.0457,1.0671,0.1726,-4.44
212,0.1.0,NSE,BRITANNIA.NS,down,2025-02-28,B,4,1,65.0,-2.75,Weak,4528.0591293265,4461.69921875,48,0.153351378151251,1.7269630741888455,2026-10-08T16:38:03+00:00,replay,Faded,2025-03-17,10.0,0.0333,0.0283,0.104,0.0685,0.2202,0.1652,-2.3
293,0.1.0,NSE,DABUR.NS,down,2025-02-28,B,4,1,65.0,-1.38,Weak,485.6427102624445,479.61474609375,50,0.10450455722525498,2.415523220707061,2026-10-08T16:38:03+00:00,replay,Faded,2025-03-17,10.0,0.0051,0.0283,-0.0566,0.0685,-0.0244,0.1652,1.32
453,0.1.0,NSE,GPIL.NS,down,2025-02-28,B,4,1,58.0,-8.7,Weak,160.04894788251232,154.35060119628906,23,0.175665561984514,1.6248904144285221,2026-10-08T16:38:03+00:00,replay,Failed,2025-03-06,4.0,0.1495,0.0283,0.3239,0.0685,0.2066,0.1652,-4.76
1163,0.1.0,NSE,SUPREMEIND.NS,down,2025-02-28,B,4,0,25.0,-23.04,Weak,3399.4510802690647,3278.276123046875,23,0.18045805004998194,1.5177953971598128,2026-10-08T16:38:03+00:00,replay,Faded,2025-03-17,10.0,0.0185,0.0283,0.0286,0.0685,0.3054,0.1652,-0.42
1347,0.1.0,NSE,YESBANK.NS,down,2025-02-28,B,4,0,35.0,-16.03,Weak,17.059999465942383,16.75,34,0.1465416224068974,1.7228842953925403,2026-10-08T16:38:03+00:00,replay,Confirmed,2025-03-17,10.0,0.0078,0.0283,0.0716,0.0685,0.2448,0.1652,-1.46
436,0.1.0,NSE,GNFC.NS,down,2025-02-27,B,4,0,32.0,-7.79,Weak,481.21987456128323,456.1475830078125,33,0.13248121534768265,6.34762425379233,2026-10-08T16:38:03+00:00,replay,Confirmed,2025-03-13,10.0,0.0223,0.0065,0.0225,0.0468,0.116,0.1289,-0.26
1220,0.1.0,NSE,THANGAMAYL.NS,down,2025-02-24,A,3,3,67.0,1.56,Weak,1619.7096951933265,1537.983642578125,20,0.32788599540291274,1.516770139491745,2026-10-08T16:38:03+00:00,replay,Failed,2025-02-25,1.0,0.0967,-0.0269,0.2937,0.0426,0.2338,0.1096,-3.47
770,0.1.0,NSE,MEDANTA.NS,up,2025-02-20,C,4,4,76.0,-0.41,Weak,1192.3477858264762,1205.5384521484375,52,0.19745096559607966,2.3132999799628,2026-10-08T16:38:03+00:00,replay,Failed,2025-02-28,5.0,-0.047,-0.0456,0.0114,0.0213,-0.0151,0.0946,0.28
1184,0.1.0,NSE,TAJGVK.NS,up,2025-02-19,B,2,8,95.0,17.47,Weak,453.45714009615915,461.91766357421875,34,0.38779537505943296,2.74994731013724,2026-10-08T16:38:03+00:00,replay,Failed,2025-02-24,3.0,0.0,-0.0201,0.0085,0.0341,-0.0549,0.1027,0.18
1303,0.1.0,NSE,VESUVIUS.NS,down,2025-02-19,B,4,1,22.0,-11.25,Weak,363.8108566649753,357.5236511230469,17,0.22677590142820248,3.3403563192079444,2026-10-08T16:38:03+00:00,replay,Failed,2025-02-20,1.0,0.1469,-0.0201,0.2786,0.0341,0.5649,0.1027,-5.79
170,0.1.0,NSE,BBL.NS,down,2025-02-18,B,4,0,18.0,-20.36,Weak,2731.009419842117,2615.14404296875,16,0.32190064265597296,2.9719608544601748,2026-10-08T16:38:03+00:00,replay,Faded,2025-03-05,10.0,0.0311,-0.0093,0.125,0.045,0.1116,0.1052,-1.65
795,0.1.0,NSE,MSTCLTD.NS,down,2025-02-17,B,4,0,13.0,-22.71,Weak,493.4314955179333,472.1316833496094,15,0.1747619670707079,2.431427944728994,2026-10-08T16:38:03+00:00,replay,Confirmed,2025-03-04,10.0,-0.0423,-0.0089,0.0521,0.0301,0.1306,0.1048,-0.68
65,0.1.0,NSE,ANANTRAJ.NS,down,2025-02-17,W,2,5,79.0,6.74,Weak,532.9816284179688,517.5755615234375,15,0.2211412763461762,1.6132539363230936,2026-10-08T16:38:03+00:00,replay,Faded,2025-03-04,10.0,-0.009,-0.0089,0.041,0.0301,0.0039,0.1048,-0.68
268,0.1.0,NSE,CONCORDBIO.NS,down,2025-02-14,W,2,4,74.0,1.8,Weak,1811.5318493682896,1671.56787109375,64,0.3368048651669002,7.39738501936435,2026-10-08T16:38:03+00:00,replay,Confirmed,2025-03-03,10.0,-0.0249,0.0028,-0.029,0.0212,-0.094,0.1103,0.25
385,0.1.0,NSE,FDC.NS,down,2025-02-12,A,3,2,52.0,-0.31,Weak,440.1867941152801,435.5459899902344,16,0.09062366664323451,2.252903527022574,2026-10-08T16:38:03+00:00,replay,Confirmed,2025-02-27,10.0,-0.0786,-0.0084,-0.0928,-0.0296,0.0517,0.0807,2.27
227,0.1.0,NSE,CARYSIL.NS,down,2025-02-12,B,4,0,12.0,-15.6,Weak,656.6019471176388,606.46142578125,23,0.13590911855816556,4.746452628773506,2026-10-08T16:38:03+00:00,replay,Confirmed,2025-02-27,10.0,-0.1348,-0.0084,-0.0299,-0.0296,0.2803,0.0807,0.26
192,0.1.0,NSE,BIRLACORPN.NS,down,2025-02-11,B,4,0,36.0,-12.83,Weak,1050.5148538181945,1038.5654296875,57,0.2351871337403999,3.049017039361014,2026-10-08T16:38:03+00:00,replay,Confirmed,2025-02-25,10.0,-0.1053,-0.0162,-0.0602,-0.037,0.3077,0.085,1.44
657,0.1.0,NSE,KEI.NS,down,2025-02-11,B,4,1,50.0,-2.17,Weak,3697.1383936039942,3556.1396484375,60,0.2701754935600311,1.8137345121726771,2026-10-08T16:38:03+00:00,replay,Failed,2025-02-21,8.0,-0.044,-0.0162,-0.1422,-0.037,-0.0362,0.085,2.01
83,0.1.0,NSE,APOLLOHOSP.NS,down,2025-02-11,W,2,4,61.0,4.7,Weak,6560.062764567749,6284.693359375,58,0.14424908850913787,5.709075059583364,2026-10-08T16:38:03+00:00,replay,Confirmed,2025-02-25,10.0,0.0108,-0.0162,-0.0321,-0.037,0.1071,0.085,0.43
256,0.1.0,NSE,CLEDUCATE.NS,down,2025-02-11,W,2,5,72.0,22.29,Weak,99.16000366210938,97.61000061035156,23,0.3604274799763023,3.0293692999378985,2026-10-08T16:38:03+00:00,replay,Faded,2025-02-25,10.0,-0.1219,-0.0162,-0.275,-0.037,-0.1278,0.085,5.93
935,0.1.0,NSE,POLICYBZR.NS,down,2025-02-11,W,2,5,84.0,15.09,Weak,1547.25,1539.300048828125,15,0.148553870147641,1.6182528798041353,2026-10-08T16:38:03+00:00,replay,Failed,2025-02-13,2.0,-0.0086,-0.0162,-0.1347,-0.037,0.1217,0.085,3.81
1351,0.1.0,NSE,ZAGGLE.NS,down,2025-02-11,W,2,5,85.0,27.29,Weak,407.5,381.6499938964844,65,0.4525153973351228,3.93251723285958,2026-10-08T16:38:03+00:00,replay,Confirmed,2025-02-25,10.0,-0.1408,-0.0162,-0.1539,-0.037,0.1216,0.085,1.54
1231,0.1.0,NSE,TI.NS,down,2025-02-10,W,2,5,76.0,30.48,Weak,323.7254260869923,292.0052490234375,61,0.40593759952593245,3.77207798167306,2026-10-08T16:38:03+00:00,replay,Confirmed,2025-02-24,10.0,-0.1122,-0.0336,-0.1652,-0.0518,0.1924,0.0568,1.16
240,0.1.0,NSE,CHAMBLFERT.NS,up,2025-02-07,B,2,8,88.0,24.92,Weak,532.826709766007,537.4200439453125,45,0.21808338379348768,6.991574127255717,2026-10-08T16:38:03+00:00,replay,Failed,2025-02-11,2.0,-0.0497,-0.0468,0.0141,-0.0621,0.1188,0.0563,0.37
1273,0.1.0,NSE,UJJIVANSFB.NS,up,2025-02-07,C,4,2,45.0,-4.9,Weak,38.79999923706055,40.31999969482422,64,0.2564766933788132,2.861600105474547,2026-10-08T16:38:03+00:00,replay,Failed,2025-02-10,1.0,-0.1714,-0.0468,-0.1302,-0.0621,0.1146,0.0563,-1.96
159,0.1.0,NSE,BALRAMCHIN.NS,down,2025-02-07,W,2,3,52.0,-2.93,Weak,453.7624260333141,450.4376220703125,20,0.13473308420826213,1.9144851386157222,2026-10-08T16:38:03+00:00,replay,Failed,2025-02-20,9.0,-0.0542,-0.0468,-0.0072,-0.0621,0.2315,0.0563,0.19
129,0.1.0,NSE,AURUM.NS,down,2025-02-06,W,2,4,59.0,18.89,Weak,203.1199951171875,191.4499969482422,54,0.30366283063464916,3.7353069959050766,2026-10-08T16:38:03+00:00,replay,Confirmed,2025-02-20,10.0,-0.0413,-0.0354,-0.0511,-0.0649,0.0132,0.0553,0.55
1342,0.1.0,NSE,YASHO.NS,up,2025-02-05,B,1,8,87.0,3.16,Weak,2224.9735592756283,2272.552734375,33,0.30650034432862006,2.415372390986825,2026-10-08T16:38:03+00:00,replay,Failed,2025-02-07,2.0,-0.1579,-0.0402,-0.1839,-0.0616,-0.2218,0.0461,-3.65
327,0.1.0,NSE,DPABHUSHAN.NS,up,2025-02-04,B,2,8,95.0,25.84,Weak,1804.949951171875,1823.949951171875,64,0.34197022391960963,2.6795134269300007,2026-10-08T16:38:03+00:00,replay,Failed,2025-02-12,6.0,-0.0343,-0.0358,-0.2285,-0.0589,-0.1799,0.0355,-5.7
249,0.1.0,NSE,CHOLAFIN.NS,up,2025-02-04,C,3,7,71.0,1.26,Weak,1360.5516736741306,1391.3734130859375,39,0.16780823302765602,2.1107038344939544,2026-10-08T16:38:03+00:00,replay,Failed,2025-02-11,5.0,-0.0598,-0.0358,0.0467,-0.0589,0.1457,0.0355,0.91
1327,0.1.0,NSE,WESTLIFE.NS,up,2025-02-04,C,1,5,73.0,-8.67,Weak,868.4924969067608,879.0740966796875,33,0.26444297652314686,2.0824829305927604,2026-10-08T16:38:03+00:00,replay,Failed,2025-02-10,4.0,-0.1044,-0.0358,-0.1797,-0.0589,-0.2089,0.0355,-4.31
466,0.1.0,NSE,GRMOVER.NS,up,2025-01-31,C,2,7,85.0,26.8,Weak,77.80000305175781,79.26333618164062,65,0.3268903766570186,7.641887165633517,2026-10-08T16:38:03+00:00,replay,Faded,2025-02-13,10.0,0.0176,0.0042,-0.0547,-0.078,0.1769,0.0044,-1.14
617,0.1.0,NSE,JINDRILL.NS,up,2025-01-30,C,2,7,88.0,15.66,Weak,857.0487723734129,890.83837890625,43,0.2336441589571141,7.084991551714774,2026-10-08T16:38:03+00:00,replay,Confirmed,2025-02-12,10.0,0.0864,0.0229,-0.1253,-0.0665,-0.3309,0.0256,-1.88
1135,0.1.0,NSE,SRF.NS,up,2025-01-30,C,1,5,83.0,10.74,Weak,2680.822044492763,2813.437255859375,15,0.08778223837575605,5.02530435625958,2026-10-08T16:38:03+00:00,replay,Confirmed,2025-02-12,10.0,0.0464,0.0229,-0.0114,-0.0665,0.0442,0.0256,-0.15
200,0.1.0,NSE,BLUEJET.NS,up,2025-01-29,B,2,8,94.0,34.11,Weak,621.604855099449,627.7810668945312,15,0.1685393724335118,3.1013410040946296,2026-10-08T16:38:03+00:00,replay,Confirmed,2025-02-11,10.0,0.2767,0.0227,0.2508,-0.0438,0.1713,0.0389,6.34
1201,0.1.0,NSE,TATVA.NS,down,2025-01-29,B,4,0,14.0,-18.89,Weak,786.7691611987319,776.3421020507812,64,0.1977172223047512,2.5786910303424477,2026-10-08T16:38:03+00:00,replay,Faded,2025-02-11,10.0,-0.0113,0.0227,-0.1178,-0.0438,-0.0425,0.0389,2.69
144,0.1.0,NSE,AYMSYNTEX.NS,down,2025-01-29,W,2,6,97.0,66.2,Weak,217.6199951171875,211.67999267578125,63,0.4985295132276497,2.4388481163646003,2026-10-08T16:38:03+00:00,replay,Failed,2025-02-01,3.0,0.0985,0.0227,-0.033,-0.0438,-0.0325,0.0389,0.56
538,0.1.0,NSE,IFBIND.NS,down,2025-01-29,W,2,3,52.0,5.71,Weak,1481.6500244140625,1380.9000244140625,63,0.3606114250692287,5.993706504874388,2026-10-08T16:38:03+00:00,replay,Confirmed,2025-02-11,10.0,-0.014,0.0227,-0.2001,-0.0438,-0.0818,0.0389,1.9
64,0.1.0,NSE,ANANTRAJ.NS,down,2025-01-28,W,2,5,83.0,54.43,Weak,633.295853006844,532.9816284179688,63,0.4925208855873313,7.215790860800408,2026-10-08T16:38:03+00:00,replay,Faded,2025-02-10,10.0,0.1042,0.0228,-0.0478,-0.0242,-0.1712,0.0493,0.21
70,0.1.0,NSE,APARINDS.NS,down,2025-01-28,W,2,4,49.0,14.21,Weak,8494.392477990026,7106.80419921875,52,0.37385351298103875,8.622425753867324,2026-10-08T16:38:03+00:00,replay,Confirmed,2025-02-10,10.0,0.0091,0.0228,-0.1159,-0.0242,-0.2207,0.0493,0.5
145,0.1.0,NSE,AZAD.NS,down,2025-01-28,W,2,5,81.0,4.34,Weak,1382.4000244140625,1316.800048828125,63,0.39597801992667137,2.6053816522144304,2026-10-08T16:38:03+00:00,replay,Failed,2025-01-30,2.0,0.1317,0.0228,0.0292,-0.0242,0.2202,0.0493,-0.36
477,0.1.0,NSE,GVT&D.NS,down,2025-01-28,W,2,5,93.0,24.59,Weak,1594.3751685929228,1584.6171875,62,0.4007806145484347,1.9519431999614938,2026-10-08T16:38:03+00:00,replay,Failed,2025-01-30,2.0,0.0349,0.0384,-0.1343,-0.0291,0.0191,0.0548,3.7
1157,0.1.0,NSE,SUNPHARMA.NS,down,2025-01-28,W,2,6,70.0,12.22,Weak,1692.0011441091115,1674.42724609375,42,0.10827433398790753,3.2644104485979413,2026-10-08T16:38:03+00:00,replay,Faded,2025-02-10,10.0,0.0206,0.0228,-0.0482,-0.0242,0.073,0.0493,1.18
303,0.1.0,NSE,DCMSRIND.NS,down,2025-01-27,B,4,0,45.0,-7.3,Weak,164.94130526458358,164.01214599609375,62,0.2689753578735379,2.652366073143121,2026-10-08T16:38:03+00:00,replay,Faded,2025-02-07,10.0,0.0349,0.032,-0.0436,-0.0212,0.0833,0.0614,1.22
197,0.1.0,NSE,BLKASHYAP.NS,down,2025-01-27,C,1,2,26.0,-11.1,Weak,68.0,64.04000091552734,46,0.24544121237362138,2.6369318418134693,2026-10-08T16:38:03+00:00,replay,Faded,2025-02-07,10.0,0.0512,0.032,-0.1793,-0.0212,0.0311,0.0614,1.91
456,0.1.0,NSE,GPTINFRA.NS,down,2025-01-27,W,2,3,64.0,-3.38,Weak,109.7441079398105,108.409423828125,48,0.3427563728817087,4.861135864569904,2026-10-08T16:38:03+00:00,replay,Failed,2025-02-04,7.0,0.0337,0.032,-0.0831,-0.0212,0.1328,0.0614,1.95
957,0.1.0,NSE,PRUDENT.NS,down,2025-01-27,W,2,5,88.0,30.38,Weak,2518.046349283618,2353.239990234375,63,0.4802836510892903,1.7803981393716313,2026-10-08T16:38:03+00:00,replay,Confirmed,2025-02-07,10.0,-0.1452,0.032,-0.188,-0.0212,-0.0133,0.0614,1.84
1285,0.1.0,NSE,UNOMINDA.NS,down,2025-01-27,W,2,3,68.0,2.57,Weak,899.6648228976794,875.126220703125,65,0.2551039542258886,2.419135441165094,2026-10-08T16:38:03+00:00,replay,Failed,2025-01-31,4.0,0.1259,0.032,-0.0333,-0.0212,0.0381,0.0614,0.57
791,0.1.0,NSE,MPSLTD.NS,up,2025-01-24,C,2,7,89.0,33.51,Weak,2251.610243858708,2379.6943359375,59,0.3288108415534503,40.85900654458106,2026-10-08T16:38:03+00:00,replay,Confirmed,2025-02-06,10.0,0.0805,0.0123,0.1044,-0.0295,-0.0759,0.0322,1.27
564,0.1.0,NSE,INDOCO.NS,down,2025-01-22,C,1,1,24.0,0.67,Weak,297.43098671399844,286.74786376953125,59,0.19167521784540242,6.159334367660516,2026-10-08T16:38:03+00:00,replay,Confirmed,2025-02-04,10.0,-0.1349,-0.0071,-0.1621,-0.0311,-0.2107,0.0335,2.37
857,0.1.0,NSE,OBEROIRLTY.NS,down,2025-01-21,W,2,5,66.0,15.9,Weak,1866.7131955005825,1842.6248779296875,64,0.2450724164601823,2.8710435598166977,2026-10-08T16:38:03+00:00,replay,Confirmed,2025-02-03,10.0,-0.0986,-0.0237,-0.143,-0.0383,-0.1073,0.0312,3.29
621,0.1.0,NSE,JISLJALEQS.NS,up,2025-01-20,B,2,8,84.0,16.83,Weak,80.86000061035156,81.45999908447266,27,0.21320328220780582,2.4260592695689773,2026-10-08T16:38:03+00:00,replay,Failed,2025-01-22,2.0,-0.1573,-0.0412,-0.252,-0.053,-0.3308,0.0018,-6.78
1002,0.1.0,NSE,RGL.NS,up,2025-01-20,B,2,8,92.0,46.52,Weak,195.6999969482422,201.39999389648438,49,0.2060890149974548,3.758380421565518,2026-10-08T16:38:03+00:00,replay,Failed,2025-01-23,3.0,-0.1713,-0.0412,-0.3323,-0.053,-0.4233,0.0018,-5.78
1162,0.1.0,NSE,SUPREMEIND.NS,down,2025-01-20,B,4,2,17.0,-11.92,Weak,4099.1744160655735,3960.617919921875,52,0.2388290745242947,4.192212274977877,2026-10-08T16:38:03+00:00,replay,Confirmed,2025-02-01,10.0,-0.1183,-0.0412,-0.098,-0.053,-0.1353,0.0018,1.48
681,0.1.0,NSE,KOTAKBANK.NS,up,2025-01-20,C,3,5,57.0,0.73,Weak,377.4025528323336,382.9964294433594,65,0.12709568739823873,3.524274155152877,2026-10-08T16:38:03+00:00,replay,Faded,2025-02-01,10.0,-0.0204,-0.0412,0.0129,-0.053,0.1478,0.0018,0.29
777,0.1.0,NSE,MINDACORP.NS,up,2025-01-16,C,2,7,84.0,11.48,Weak,580.7446929246379,587.9094848632812,65,0.2442168810670715,3.5354271515299005,2026-10-08T16:38:03+00:00,replay,Failed,2025-01-27,7.0,-0.0232,-0.0081,-0.1026,-0.0373,-0.1188,0.0241,-2.45
785,0.1.0,NSE,MOTILALOFS.NS,down,2025-01-16,W,2,7,90.0,34.41,Weak,793.6513614932711,786.8103637695312,65,0.3196080519424138,1.8240401275918445,2026-10-08T16:38:03+00:00,replay,Faded,2025-01-30,10.0,-0.0914,-0.0081,-0.1852,-0.0373,-0.0305,0.0241,4.75
859,0.1.0,NSE,OFSS.NS,down,2025-01-16,W,2,6,84.0,19.09,Weak,9673.508013760096,9451.8173828125,56,0.2676374078804087,6.823318251285377,2026-10-08T16:38:03+00:00,replay,Confirmed,2025-01-30,10.0,-0.0131,-0.0081,-0.1165,-0.0373,-0.1543,0.0241,2.15
1284,0.1.0,NSE,UNITDSPR.NS,down,2025-01-14,W,2,5,68.0,16.73,Weak,1388.976486749464,1378.057861328125,48,0.1985336521760801,2.588893137166042,2026-10-08T16:38:03+00:00,replay,Failed,2025-01-23,7.0,0.0218,-0.0022,-0.0126,-0.0247,0.0808,0.0244,0.33
127,0.1.0,NSE,AUROPHARMA.NS,down,2025-01-13,A,3,2,41.0,-3.91,Weak,1168.712943900066,1157.0567626953125,20,0.15608218223869308,2.5908139023273504,2026-10-08T16:38:03+00:00,replay,Failed,2025-01-23,8.0,0.035,0.0266,0.0136,0.006,0.0088,0.0206,-0.34
490,0.1.0,NSE,HAVELLS.NS,down,2025-01-13,A,3,2,39.0,-5.15,Weak,1564.0577601848095,1510.14013671875,40,0.12345999310233235,1.5615840693959049,2026-10-08T16:38:03+00:00,replay,Faded,2025-01-27,10.0,0.0451,0.0266,0.0456,0.006,0.0722,0.0206,-0.68
139,0.1.0,NSE,AWL.NS,down,2025-01-13,B,4,0,12.0,-14.32,Weak,277.55011944497363,260.6384582519531,35,0.2080645169352191,8.447676055507651,2026-10-08T16:38:03+00:00,replay,Confirmed,2025-01-27,10.0,0.0063,0.0266,-0.013,0.006,0.0857,0.0206,0.13
219,0.1.0,NSE,CANBK.NS,down,2025-01-13,B,4,0,28.0,-14.33,Weak,86.46735348744392,82.72903442382812,36,0.1975789944199804,1.586449690449905,2026-10-08T16:38:03+00:00,replay,Failed,2025-01-16,3.0,0.1414,0.0266,0.0525,0.006,0.0847,0.0206,-0.69
578,0.1.0,NSE,INOXINDIA.NS,down,2025-01-13,B,4,0,36.0,-9.26,Weak,1060.239665167177,1025.3388671875,53,0.17281926797098057,1.5567827749890162,2026-10-08T16:38:03+00:00,replay,Confirmed,2025-01-27,10.0,0.0051,0.0266,-0.0679,0.006,-0.011,0.0206,1.04
586,0.1.0,NSE,IOC.NS,down,2025-01-13,B,4,0,17.0,-17.41,Weak,120.38446616012611,113.4030990600586,36,0.12046345063313968,1.990785085502117,2026-10-08T16:38:03+00:00,replay,Faded,2025-01-27,10.0,0.0698,0.0266,0.0098,0.006,0.1009,0.0206,-0.1
719,0.1.0,NSE,LTF.NS,down,2025-01-13,B,4,1,16.0,-13.72,Weak,130.63910503414908,127.51194763183594,40,0.1331096417028481,1.521711489914311,2026-10-08T16:38:03+00:00,replay,Failed,2025-01-15,2.0,0.1038,0.0266,0.1277,0.006,0.2506,0.0206,-2.31
1081,0.1.0,NSE,SHREDIGCEM.NS,down,2025-01-13,B,4,0,15.0,-17.68,Weak,78.83308010874399,75.09483337402344,39,0.14484530514554983,2.307516025211888,2026-10-08T16:38:03+00:00,replay,Confirmed,2025-01-27,10.0,0.016,0.0266,-0.0747,0.006,-0.0312,0.0206,0.92
1148,0.1.0,NSE,SULA.NS,down,2025-01-13,B,4,0,16.0,-20.48,Weak,373.1243988973693,367.5619201660156,40,0.19262464909243038,1.6082116158019086,2026-10-08T16:38:03+00:00,replay,Confirmed,2025-01-27,10.0,0.006,0.0266,-0.1094,0.006,-0.2331,0.0206,2.4
195,0.1.0,NSE,BLAL.NS,down,2025-01-13,C,1,1,30.0,-13.78,Weak,216.47000122070312,214.36000061035156,53,0.19369886099382105,1.754928135073041,2026-10-08T16:38:03+00:00,replay,Failed,2025-01-16,3.0,0.0811,0.0266,-0.0159,0.006,-0.0354,0.0206,0.4
323,0.1.0,NSE,DLF.NS,down,2025-01-13,C,1,0,32.0,-10.18,Weak,729.3905607936913,696.8892822265625,40,0.205188385293817,2.3237654698398846,2026-10-08T16:38:03+00:00,replay,Faded,2025-01-27,10.0,0.0701,0.0266,0.0283,0.006,-0.0582,0.0206,-0.36
470,0.1.0,NSE,GTLINFRA.NS,down,2025-01-13,C,1,2,30.0,-12.91,Weak,1.850000023841858,1.7899999618530273,50,0.34594593375507654,1.5224661671395636,2026-10-08T16:38:03+00:00,replay,Failed,2025-01-14,1.0,0.1006,0.0266,-0.0056,0.006,-0.1676,0.0206,0.09
812,0.1.0,NSE,NAUKRI.NS,down,2025-01-13,W,2,6,71.0,16.41,Weak,1457.8489307934387,1436.9000244140625,47,0.24052574410534366,1.9945415456286564,2026-10-08T16:38:03+00:00,replay,Failed,2025-01-16,3.0,0.0713,0.0266,0.0747,0.006,-0.0715,0.0206,-1.66
894,0.1.0,NSE,PCBL.NS,down,2025-01-13,W,2,4,68.0,10.78,Weak,364.5171328725884,336.1429748535156,36,0.3062507684620779,5.671560618284676,2026-10-08T16:38:03+00:00,replay,Faded,2025-01-27,10.0,0.0563,0.0266,0.1396,0.006,0.2531,0.0206,-1.19
1180,0.1.0,NSE,SYNGENE.NS,down,2025-01-13,W,2,5,66.0,10.39,Weak,824.7119431293361,818.8399658203125,55,0.15923483256580107,2.3245156209192457,2026-10-08T16:38:03+00:00,replay,Faded,2025-01-27,10.0,-0.0013,0.0266,-0.1051,0.006,-0.1164,0.0206,2.81
1304,0.1.0,NSE,VIDHIING.NS,down,2025-01-13,W,2,4,49.0,3.1,Weak,434.02181479434824,424.2767028808594,52,0.29193285463757457,1.6424892777943825,2026-10-08T16:38:03+00:00,replay,Failed,2025-01-14,1.0,0.2223,0.0266,0.0715,0.006,-0.0239,0.0206,-1.33
991,0.1.0,NSE,RECLTD.NS,down,2025-01-10,A,3,2,34.0,-10.08,Weak,429.8244212103224,420.98052978515625,35,0.2223880534078384,1.8451348557652183,2026-10-08T16:38:03+00:00,replay,Failed,2025-01-16,4.0,0.0501,-0.0054,-0.0395,-0.007,-0.0577,-0.0181,0.77
185,0.1.0,NSE,BHEL.NS,down,2025-01-10,B,4,0,12.0,-21.74,Weak,209.58211355157056,203.4050750732422,52,0.21760792192530198,1.7533505836140757,2026-10-08T16:38:03+00:00,replay,Faded,2025-01-24,10.0,0.0469,-0.0054,-0.0081,-0.007,0.1052,-0.0181,0.13
1280,0.1.0,NSE,UNIONBANK.NS,down,2025-01-10,B,4,0,17.0,-21.44,Weak,100.22546624191223,97.3506088256836,52,0.22703407367087935,1.6734744870357894,2026-10-08T16:38:03+00:00,replay,Failed,2025-01-16,4.0,0.049,-0.0054,0.1373,-0.007,0.2281,-0.0181,-2.27
909,0.1.0,NSE,PFS.NS,down,2025-01-10,C,1,1,14.0,-17.65,Weak,39.0,37.68000030517578,34,0.17743585048577715,1.804838812465626,2026-10-08T16:38:03+00:00,replay,Faded,2025-01-24,10.0,0.0257,-0.0054,-0.0194,-0.007,-0.1319,-0.0181,0.29
1195,0.1.0,NSE,TATAELXSI.NS,down,2025-01-10,C,1,0,9.0,-17.08,Weak,6106.1833154236365,5828.94775390625,37,0.18899147165192032,7.398621292159255,2026-10-08T16:38:03+00:00,replay,Faded,2025-01-24,10.0,0.0352,-0.0054,0.0727,-0.007,-0.1786,-0.0181,-0.92
238,0.1.0,NSE,CESC.NS,down,2025-01-10,W,2,5,53.0,1.37,Weak,153.063739782253,147.10421752929688,36,0.20591733679572566,2.3232129611568957,2026-10-08T16:38:03+00:00,replay,Confirmed,2025-01-24,10.0,-0.0319,-0.0054,-0.1425,-0.007,0.0,-0.0181,1.99
794,0.1.0,NSE,MSPL.NS,down,2025-01-10,W,2,4,68.0,7.79,Weak,38.45000076293945,37.77000045776367,38,0.24837448758298697,2.0259275153585685,2026-10-08T16:38:03+00:00,replay,Faded,2025-01-24,10.0,0.0079,-0.0054,-0.0887,-0.007,-0.246,-0.0181,1.83
1134,0.1.0,NSE,SRF.NS,up,2025-01-09,C,1,3,63.0,-7.93,Weak,2374.0534016800752,2657.1708984375,41,0.12325720421324515,29.019785587937033,2026-10-08T16:38:03+00:00,replay,Confirmed,2025-01-23,10.0,-0.0337,-0.0151,0.0838,-0.017,0.126,-0.0348,0.63
100,0.1.0,NSE,ASALCBR.NS,up,2025-01-08,B,2,8,94.0,48.66,Weak,1144.4959916112034,1171.07177734375,16,0.14509787721959122,2.3121613338958373,2026-10-08T16:38:03+00:00,replay,Failed,2025-01-13,3.0,-0.0894,-0.0306,0.1712,-0.0201,-0.0079,-0.0665,3.29
755,0.1.0,NSE,MARATHON.NS,up,2025-01-08,B,2,8,76.0,13.01,Weak,671.0649100520637,686.4035034179688,65,0.29567310975425753,5.9285890635027005,2026-10-08T16:38:03+00:00,replay,Failed,2025-01-09,1.0,-0.1213,-0.0306,-0.1836,-0.0201,-0.3213,-0.0843,-3.55
103,0.1.0,NSE,ASHAPURMIN.NS,up,2025-01-08,C,4,7,84.0,19.73,Weak,469.5181030603664,482.050537109375,18,0.2567891702916547,2.515662237878813,2026-10-08T16:38:03+00:00,replay,Failed,2025-01-10,2.0,-0.0906,-0.0306,0.0697,-0.0201,-0.2637,-0.0665,1.26
363,0.1.0,NSE,EMBDL.NS,up,2025-01-07,C,3,7,71.0,-0.43,Weak,140.8000030517578,143.5800018310547,23,0.2307692410293094,6.514528418914758,2026-10-08T16:38:03+00:00,replay,Failed,2025-01-09,2.0,-0.0992,-0.0385,0.0508,-0.0275,-0.295,-0.0888,1.04
113,0.1.0,NSE,ASTEC.NS,up,2025-01-06,C,4,5,49.0,-1.19,Weak,1196.300048828125,1219.300048828125,65,0.23968916977007781,11.13740674493177,2026-10-08T16:38:03+00:00,replay,Failed,2025-01-08,2.0,-0.0778,-0.0442,-0.1999,-0.037,-0.4225,-0.0785,-4.14
644,0.1.0,NSE,JUBLPHARMA.NS,down,2025-01-06,W,2,7,84.0,26.38,Weak,1023.4552157359294,1014.8367309570312,47,0.2678700052513514,2.055052431550739,2026-10-08T16:38:03+00:00,replay,Faded,2025-01-20,10.0,-0.0977,-0.0442,-0.0713,-0.037,-0.1402,-0.0785,1.84
1041,0.1.0,NSE,SANSERA.NS,down,2025-01-06,W,2,5,62.0,11.02,Weak,1425.8620529804946,1414.5985107421875,35,0.19301631346926929,1.774794774452777,2026-10-08T16:38:03+00:00,replay,Faded,2025-01-20,10.0,-0.0951,-0.0442,-0.1435,-0.037,-0.2543,-0.0785,3.76
136,0.1.0,NSE,AVONMORE.NS,up,2025-01-03,A,2,8,96.0,69.42,Healthy,19.889999389648438,23.40999984741211,26,0.4026797575165406,14.587280005052424,2026-10-08T16:38:03+00:00,replay,Confirmed,2025-01-17,10.0,0.1051,-0.04,0.0722,-0.0496,-0.1431,-0.1146,0.41
310,0.1.0,NSE,DEVIT.NS,up,2025-01-03,A,2,8,79.0,32.35,Healthy,73.39958670969324,73.82832336425781,28,0.24927950807725896,6.005324954038119,2026-10-08T16:38:03+00:00,replay,Failed,2025-01-06,1.0,-0.1011,-0.04,-0.191,-0.0496,-0.4448,-0.1146,-5.36
885,0.1.0,NSE,PARADEEP.NS,up,2025-01-03,A,2,8,89.0,38.33,Healthy,117.84217649954267,118.93631744384766,38,0.17263370521956056,1.6746980556479931,2026-10-08T16:38:03+00:00,replay,Failed,2025-01-09,4.0,-0.0959,-0.04,-0.0341,-0.0496,-0.0535,-0.1146,-0.88
709,0.1.0,NSE,LLOYDSENGG.NS,up,2025-01-03,B,2,7,82.0,22.31,Healthy,83.0772684880372,84.75670623779297,64,0.27439015968091685,9.428754859512708,2026-10-08T16:38:03+00:00,replay,Failed,2025-01-06,1.0,-0.0238,-0.04,-0.104,-0.0496,-0.353,-0.1146,-2.11
422,0.1.0,NSE,GLAND.NS,up,2025-01-03,C,1,4,45.0,0.27,Healthy,1840.519555392073,1869.4298095703125,39,0.10353161774225472,1.8295489595435288,2026-10-08T16:38:03+00:00,replay,Failed,2025-01-10,5.0,-0.0626,-0.04,-0.195,-0.0496,-0.2553,-0.1146,-4.33
1122,0.1.0,NSE,SOUTHBANK.NS,up,2025-01-03,C,4,2,46.0,-5.12,Healthy,26.164021443111757,26.33987808227539,19,0.11536855797188394,2.6821426451064734,2026-10-08T16:38:03+00:00,replay,Failed,2025-01-06,1.0,-0.0534,-0.04,-0.0512,-0.0496,-0.1506,-0.1146,-1.4
335,0.1.0,NSE,DSSL.NS,up,2025-01-02,A,2,8,89.0,13.43,Healthy,1539.4977253899194,1595.5948486328125,20,0.17080112816082393,9.744314513236244,2026-10-08T16:38:03+00:00,replay,Failed,2025-01-06,2.0,-0.0584,-0.0339,-0.2432,-0.0543,-0.3599,-0.0883,-3.79
346,0.1.0,NSE,EICHERMOT.NS,up,2025-01-02,C,3,7,66.0,5.6,Healthy,4987.42533157861,5185.84765625,65,0.13224275682922326,5.777499413670602,2026-10-08T16:38:03+00:00,replay,Failed,2025-01-13,7.0,-0.0317,-0.0339,-0.0214,-0.0543,-0.0113,-0.0883,-0.32
606,0.1.0,NSE,JAICORPLTD.NS,down,2025-01-02,W,2,2,2.0,-9.27,Healthy,272.8196345520599,235.2252655029297,29,0.3920513671799215,17.077235733219876,2026-10-08T16:38:03+00:00,replay,Confirmed,2025-01-16,10.0,-0.2262,-0.0339,-0.4517,-0.0543,-0.6341,-0.0883,2.32
1224,0.1.0,NSE,THERMAX.NS,down,2024-12-30,A,3,3,25.0,-5.32,Healthy,4276.360321905275,3881.5224609375,26,0.15723182863860719,3.2614266245669463,2026-10-08T16:38:03+00:00,replay,Confirmed,2025-01-13,10.0,0.0614,-0.0059,-0.0717,-0.0641,-0.0928,-0.0575,0.53
169,0.1.0,NSE,BAYERCROP.NS,down,2024-12-30,W,2,3,33.0,-3.92,Healthy,5314.09442778148,5263.3232421875,26,0.14803114343938062,2.275437773994292,2026-10-08T16:38:03+00:00,replay,Faded,2025-01-13,10.0,0.005,-0.0059,-0.1237,-0.0641,-0.1214,-0.0575,3.1
558,0.1.0,NSE,INDIANHUME.NS,down,2024-12-26,W,2,3,41.0,2.08,Healthy,363.25244246227675,351.9921875,26,0.22758995961081507,1.8990914958329175,2026-10-08T16:38:03+00:00,replay,Faded,2025-01-09,10.0,0.0487,0.0174,-0.1465,-0.0496,-0.0004,-0.0456,2.33
724,0.1.0,NSE,LTTS.NS,down,2024-12-20,A,3,3,25.0,-8.92,Healthy,4753.773194675548,4712.29638671875,32,0.13898591975187458,2.1776004395307065,2026-10-08T16:38:03+00:00,replay,Confirmed,2025-01-06,10.0,-0.0153,0.0017,0.1143,-0.0397,-0.0517,-0.035,-2.93
481,0.1.0,NSE,HAPPSTMNDS.NS,down,2024-12-20,B,4,0,12.0,-15.75,Healthy,700.9948542160656,686.024169921875,21,0.10079066442809514,1.614446002388683,2026-10-08T16:38:03+00:00,replay,Failed,2024-12-30,5.0,0.0706,0.0017,0.0244,-0.0397,-0.0763,-0.035,-0.47
294,0.1.0,NSE,DALMIASUG.NS,down,2024-12-20,W,2,3,19.0,-10.95,Healthy,371.3619299621604,365.574462890625,21,0.23350630320158583,2.7061136092966422,2026-10-08T16:38:03+00:00,replay,Faded,2025-01-06,10.0,-0.0404,0.0017,-0.0116,-0.0397,0.0014,-0.035,0.25
747,0.1.0,NSE,MANKIND.NS,up,2024-12-19,A,2,8,73.0,6.96,Healthy,2872.867429651426,2889.910888671875,29,0.14682463782428523,3.7783185226224214,2026-10-08T16:38:03+00:00,replay,Faded,2025-01-03,10.0,-0.0067,-0.0135,-0.0645,-0.0415,-0.1646,-0.065,-1.8
352,0.1.0,NSE,EIMCOELECO.NS,down,2024-12-19,W,2,3,48.0,1.73,Healthy,2278.6543085212993,2208.878662109375,20,0.1707545657409606,4.099876988254516,2026-10-08T16:38:03+00:00,replay,Confirmed,2025-01-03,10.0,-0.0285,-0.0135,-0.0626,-0.0415,-0.3045,-0.065,1.0
960,0.1.0,NSE,PTC.NS,down,2024-12-18,B,4,1,6.0,-22.21,Healthy,124.6490987300023,123.82868194580078,19,0.15467377903099178,1.5157529464243946,2026-10-08T16:38:03+00:00,replay,Confirmed,2025-01-02,10.0,-0.057,-0.022,-0.1319,-0.0547,-0.0015,-0.0813,3.58
8,0.1.0,NSE,AARTIPHARM.NS,down,2024-12-18,W,2,5,36.0,-0.51,Healthy,572.9198805863299,558.573486328125,38,0.20525029389751293,1.729522883391212,2026-10-08T16:38:03+00:00,replay,Failed,2024-12-26,5.0,0.1201,-0.022,0.1649,-0.0547,0.3663,-0.0813,-2.92
967,0.1.0,NSE,PVRINOX.NS,down,2024-12-18,W,2,4,18.0,-8.02,Healthy,1431.9000244140625,1408.449951171875,21,0.1313639027717095,3.1818085092306805,2026-10-08T16:38:03+00:00,replay,Confirmed,2025-01-02,10.0,-0.0508,-0.022,-0.2174,-0.0547,-0.3082,-0.0724,4.61
439,0.1.0,NSE,GOCOLORS.NS,down,2024-12-17,A,3,2,11.0,-10.89,Healthy,1050.699951171875,1020.9500122070312,20,0.09460362523401544,1.5190234486423544,2026-10-08T16:38:03+00:00,replay,Confirmed,2025-01-01,10.0,-0.0605,-0.03,-0.0615,-0.0598,-0.3164,-0.0966,1.02
1021,0.1.0,NSE,RSSOFTWARE.NS,down,2024-12-17,B,4,4,77.0,-3.31,Healthy,208.0,202.4600067138672,21,0.12403847621037412,1.5272570848968297,2026-10-08T16:38:03+00:00,replay,Faded,2025-01-01,10.0,-0.0497,-0.03,-0.1096,-0.0598,-0.6958,-0.0966,1.88
336,0.1.0,NSE,DVL.NS,down,2024-12-17,W,2,2,19.0,-5.03,Healthy,366.1040268175761,352.95465087890625,21,0.1736432001846,3.853859850738338,2026-10-08T16:38:03+00:00,replay,Confirmed,2025-01-01,10.0,-0.0119,-0.03,-0.0149,-0.0598,-0.0959,-0.0966,0.22
1188,0.1.0,NSE,TARC.NS,down,2024-12-17,W,2,4,49.0,4.47,Healthy,195.50999450683594,187.9199981689453,21,0.18919751691707365,7.118674273806671,2026-10-08T16:38:03+00:00,replay,Confirmed,2025-01-01,10.0,-0.0851,-0.03,-0.1863,-0.0598,-0.414,-0.0966,2.6
611,0.1.0,NSE,JINDALPHOT.NS,up,2024-12-16,A,2,8,79.0,18.19,Healthy,950.0,986.3499755859375,17,0.15712545676004863,7.613494073051744,2026-10-08T16:38:03+00:00,replay,Failed,2024-12-23,5.0,-0.0706,-0.0403,-0.2484,-0.0771,-0.3897,-0.1312,-3.78
74,0.1.0,NSE,APEX.NS,up,2024-12-16,B,2,6,58.0,1.19,Healthy,268.0587756239448,270.4139709472656,26,0.24210048251157312,5.825804739448947,2026-10-08T16:38:03+00:00,replay,Failed,2024-12-18,2.0,-0.1179,-0.0403,-0.1431,-0.0771,-0.1782,-0.1312,-3.72
295,0.1.0,NSE,DATAMATICS.NS,up,2024-12-16,C,1,5,44.0,-3.56,Healthy,663.5953736149409,670.3153686523438,62,0.30375683795948416,6.7617222812650475,2026-10-08T16:38:03+00:00,replay,Failed,2024-12-18,2.0,-0.0551,-0.0403,-0.1103,-0.0771,-0.1545,-0.1312,-2.78
687,0.1.0,NSE,KPRMILL.NS,up,2024-12-13,A,2,8,72.0,17.75,Healthy,1042.7578964498966,1069.841796875,54,0.21980888909560314,11.45934731909951,2026-10-08T16:38:03+00:00,replay,Failed,2024-12-27,9.0,0.0647,-0.0445,-0.1283,-0.0804,-0.167,-0.1363,-2.35
281,0.1.0,NSE,CRISIL.NS,up,2024-12-13,B,2,7,73.0,17.96,Healthy,5547.34195413301,5676.8779296875,15,0.10109337782965944,5.789057742793208,2026-10-08T16:38:03+00:00,replay,Faded,2024-12-30,10.0,-0.0112,-0.0445,0.0119,-0.0804,-0.2482,-0.1363,0.23
800,0.1.0,NSE,MUTHOOTFIN.NS,up,2024-12-12,A,2,8,72.0,7.54,Healthy,2036.3987726023058,2084.0087890625,61,0.18376470367074904,2.4905126023095905,2026-10-08T16:38:03+00:00,replay,Faded,2024-12-27,10.0,0.0045,-0.0217,-0.0145,-0.0866,0.0384,-0.1287,-0.28
778,0.1.0,NSE,MITTAL.NS,up,2024-12-12,B,2,6,68.0,-5.93,Healthy,2.319999933242798,2.490000009536743,41,0.35672507689347577,10.768256530876396,2026-10-08T16:38:03+00:00,replay,Failed,2024-12-16,2.0,-0.1446,-0.0217,-0.1968,-0.0866,-0.257,-0.1287,-2.05
361,0.1.0,NSE,EMAMILTD.NS,down,2024-12-12,W,2,3,26.0,-1.72,Healthy,591.6133761134688,585.4678955078125,17,0.21544235187870986,1.9496238775652808,2026-10-08T16:38:03+00:00,replay,Confirmed,2024-12-27,10.0,-0.0105,-0.0217,-0.0657,-0.0866,-0.0553,-0.1287,1.61
642,0.1.0,NSE,JUBLINGREA.NS,up,2024-12-11,A,2,8,86.0,24.23,Healthy,825.5475877295056,838.3204345703125,47,0.3037382564753328,7.054745329886492,2026-10-08T16:38:03+00:00,replay,Failed,2024-12-19,6.0,-0.0163,-0.0181,-0.1378,-0.0667,-0.2057,-0.1308,-3.08
337,0.1.0,NSE,DYNAMATECH.NS,up,2024-12-11,C,3,7,71.0,2.61,Healthy,8344.46257092918,8713.2939453125,42,0.24729853623524356,4.117070855955209,2026-10-08T16:38:03+00:00,replay,Faded,2024-12-26,10.0,-0.0467,-0.0181,-0.1128,-0.0667,-0.2902,-0.1308,-1.59
694,0.1.0,NSE,LATENTVIEW.NS,up,2024-12-11,C,4,3,34.0,-10.57,Healthy,510.0,516.25,21,0.1751152073732718,7.527296743580195,2026-10-08T16:38:03+00:00,replay,Failed,2024-12-18,5.0,-0.0582,-0.0181,-0.1176,-0.0667,-0.3069,-0.1308,-2.82
1156,0.1.0,NSE,SUNFLAG.NS,up,2024-12-11,C,1,5,68.0,-7.5,Healthy,248.0711758538427,258.232666015625,49,0.32606964327184595,31.31631042891981,2026-10-08T16:38:03+00:00,replay,Confirmed,2024-12-26,10.0,0.05,-0.0181,0.115,-0.0667,-0.1052,-0.1308,1.69
112,0.1.0,NSE,ASKAUTOLTD.NS,up,2024-12-10,A,2,8,80.0,21.8,Healthy,482.1855167892577,490.1341857910156,52,0.26743272743608815,1.976953505313629,2026-10-08T16:38:03+00:00,replay,Failed,2024-12-20,8.0,0.0195,-0.0094,-0.0337,-0.0544,-0.1771,-0.1307,-0.74
419,0.1.0,NSE,GHCL.NS,up,2024-12-10,A,2,8,70.0,10.79,Healthy,673.2987577056513,685.0950927734375,58,0.3148668212636332,7.703158875278686,2026-10-08T16:38:03+00:00,replay,Failed,2024-12-18,6.0,-0.0238,-0.0094,-0.0134,-0.0544,-0.106,-0.1307,-0.29
807,0.1.0,NSE,NAM-INDIA.NS,up,2024-12-10,A,2,8,83.0,14.49,Healthy,720.3515034422155,779.236572265625,22,0.12725075554434317,8.999891788056072,2026-10-08T16:38:03+00:00,replay,Confirmed,2024-12-24,10.0,-0.054,-0.0094,-0.1591,-0.0544,-0.3527,-0.1307,-1.54
622,0.1.0,NSE,JKLAKSHMI.NS,up,2024-12-10,C,1,3,35.0,-10.26,Healthy,828.1024614415171,839.336181640625,24,0.23138085789834273,2.926684066325331,2026-10-08T16:38:03+00:00,replay,Faded,2024-12-24,10.0,0.0139,-0.0094,-0.0611,-0.0544,-0.158,-0.1307,-1.42
1258,0.1.0,NSE,TTL.NS,up,2024-12-09,A,2,8,89.0,28.64,Healthy,17.309935882029617,18.14009666442871,19,0.14649262037592337,11.241056237603624,2026-10-08T16:38:03+00:00,replay,Failed,2024-12-12,3.0,-0.0864,0.0026,-0.183,-0.0455,-0.3591,-0.1223,-2.46
898,0.1.0,NSE,PDSL.NS,up,2024-12-09,B,2,6,52.0,-2.65,Healthy,562.5670400178817,581.5355224609375,24,0.1647909589380545,6.303168533547499,2026-10-08T16:38:03+00:00,replay,Confirmed,2024-12-23,10.0,0.0979,0.0026,-0.0094,-0.0455,-0.2394,-0.1223,-0.15
599,0.1.0,NSE,ITI.NS,up,2024-12-09,C,1,5,68.0,1.91,Healthy,344.6400146484375,368.1000061035156,17,0.27644449869791665,10.472753601867746,2026-10-08T16:38:03+00:00,replay,Faded,2024-12-23,10.0,0.0133,0.0026,0.3026,-0.0455,-0.2742,-0.1223,3.3
769,0.1.0,NSE,MCX.NS,up,2024-12-06,A,2,8,91.0,47.55,Healthy,1365.4266849227351,1375.3643798828125,26,0.18025006866403448,2.9681046688042776,2026-10-08T16:38:03+00:00,replay,Failed,2024-12-13,5.0,-0.0507,0.002,-0.1293,-0.0416,-0.3262,-0.1229,-3.49
1238,0.1.0,NSE,TIMETECHNO.NS,up,2024-12-06,A,2,8,93.0,49.58,Healthy,233.80228948101146,236.98379516601562,34,0.33445943618223883,2.6509811336894544,2026-10-08T16:38:03+00:00,replay,Faded,2024-12-20,10.0,0.0281,0.002,-0.0191,-0.0416,-0.1962,-0.1229,-0.45
153,0.1.0,NSE,BAJAJHCARE.NS,up,2024-12-06,B,2,7,60.0,13.92,Healthy,408.49968703521665,428.501953125,55,0.23220526184691126,12.615193954286497,2026-10-08T16:38:03+00:00,replay,Confirmed,2024-12-20,10.0,-0.0211,0.002,0.3743,-0.0416,0.4991,-0.1229,4.97
213,0.1.0,NSE,BSE.NS,up,2024-12-05,A,2,8,96.0,53.9,Healthy,1653.680721199846,1721.6531982421875,36,0.24943353440702087,3.295950917950239,2026-10-08T16:38:03+00:00,replay,Confirmed,2024-12-19,10.0,0.08,-0.0009,-0.0204,-0.0452,-0.1724,-0.1298,-0.3
1144,0.1.0,NSE,STYRENIX.NS,up,2024-12-05,A,2,8,84.0,22.51,Healthy,2577.6265259146685,2592.118408203125,65,0.16866538451215596,5.060023047246856,2026-10-08T16:38:03+00:00,replay,Confirmed,2024-12-19,10.0,0.1,-0.0009,0.0875,-0.0452,-0.0769,-0.1298,2.47
210,0.1.0,NSE,BPL.NS,up,2024-12-04,B,2,6,64.0,3.41,Healthy,125.0,127.05000305175781,32,0.3247138532371643,6.541012496526563,2026-10-08T16:38:03+00:00,replay,Failed,2024-12-10,4.0,-0.0723,0.0112,-0.1569,-0.0169,-0.3992,-0.1377,-3.44
707,0.1.0,NSE,LINCOLN.NS,up,2024-12-04,B,2,8,78.0,-6.77,Healthy,805.0562148593069,908.7685546875,58,0.3343596967995155,55.10309740962571,2026-10-08T16:38:03+00:00,replay,Confirmed,2024-12-18,10.0,0.0308,0.0112,-0.0654,-0.0169,-0.4077,-0.1377,-0.46
499,0.1.0,NSE,HEGAM.NS,up,2024-12-04,C,3,8,88.0,1.94,Healthy,518.5708989781285,576.3275756835938,34,0.3244590577483024,23.58132364592176,2026-10-08T16:38:03+00:00,replay,Confirmed,2024-12-18,10.0,-0.0226,0.0112,-0.0918,-0.0169,-0.3846,-0.1377,-0.72
1244,0.1.0,NSE,TMB.NS,up,2024-12-04,C,1,3,40.0,-4.29,Healthy,469.8046659926544,474.4124755859375,50,0.17053328263584078,1.852283184789881,2026-10-08T16:38:03+00:00,replay,Faded,2024-12-18,10.0,0.0093,0.0112,-0.0756,-0.0169,-0.1658,-0.1377,-1.92
215,0.1.0,NSE,BSL.NS,up,2024-12-03,A,2,8,84.0,11.94,Healthy,278.2914006155537,284.330810546875,19,0.2944879660276407,17.082157102713467,2026-10-08T16:38:03+00:00,replay,Failed,2024-12-04,1.0,-0.057,0.0128,-0.0281,-0.0087,-0.4208,-0.1357,-0.55
372,0.1.0,NSE,EPL.NS,up,2024-12-03,A,2,8,79.0,15.18,Healthy,270.9052220926808,278.7537536621094,17,0.1233205330887881,6.745832066600303,2026-10-08T16:38:03+00:00,replay,Faded,2024-12-17,10.0,-0.0298,0.0128,-0.0809,-0.0087,-0.3218,-0.1357,-1.41
47,0.1.0,NSE,AFFLE.NS,up,2024-12-02,A,2,8,78.0,16.49,Healthy,1682.949951171875,1736.199951171875,58,0.17820633044460377,9.150990888936324,2026-10-08T16:38:03+00:00,replay,Confirmed,2024-12-16,10.0,0.0359,0.02,0.0207,-0.0202,-0.1935,-0.1294,0.35
275,0.1.0,NSE,COSMOFIRST.NS,up,2024-12-02,A,2,8,75.0,9.11,Healthy,822.9302997411959,835.77001953125,56,0.1588941610506278,7.242565412959395,2026-10-08T16:38:03+00:00,replay,Faded,2024-12-16,10.0,0.0493,0.02,0.091,-0.0202,-0.2895,-0.1294,2.03
540,0.1.0,NSE,IGARASHI.NS,up,2024-12-02,A,2,8,84.0,29.79,Healthy,811.1530182204779,817.2589721679688,15,0.21225607764503795,2.751000876196142,2026-10-08T16:38:03+00:00,replay,Failed,2024-12-10,6.0,-0.0325,0.02,-0.0841,-0.0202,-0.3629,-0.1294,-2.26
900,0.1.0,NSE,PENIND.NS,up,2024-12-02,A,2,8,84.0,26.73,Healthy,215.0,219.1699981689453,28,0.282051305381694,2.331019087264906,2026-10-08T16:38:03+00:00,replay,Faded,2024-12-16,10.0,-0.0021,0.02,-0.071,-0.0202,-0.2848,-0.1294,-1.47
978,0.1.0,NSE,RAMCOSYS.NS,up,2024-12-02,A,2,8,85.0,12.43,Healthy,455.0,500.45001220703125,55,0.25951557093425603,40.87477333614962,2026-10-08T16:38:03+00:00,replay,Confirmed,2024-12-16,10.0,-0.008,0.02,-0.1355,-0.0202,-0.4199,-0.1294,-1.15
300,0.1.0,NSE,DCBBANK.NS,up,2024-12-02,C,1,4,39.0,-8.29,Healthy,122.55545186546806,125.3454818725586,45,0.14775967766509313,2.262986224206627,2026-10-08T16:38:03+00:00,replay,Confirmed,2024-12-16,10.0,0.0171,0.02,-0.054,-0.0202,-0.1829,-0.1294,-1.05
856,0.1.0,NSE,OAL.NS,down,2024-12-02,W,2,4,55.0,8.53,Healthy,464.274012543432,461.1326599121094,38,0.4105897052671066,1.5680955801265308,2026-10-08T16:38:03+00:00,replay,Failed,2024-12-05,3.0,0.0162,0.02,-0.1145,-0.0202,-0.4015,-0.1294,3.09
743,0.1.0,NSE,MANAKCOAT.NS,up,2024-11-29,A,2,8,92.0,39.57,Healthy,73.68977784426188,74.2047119140625,57,0.30061165362498454,2.745761427498063,2026-10-08T16:38:03+00:00,replay,Confirmed,2024-12-13,10.0,0.2759,0.0276,0.5886,-0.0137,0.0999,-0.1045,16.02
116,0.1.0,NSE,ASTERDM.NS,up,2024-11-27,A,2,8,80.0,14.71,Healthy,457.3091486768802,471.6986083984375,21,0.08920185911579637,7.147479372398647,2026-10-08T16:38:03+00:00,replay,Confirmed,2024-12-11,10.0,0.012,0.018,0.0694,-0.0109,-0.1473,-0.098,1.16
221,0.1.0,NSE,CAPACITE.NS,up,2024-11-27,A,2,8,78.0,12.46,Healthy,415.0,420.95001220703125,40,0.25948406676783,2.671695366361909,2026-10-08T16:38:03+00:00,replay,Confirmed,2024-12-11,10.0,0.0248,0.018,0.0487,-0.0109,-0.232,-0.098,1.11
1357,0.1.0,NSE,ZFCVINDIA.NS,down,2024-11-27,C,1,1,6.0,-9.38,Healthy,2240.5826521411464,2064.796630859375,21,0.13376844531964038,144.34651942624822,2026-10-08T16:38:03+00:00,replay,Confirmed,2024-12-11,10.0,0.0105,0.018,-0.05,-0.0109,-0.1301,-0.098,0.42
758,0.1.0,NSE,MARKSANS.NS,up,2024-11-26,A,2,8,96.0,52.7,Healthy,326.7417439390834,335.3872985839844,44,0.27664534913600836,3.1847057066902935,2026-10-08T16:38:03+00:00,replay,Faded,2024-12-10,10.0,0.0354,0.0203,-0.1401,-0.0059,-0.3302,-0.083,-2.55
697,0.1.0,NSE,LAURUSLABS.NS,up,2024-11-25,A,2,8,74.0,13.51,Healthy,515.930969565176,530.3585205078125,51,0.21297272588954752,1.620952845641794,2026-10-08T16:38:03+00:00,replay,Confirmed,2024-12-09,10.0,0.0841,0.0125,0.066,-0.0067,0.0088,-0.0764,1.17
1355,0.1.0,NSE,ZEELEARN.NS,down,2024-11-22,W,2,4,53.0,-3.35,Healthy,8.010000228881836,7.900000095367432,17,0.28589262127558035,2.532911508130156,2026-10-08T16:38:03+00:00,replay,Failed,2024-11-27,3.0,0.0519,0.0208,0.0392,0.0084,-0.1025,-0.0672,-0.88
29,0.1.0,NSE,ADANIENT.NS,down,2024-11-21,B,4,0,6.0,-9.95,Weak,2652.198620678871,2181.592529296875,17,0.15643959774091276,18.418957254980068,2026-10-08T16:38:03+00:00,replay,Confirmed,2024-12-05,10.0,0.1161,0.0318,0.0739,0.0228,0.0168,-0.0554,-0.29
94,0.1.0,NSE,ARTEMISMED.NS,up,2024-11-21,B,2,8,92.0,31.27,Weak,303.6462433765682,319.0926513671875,43,0.2214872587353669,18.36994634657909,2026-10-08T16:38:03+00:00,replay,Confirmed,2024-12-05,10.0,0.0353,0.0318,0.0126,0.0228,-0.1864,-0.0554,0.16
1104,0.1.0,NSE,SKYGOLD.NS,up,2024-11-21,B,2,8,99.0,88.44,Weak,368.5,377.0400085449219,17,0.19759501261267554,1.6009571272795218,2026-10-08T16:38:03+00:00,replay,Confirmed,2024-12-05,10.0,0.0108,0.0318,0.111,0.0228,-0.0708,-0.0554,2.14
138,0.1.0,NSE,AWL.NS,down,2024-11-21,C,1,0,14.0,-8.12,Weak,308.5880061975341,293.36749267578125,19,0.137330600283877,8.128463751480435,2026-10-08T16:38:03+00:00,replay,Faded,2024-12-05,10.0,0.0627,0.0318,-0.0136,0.0228,-0.1311,-0.0554,0.16
414,0.1.0,NSE,GARFIBRES.NS,up,2024-11-18,B,2,8,82.0,6.12,Weak,883.3197934747137,925.1680908203125,19,0.21949878286156688,12.294398016464664,2026-10-08T16:38:03+00:00,replay,Faded,2024-12-03,10.0,-0.0172,0.0303,-0.0132,0.0473,-0.2163,-0.0578,-0.18
627,0.1.0,NSE,JPOLYINVST.NS,up,2024-11-18,B,2,8,77.0,3.01,Weak,914.0,941.5,56,0.29415929203539815,17.9404268743203,2026-10-08T16:38:03+00:00,replay,Faded,2024-12-03,10.0,0.0421,0.0303,0.0185,0.0473,-0.2998,-0.0578,0.32
331,0.1.0,NSE,DREDGECORP.NS,down,2024-11-18,W,2,3,57.0,-2.54,Weak,834.0999755859375,823.4000244140625,45,0.4515646030914626,1.7253998524257224,2026-10-08T16:38:03+00:00,replay,Failed,2024-11-26,5.0,0.074,0.0303,0.0842,0.0473,-0.2632,-0.0578,-1.94
161,0.1.0,NSE,BANCOINDIA.NS,up,2024-11-14,A,2,8,83.0,24.96,Healthy,366.407444111213,392.16204833984375,29,0.23448833086448073,15.898606797665432,2026-10-08T16:38:03+00:00,replay,Confirmed,2024-12-02,10.0,0.3471,0.0269,0.3128,0.0516,-0.1557,-0.0482,3.34
1301,0.1.0,NSE,VENUSPIPES.NS,down,2024-11-14,A,3,2,29.0,-12.97,Healthy,1726.6214027718322,1672.2464599609375,17,0.13649503944029773,5.266266146608074,2026-10-08T16:38:03+00:00,replay,Confirmed,2024-12-02,10.0,0.0017,0.0269,-0.0157,0.0516,-0.1817,-0.0482,0.25
298,0.1.0,NSE,DBL.NS,down,2024-11-14,W,2,5,53.0,-4.46,Healthy,456.0319144681712,453.1950988769531,17,0.11568265619943441,1.8038348282571766,2026-10-08T16:38:03+00:00,replay,Failed,2024-11-28,8.0,-0.0221,0.0269,0.072,0.0516,-0.1061,-0.0482,-1.98
1176,0.1.0,NSE,SWSOLAR.NS,down,2024-11-13,A,3,3,26.0,-11.99,Healthy,504.04998779296875,483.8999938964844,26,0.27308804235226014,1.6250053765826615,2026-10-08T16:38:03+00:00,replay,Confirmed,2024-11-29,10.0,-0.0082,0.0142,-0.0039,0.0656,-0.4046,-0.046,0.05
1292,0.1.0,NSE,VAIBHAVGBL.NS,down,2024-11-13,B,4,0,4.0,-26.37,Healthy,258.4323815147311,256.7662353515625,15,0.10001798598445166,1.5289034181666705,2026-10-08T16:38:03+00:00,replay,Failed,2024-11-27,8.0,0.0248,0.0142,0.2321,0.0656,-0.0113,-0.046,-6.33
1223,0.1.0,NSE,THEJO.NS,down,2024-11-13,C,1,2,13.0,-12.08,Healthy,2102.899674977638,1993.6375732421875,16,0.1498402069905691,4.0024681638775705,2026-10-08T16:38:03+00:00,replay,Faded,2024-11-29,10.0,0.038,0.0142,0.0811,0.0656,-0.1893,-0.046,-0.94
73,0.1.0,NSE,APEX.NS,down,2024-11-13,W,2,3,23.0,2.29,Healthy,222.71877496722507,219.2500457763672,27,0.20357511693116992,2.24670295647995,2026-10-08T16:38:03+00:00,replay,Failed,2024-11-19,3.0,0.0933,0.0142,0.2334,0.0656,-0.044,-0.046,-5.04
165,0.1.0,NSE,BASF.NS,down,2024-11-13,W,2,6,90.0,64.06,Healthy,6301.441057528565,6266.0703125,60,0.37383121536350883,2.5846332175221995,2026-10-08T16:38:03+00:00,replay,Faded,2024-11-29,10.0,-0.1112,0.0142,-0.1098,0.0656,-0.3186,-0.046,3.07
680,0.1.0,NSE,KOPRAN.NS,down,2024-11-13,W,2,3,26.0,8.15,Healthy,252.71872836382988,232.19215393066406,65,0.41323829346620067,2.7021669069394685,2026-10-08T16:38:03+00:00,replay,Confirmed,2024-11-29,10.0,-0.0867,0.0142,-0.111,0.0656,-0.2748,-0.046,0.92
137,0.1.0,NSE,AWHCL.NS,down,2024-11-12,W,2,5,60.0,30.3,Healthy,666.249416393436,641.0816040039062,37,0.2882627272900833,4.261766059338195,2026-10-08T16:38:03+00:00,replay,Confirmed,2024-11-28,10.0,-0.0391,-0.0228,0.02,0.046,-0.1026,-0.0618,-0.28
921,0.1.0,NSE,PIXTRANS.NS,up,2024-11-11,A,2,8,85.0,13.2,Healthy,1712.482303864893,1998.1103515625,63,0.25828729148356744,4.167277125447397,2026-10-08T16:38:03+00:00,replay,Confirmed,2024-11-27,10.0,0.1064,-0.026,0.1805,0.0294,0.0361,-0.054,1.07
549,0.1.0,NSE,INDHOTEL.NS,up,2024-11-08,A,2,8,79.0,19.89,Healthy,715.1527028657478,727.51123046875,32,0.11542036504398312,9.124664721530241,2026-10-08T16:38:03+00:00,replay,Faded,2024-11-26,10.0,0.0059,-0.033,0.1412,0.0315,0.0804,-0.0441,3.04
1305,0.1.0,NSE,VIJAYA.NS,up,2024-11-08,A,2,8,87.0,39.86,Healthy,1103.8922576230393,1115.652099609375,18,0.25122854490641733,7.983094673187375,2026-10-08T16:38:03+00:00,replay,Failed,2024-11-11,1.0,-0.0986,-0.033,-0.0175,0.0315,0.013,-0.0441,-0.43
877,0.1.0,NSE,PAGEIND.NS,up,2024-11-08,B,2,7,68.0,17.46,Healthy,45297.05852564387,46451.00390625,17,0.1066287789589988,7.37007538558692,2026-10-08T16:38:03+00:00,replay,Failed,2024-11-18,5.0,-0.0763,-0.033,-0.0143,0.0315,-0.0997,-0.0441,-0.26
194,0.1.0,NSE,BIRLANU.NS,down,2024-11-08,C,1,3,13.0,-15.69,Healthy,2564.580175750679,2446.654541015625,60,0.19192690673742985,6.259409038580748,2026-10-08T16:38:03+00:00,replay,Confirmed,2024-11-26,10.0,-0.0273,-0.033,0.0368,0.0315,-0.225,-0.0441,-0.46
132,0.1.0,NSE,AVALON.NS,up,2024-11-07,A,2,8,76.0,4.2,Healthy,667.0,707.5999755859375,31,0.2645748119505087,18.00467484351498,2026-10-08T16:38:03+00:00,replay,Confirmed,2024-11-25,10.0,0.0932,-0.037,0.2512,0.0223,0.0358,-0.0497,2.93
526,0.1.0,NSE,ICEMAKE.NS,up,2024-11-07,A,2,8,83.0,25.61,Healthy,923.3062711244062,928.7605590820312,65,0.46054385096967554,5.047886570534284,2026-10-08T16:38:03+00:00,replay,Failed,2024-11-08,1.0,-0.1232,-0.037,-0.1089,0.0223,-0.2103,-0.0497,-3.05
82,0.1.0,NSE,APOLLOHOSP.NS,up,2024-11-07,B,2,7,64.0,4.02,Healthy,7279.1268982275415,7386.46875,27,0.08764218310502381,8.083170048680197,2026-10-08T16:38:03+00:00,replay,Failed,2024-11-12,3.0,-0.076,-0.037,-0.0224,0.0223,-0.0742,-0.0497,-0.51
302,0.1.0,NSE,DCMSHRIRAM.NS,up,2024-11-07,B,2,7,55.0,-1.44,Healthy,1189.5371470331768,1233.776123046875,47,0.26894253947023317,17.343781722571112,2026-10-08T16:38:03+00:00,replay,Faded,2024-11-25,10.0,0.0393,-0.037,-0.1183,0.0223,-0.138,-0.0497,-1.83
309,0.1.0,NSE,DEEPINDS.NS,up,2024-11-06,A,2,8,92.0,48.26,Healthy,504.8330725612699,519.8938598632812,16,0.2222621609692237,2.0829881329512228,2026-10-08T16:38:03+00:00,replay,Failed,2024-11-11,3.0,-0.079,-0.0485,0.1027,0.0113,0.0465,-0.0541,1.77
340,0.1.0,NSE,ECLERX.NS,up,2024-11-06,A,2,8,74.0,7.56,Healthy,1607.2066756418824,1641.1044921875,22,0.2134585308002197,8.048577361079943,2026-10-08T16:38:03+00:00,replay,Faded,2024-11-22,10.0,0.0114,-0.0485,0.1199,0.0113,0.0043,-0.0541,2.4
503,0.1.0,NSE,HERANBA.NS,up,2024-11-06,A,2,8,83.0,20.32,Healthy,530.1240755131777,542.6356811523438,34,0.22494808252776632,3.1580351153337634,2026-10-08T16:38:03+00:00,replay,Failed,2024-11-12,4.0,-0.1491,-0.0485,-0.1014,0.0113,-0.3813,-0.0541,-1.94
1067,0.1.0,NSE,SHAILY.NS,up,2024-11-06,A,2,8,96.0,50.09,Healthy,1089.1172540821265,1153.65576171875,31,0.25243937883230627,2.8394414991927337,2026-10-08T16:38:03+00:00,replay,Faded,2024-11-22,10.0,-0.0823,-0.0485,0.1642,0.0113,0.4089,-0.0541,1.95
983,0.1.0,NSE,RATEGAIN.NS,up,2024-11-06,C,1,5,50.0,-4.51,Healthy,825.3499755859375,833.0499877929688,60,0.17220565857724712,1.509041691925476,2026-10-08T16:38:03+00:00,replay,Failed,2024-11-12,4.0,-0.1395,-0.0485,-0.1322,0.0113,-0.1794,-0.0541,-3.39
1230,0.1.0,NSE,TI.NS,up,2024-11-05,A,2,8,83.0,9.09,Healthy,328.0262230469712,338.1165466308594,36,0.24149427582487015,14.730227104409883,2026-10-08T16:38:03+00:00,replay,Faded,2024-11-21,10.0,0.0052,-0.0154,0.2688,0.0279,0.1784,-0.042,4.56
1096,0.1.0,NSE,SIRCA.NS,up,2024-11-05,C,1,4,35.0,-9.74,Healthy,360.32675678820374,364.06048583984375,65,0.23105930887918125,3.8513101543606374,2026-10-08T16:38:03+00:00,replay,Failed,2024-11-11,4.0,-0.0409,-0.0154,-0.0725,0.0279,-0.161,-0.042,-1.81
616,0.1.0,NSE,JINDRILL.NS,up,2024-11-04,C,1,4,37.0,-8.99,Healthy,699.8990899439896,707.338134765625,65,0.23169037955228888,6.576275587308736,2026-10-08T16:38:03+00:00,replay,Confirmed,2024-11-19,10.0,0.0397,0.0032,0.124,0.0337,0.3309,-0.0495,3.08
1115,0.1.0,NSE,SOLARINDS.NS,down,2024-11-04,W,2,5,70.0,8.7,Healthy,9955.705351580022,9875.900390625,56,0.21635200827430423,2.010510524217721,2026-10-08T16:38:03+00:00,replay,Faded,2024-11-19,10.0,0.0319,0.0032,0.095,0.0337,-0.0382,-0.0495,-2.48
751,0.1.0,NSE,MANYAVAR.NS,up,2024-10-31,A,2,8,70.0,4.77,Healthy,1349.796756029246,1367.1092529296875,22,0.12741354485153855,2.1637333138970436,2026-10-08T16:38:03+00:00,replay,Failed,2024-11-13,9.0,-0.0052,0.0052,-0.0116,0.0146,-0.3338,-0.0489,-0.28
974,0.1.0,NSE,RAINBOW.NS,up,2024-10-31,A,2,8,76.0,6.14,Healthy,1512.1258433952992,1607.21240234375,24,0.1376029947629498,9.379952944822874,2026-10-08T16:38:03+00:00,replay,Confirmed,2024-11-14,10.0,-0.0121,0.0052,0.0225,0.0146,-0.118,-0.0489,0.26
1270,0.1.0,NSE,UDS.NS,up,2024-10-31,B,2,7,74.0,2.88,Healthy,402.8140215402051,407.19244384765625,33,0.1774288117190086,2.968482831380386,2026-10-08T16:38:03+00:00,replay,Failed,2024-11-13,9.0,0.0243,0.0052,0.0007,0.0146,-0.1687,-0.0489,0.02
939,0.1.0,NSE,POLYMED.NS,up,2024-10-30,A,2,8,93.0,31.47,Healthy,2673.2015467288547,2779.86572265625,40,0.19694876015150387,5.194361603849039,2026-10-08T16:38:03+00:00,replay,Faded,2024-11-13,10.0,0.0175,0.0124,-0.0164,0.0038,-0.1742,-0.0638,-0.24
519,0.1.0,NSE,HONAUT.NS,down,2024-10-30,W,2,3,35.0,3.13,Healthy,46567.300240353274,44941.75,17,0.11042655783692945,13.489144785388637,2026-10-08T16:38:03+00:00,replay,Confirmed,2024-11-13,10.0,-0.0008,0.0124,-0.0983,0.0038,-0.1037,-0.0638,1.46
1098,0.1.0,NSE,SJS.NS,up,2024-10-29,A,2,8,92.0,28.54,Healthy,1133.6151838572866,1145.6717529296875,50,0.2758059288569441,6.547693590385805,2026-10-08T16:38:03+00:00,replay,Confirmed,2024-11-12,10.0,0.0559,-0.0051,0.0869,-0.0047,-0.1768,-0.068,2.16
537,0.1.0,NSE,IFBIND.NS,down,2024-10-29,W,2,4,63.0,30.6,Healthy,1698.0,1523.050048828125,16,0.38981148547924027,10.23953011267175,2026-10-08T16:38:03+00:00,replay,Confirmed,2024-11-12,10.0,0.0432,-0.0051,0.1031,-0.0047,-0.0933,-0.068,-0.7
1074,0.1.0,NSE,SHARDACROP.NS,up,2024-10-28,A,2,8,84.0,25.22,Healthy,619.7270212685058,635.102294921875,43,0.1983252855819353,8.538002747606962,2026-10-08T16:38:03+00:00,replay,Confirmed,2024-11-11,10.0,0.1682,-0.0058,0.2174,-0.006,-0.1627,-0.0762,4.07
102,0.1.0,NSE,ASHAPURMIN.NS,down,2024-10-28,B,4,0,2.0,-22.53,Healthy,277.30460148486947,241.89556884765625,15,0.21861562554473934,7.796237337867712,2026-10-08T16:38:03+00:00,replay,Confirmed,2024-11-11,10.0,0.0192,-0.0058,0.3128,-0.006,0.9375,-0.0762,-1.73
248,0.1.0,NSE,CHOLAFIN.NS,down,2024-10-28,W,2,4,34.0,0.08,Healthy,1299.2070090211714,1277.113037109375,52,0.26833012454464167,4.169997970266972,2026-10-08T16:38:03+00:00,replay,Faded,2024-11-11,10.0,-0.0227,-0.0058,-0.0094,-0.006,-0.0302,-0.0762,0.2
259,0.1.0,NSE,CMSINFO.NS,down,2024-10-28,W,2,6,58.0,21.08,Healthy,500.2582458566645,480.2729187011719,34,0.1840967951534902,4.260885140197076,2026-10-08T16:38:03+00:00,replay,Failed,2024-10-31,3.0,0.0802,-0.0058,-0.0261,-0.006,-0.1596,-0.0762,0.36
504,0.1.0,NSE,HERITGFOOD.NS,down,2024-10-28,W,2,6,83.0,24.32,Healthy,517.3673254395948,503.5347595214844,57,0.25760921826561867,1.5755005513495455,2026-10-08T16:38:03+00:00,replay,Faded,2024-11-11,10.0,0.0131,-0.0058,-0.0424,-0.006,-0.212,-0.0762,0.73
1106,0.1.0,NSE,SMCGLOBAL.NS,down,2024-10-28,W,2,5,53.0,4.94,Healthy,67.28100911905683,66.45426177978516,15,0.21263285903782303,2.3686905802737592,2026-10-08T16:38:03+00:00,replay,Failed,2024-10-30,2.0,0.0178,-0.0058,0.1001,-0.006,-0.091,-0.0762,-2.34
1315,0.1.0,NSE,VOLTAMP.NS,down,2024-10-28,W,2,5,75.0,17.83,Healthy,11155.723391931215,10293.912109375,15,0.2530327039882998,8.782674468191976,2026-10-08T16:38:03+00:00,replay,Failed,2024-11-01,4.0,0.0566,-0.0058,-0.0455,-0.006,-0.3326,-0.0762,0.39
941,0.1.0,NSE,POONAWALLA.NS,down,2024-10-25,B,4,0,4.0,-35.58,Healthy,341.0,297.04998779296875,56,0.21407624633431088,6.733422818757671,2026-10-08T16:38:03+00:00,replay,Failed,2024-10-30,3.0,0.2734,0.0144,0.2208,0.0086,0.0421,-0.0706,-1.21
355,0.1.0,NSE,ELECON.NS,down,2024-10-25,W,2,4,40.0,-7.65,Healthy,558.1168381746853,537.8080444335938,56,0.31512433331763745,2.3747788256249907,2026-10-08T16:38:03+00:00,replay,Failed,2024-11-01,5.0,0.0761,0.0144,0.0769,0.0086,-0.0273,-0.0706,-1.12
838,0.1.0,NSE,NIITMTS.NS,down,2024-10-24,A,3,4,24.0,-3.79,Healthy,433.6395040684587,426.99932861328125,50,0.22057494798668942,1.5210173775744877,2026-10-08T16:38:03+00:00,replay,Failed,2024-11-07,10.0,0.0,-0.0043,0.0421,-0.0099,0.0818,-0.0645,-0.92
947,0.1.0,NSE,PPLPHARMA.NS,up,2024-10-24,A,2,8,95.0,32.6,Healthy,243.83202633470472,255.67434692382812,30,0.1646300934072189,10.389097246697844,2026-10-08T16:38:03+00:00,replay,Confirmed,2024-11-07,10.0,0.0494,-0.0043,-0.0273,-0.0099,-0.0891,-0.0645,-0.36
351,0.1.0,NSE,EIMCOELECO.NS,down,2024-10-23,W,2,5,69.0,27.77,Healthy,2579.00780961914,2497.238037109375,44,0.3103241067915179,1.803552313163649,2026-10-08T16:38:03+00:00,replay,Faded,2024-11-06,10.0,0.045,-0.004,0.0096,-0.0126,-0.2733,-0.057,-0.15
738,0.1.0,NSE,MAHLOG.NS,down,2024-10-23,W,2,4,32.0,-1.26,Healthy,451.9780320542735,438.5466003417969,23,0.12301982728829075,2.342008715158786,2026-10-08T16:38:03+00:00,replay,Confirmed,2024-11-06,10.0,-0.0772,-0.004,-0.1215,-0.0126,-0.1787,-0.057,1.97
1022,0.1.0,NSE,RTNPOWER.NS,down,2024-10-23,W,2,5,74.0,11.39,Healthy,14.229999542236328,13.869999885559082,22,0.20801132024183522,2.163150953905148,2026-10-08T16:38:03+00:00,replay,Failed,2024-11-01,7.0,0.013,-0.004,-0.0671,-0.0126,-0.0894,-0.057,1.18
357,0.1.0,NSE,ELECTCAST.NS,down,2024-10-22,W,2,4,58.0,2.6,Healthy,175.86273960065023,158.8667449951172,65,0.3100469433248867,2.922363085423908,2026-10-08T16:38:03+00:00,replay,Confirmed,2024-11-05,10.0,0.0688,-0.0009,-0.1117,-0.0258,-0.2454,-0.0621,0.8
648,0.1.0,NSE,KAJARIACER.NS,down,2024-10-22,W,2,4,26.0,-5.82,Healthy,1297.3722717104042,1262.6651611328125,40,0.19406777938868847,1.7843936808467917,2026-10-08T16:38:03+00:00,replay,Confirmed,2024-11-05,10.0,-0.0603,-0.0009,-0.085,-0.0258,-0.195,-0.0621,1.46
1161,0.1.0,NSE,SUPREMEIND.NS,down,2024-10-22,W,2,3,28.0,-5.5,Healthy,4833.909812283674,4407.36083984375,54,0.16258980996148997,5.109138261429572,2026-10-08T16:38:03+00:00,replay,Confirmed,2024-11-05,10.0,-0.0333,-0.0009,0.0165,-0.0258,-0.1322,-0.0621,-0.13
718,0.1.0,NSE,LTF.NS,down,2024-10-21,A,3,4,24.0,-9.3,Healthy,155.38357048434233,153.74693298339844,45,0.18777422323942927,2.101631262621328,2026-10-08T16:38:03+00:00,replay,Confirmed,2024-11-04,10.0,-0.0988,-0.0264,-0.1272,-0.062,-0.0745,-0.0787,3.11
691,0.1.0,NSE,KSOLVES.NS,down,2024-10-21,B,4,0,11.0,-19.38,Healthy,463.7327145290557,457.3006896972656,44,0.09659002641701342,2.4285805585735285,2026-10-08T16:38:03+00:00,replay,Faded,2024-11-04,10.0,-0.0223,-0.0264,-0.022,-0.062,0.0083,-0.0787,0.49
570,0.1.0,NSE,INDUSINDBK.NS,down,2024-10-21,C,1,1,11.0,-18.66,Healthy,1327.050572292554,1306.134521484375,51,0.12699365312044741,1.745157080050746,2026-10-08T16:38:03+00:00,replay,Confirmed,2024-11-04,10.0,-0.1937,-0.0264,-0.2498,-0.062,-0.2659,-0.0787,5.37
556,0.1.0,NSE,INDIAMART.NS,down,2024-10-21,W,2,4,15.0,-0.8,Healthy,2500.184357723811,2388.181884765625,53,0.2093287891309683,19.457840467165298,2026-10-08T16:38:03+00:00,replay,Confirmed,2024-11-04,10.0,0.0029,-0.0264,-0.1015,-0.062,-0.0852,-0.0787,1.3
899,0.1.0,NSE,PENIND.NS,up,2024-10-18,A,2,8,83.0,26.43,Healthy,204.1199951171875,207.38999938964844,56,0.25790343096594714,9.477732111032848,2026-10-08T16:38:03+00:00,replay,Failed,2024-10-22,2.0,-0.1066,-0.0402,-0.1234,-0.0613,-0.1472,-0.0696,-2.72
954,0.1.0,NSE,PRIVISCL.NS,up,2024-10-18,B,2,7,,21.4,Healthy,1711.6597710415774,1754.7000732421875,57,0.23452361258597598,5.851083338682023,2026-10-08T16:38:03+00:00,replay,Failed,2024-10-25,5.0,-0.0625,-0.0402,0.0145,-0.0613,0.066,-0.0696,0.27
514,0.1.0,NSE,HIRECT.NS,up,2024-10-17,B,2,7,,14.96,Healthy,505.0123234740631,532.592041015625,37,0.3102154430774682,9.84627436794784,2026-10-08T16:38:03+00:00,replay,Faded,2024-10-31,10.0,-0.0203,-0.0252,0.0832,-0.0632,0.2116,-0.0726,1.04
